{"context":"API","level":"info","message":"🚀 Report API running → http://localhost:3000","timestamp":"2026-03-07T06:06:58.750Z"}
{"context":"API","level":"info","message":"   GET  /api/reports                — list all reports","timestamp":"2026-03-07T06:06:58.751Z"}
{"context":"API","level":"info","message":"   GET  /api/reports/:uuid/pdf      — download PDF","timestamp":"2026-03-07T06:06:58.752Z"}
{"context":"API","level":"info","message":"   GET  /api/reports/:uuid/view     — view PDF in browser","timestamp":"2026-03-07T06:06:58.753Z"}
{"context":"API","level":"info","message":"   GET  /api/health                 — server + DB status","timestamp":"2026-03-07T06:06:58.753Z"}
{"context":"API","level":"info","message":"GET /socket.io/","timestamp":"2026-03-07T06:07:00.056Z"}
{"context":"API","level":"info","message":"GET /socket.io/","timestamp":"2026-03-07T06:07:07.142Z"}
{"context":"API","level":"info","message":"GET /socket.io/","timestamp":"2026-03-07T06:07:12.182Z"}
{"context":"API","level":"info","message":"GET /socket.io/","timestamp":"2026-03-07T06:07:19.628Z"}
{"context":"API","level":"info","message":"GET /socket.io/","timestamp":"2026-03-07T06:07:25.028Z"}
{"context":"API","level":"info","message":"GET /socket.io/","timestamp":"2026-03-07T06:07:30.331Z"}
{"context":"API","level":"info","message":"GET /socket.io/","timestamp":"2026-03-07T06:07:35.346Z"}
{"context":"API","level":"info","message":"GET /socket.io/","timestamp":"2026-03-07T06:07:40.792Z"}
{"context":"API","level":"info","message":"GET /socket.io/","timestamp":"2026-03-07T06:07:45.808Z"}
{"context":"API","level":"info","message":"GET /socket.io/","timestamp":"2026-03-07T06:07:50.826Z"}
{"context":"API","level":"info","message":"GET /socket.io/","timestamp":"2026-03-07T06:07:55.945Z"}
{"context":"API","level":"info","message":"GET /socket.io/","timestamp":"2026-03-07T06:08:00.982Z"}
{"context":"API","level":"info","message":"GET /socket.io/","timestamp":"2026-03-07T06:08:06.075Z"}
{"context":"API","level":"info","message":"GET /socket.io/","timestamp":"2026-03-07T06:08:11.222Z"}
{"context":"API","level":"info","message":"GET /socket.io/","timestamp":"2026-03-07T06:08:16.254Z"}
{"context":"API","level":"info","message":"GET /socket.io/","timestamp":"2026-03-07T06:08:21.947Z"}
{"context":"API","level":"info","message":"GET /socket.io/","timestamp":"2026-03-07T06:08:26.975Z"}
{"context":"API","level":"info","message":"GET /socket.io/","timestamp":"2026-03-07T06:08:32.402Z"}
{"context":"API","level":"info","message":"GET /socket.io/","timestamp":"2026-03-07T06:08:37.692Z"}
{"context":"API","level":"info","message":"GET /socket.io/","timestamp":"2026-03-07T06:08:43.965Z"}
{"context":"API","level":"info","message":"GET /socket.io/","timestamp":"2026-03-07T06:08:49.652Z"}
{"context":"API","level":"info","message":"GET /socket.io/","timestamp":"2026-03-07T06:08:55.272Z"}
{"context":"API","level":"info","message":"GET /socket.io/","timestamp":"2026-03-07T06:09:00.367Z"}
{"context":"API","level":"info","message":"GET /socket.io/","timestamp":"2026-03-07T06:09:05.677Z"}
{"context":"API","level":"info","message":"GET /socket.io/","timestamp":"2026-03-07T06:09:11.191Z"}
{"context":"API","level":"info","message":"GET /socket.io/","timestamp":"2026-03-07T06:09:16.401Z"}
{"context":"API","level":"info","message":"GET /socket.io/","timestamp":"2026-03-07T06:09:21.734Z"}
{"context":"API","level":"info","message":"GET /socket.io/","timestamp":"2026-03-07T06:09:26.785Z"}
{"context":"API","level":"info","message":"GET /socket.io/","timestamp":"2026-03-07T06:09:31.814Z"}
{"context":"API","level":"info","message":"GET /socket.io/","timestamp":"2026-03-07T06:09:36.855Z"}
{"context":"API","level":"info","message":"GET /socket.io/","timestamp":"2026-03-07T06:09:41.873Z"}
{"context":"API","level":"info","message":"GET /socket.io/","timestamp":"2026-03-07T06:09:46.928Z"}
{"context":"API","level":"info","message":"GET /socket.io/","timestamp":"2026-03-07T06:09:51.979Z"}
{"context":"API","level":"info","message":"GET /socket.io/","timestamp":"2026-03-07T06:09:57.044Z"}
{"context":"API","level":"info","message":"GET /socket.io/","timestamp":"2026-03-07T06:10:02.089Z"}
{"context":"API","level":"info","message":"GET /socket.io/","timestamp":"2026-03-07T06:10:07.205Z"}
{"context":"API","level":"info","message":"GET /socket.io/","timestamp":"2026-03-07T06:10:12.578Z"}
{"context":"API","level":"info","message":"GET /socket.io/","timestamp":"2026-03-07T06:10:18.304Z"}
{"context":"API","level":"info","message":"GET /socket.io/","timestamp":"2026-03-07T06:10:23.326Z"}
{"context":"API","level":"info","message":"GET /socket.io/","timestamp":"2026-03-07T06:10:28.357Z"}
{"context":"API","level":"info","message":"GET /socket.io/","timestamp":"2026-03-07T06:10:33.391Z"}
{"context":"API","level":"info","message":"GET /socket.io/","timestamp":"2026-03-07T06:10:38.414Z"}
{"context":"API","level":"info","message":"GET /socket.io/","timestamp":"2026-03-07T06:10:43.453Z"}
{"context":"API","level":"info","message":"GET /socket.io/","timestamp":"2026-03-07T06:10:57.039Z"}
{"context":"API","level":"info","message":"GET /socket.io/","timestamp":"2026-03-07T06:11:02.138Z"}
{"context":"API","level":"info","message":"GET /socket.io/","timestamp":"2026-03-07T06:11:07.264Z"}
{"context":"API","level":"info","message":"GET /socket.io/","timestamp":"2026-03-07T06:11:12.944Z"}
{"context":"API","level":"info","message":"GET /socket.io/","timestamp":"2026-03-07T06:11:18.015Z"}
{"context":"API","level":"info","message":"GET /socket.io/","timestamp":"2026-03-07T06:11:23.235Z"}
{"context":"API","level":"info","message":"GET /socket.io/","timestamp":"2026-03-07T06:11:30.263Z"}
{"context":"API","level":"info","message":"GET /socket.io/","timestamp":"2026-03-07T06:11:35.879Z"}
{"context":"API","level":"info","message":"GET /socket.io/","timestamp":"2026-03-07T06:11:41.200Z"}
{"context":"API","level":"info","message":"GET /socket.io/","timestamp":"2026-03-07T06:11:46.952Z"}
{"context":"API","level":"info","message":"GET /socket.io/","timestamp":"2026-03-07T06:11:52.321Z"}
{"context":"API","level":"info","message":"GET /socket.io/","timestamp":"2026-03-07T06:12:00.868Z"}
{"context":"API","level":"info","message":"GET /socket.io/","timestamp":"2026-03-07T06:12:05.948Z"}
{"context":"API","level":"info","message":"GET /socket.io/","timestamp":"2026-03-07T06:12:11.506Z"}
{"context":"API","level":"info","message":"GET /socket.io/","timestamp":"2026-03-07T06:12:16.553Z"}
{"context":"API","level":"info","message":"GET /socket.io/","timestamp":"2026-03-07T06:12:21.917Z"}
{"context":"API","level":"info","message":"GET /socket.io/","timestamp":"2026-03-07T06:12:26.941Z"}
{"context":"API","level":"info","message":"GET /socket.io/","timestamp":"2026-03-07T06:12:32.000Z"}
{"context":"API","level":"info","message":"GET /socket.io/","timestamp":"2026-03-07T06:12:37.461Z"}
{"context":"API","level":"info","message":"GET /socket.io/","timestamp":"2026-03-07T06:12:42.499Z"}
{"context":"API","level":"info","message":"GET /socket.io/","timestamp":"2026-03-07T06:12:48.334Z"}
{"context":"API","level":"info","message":"GET /socket.io/","timestamp":"2026-03-07T06:12:53.383Z"}
{"context":"API","level":"info","message":"GET /socket.io/","timestamp":"2026-03-07T06:12:58.867Z"}
{"context":"API","level":"info","message":"GET /socket.io/","timestamp":"2026-03-07T06:13:03.977Z"}
{"context":"API","level":"info","message":"GET /socket.io/","timestamp":"2026-03-07T06:13:08.999Z"}
{"context":"API","level":"info","message":"GET /socket.io/","timestamp":"2026-03-07T06:13:14.083Z"}
{"context":"API","level":"info","message":"GET /socket.io/","timestamp":"2026-03-07T06:13:19.104Z"}
{"context":"API","level":"info","message":"GET /socket.io/","timestamp":"2026-03-07T06:13:24.188Z"}
{"context":"API","level":"info","message":"GET /socket.io/","timestamp":"2026-03-07T06:13:29.213Z"}
{"context":"API","level":"info","message":"GET /socket.io/","timestamp":"2026-03-07T06:13:34.262Z"}
{"context":"API","level":"info","message":"GET /socket.io/","timestamp":"2026-03-07T06:13:39.938Z"}
{"context":"API","level":"info","message":"GET /socket.io/","timestamp":"2026-03-07T06:13:45.046Z"}
{"context":"API","level":"info","message":"GET /socket.io/","timestamp":"2026-03-07T06:13:50.267Z"}
{"context":"API","level":"info","message":"GET /socket.io/","timestamp":"2026-03-07T06:13:55.377Z"}
{"context":"API","level":"info","message":"GET /socket.io/","timestamp":"2026-03-07T06:14:00.724Z"}
{"context":"API","level":"info","message":"GET /socket.io/","timestamp":"2026-03-07T06:14:05.885Z"}
{"context":"API","level":"info","message":"GET /socket.io/","timestamp":"2026-03-07T06:14:11.014Z"}
{"context":"API","level":"info","message":"GET /socket.io/","timestamp":"2026-03-07T06:14:18.396Z"}
{"context":"API","level":"info","message":"GET /socket.io/","timestamp":"2026-03-07T06:14:23.581Z"}
{"context":"API","level":"info","message":"GET /socket.io/","timestamp":"2026-03-07T06:14:28.672Z"}
{"context":"API","level":"info","message":"GET /socket.io/","timestamp":"2026-03-07T06:14:33.776Z"}
{"context":"API","level":"info","message":"GET /socket.io/","timestamp":"2026-03-07T06:14:38.964Z"}
{"context":"API","level":"info","message":"GET /socket.io/","timestamp":"2026-03-07T06:14:44.045Z"}
{"context":"API","level":"info","message":"GET /socket.io/","timestamp":"2026-03-07T06:14:49.136Z"}
{"context":"API","level":"info","message":"GET /socket.io/","timestamp":"2026-03-07T06:14:54.152Z"}
{"context":"API","level":"info","message":"GET /socket.io/","timestamp":"2026-03-07T06:14:59.952Z"}
{"context":"API","level":"info","message":"GET /socket.io/","timestamp":"2026-03-07T06:15:05.082Z"}
{"context":"API","level":"info","message":"GET /socket.io/","timestamp":"2026-03-07T06:15:11.573Z"}
{"context":"API","level":"info","message":"GET /socket.io/","timestamp":"2026-03-07T06:15:16.843Z"}
{"context":"API","level":"info","message":"GET /socket.io/","timestamp":"2026-03-07T06:15:22.044Z"}
{"context":"API","level":"info","message":"GET /socket.io/","timestamp":"2026-03-07T06:15:27.093Z"}
{"context":"API","level":"info","message":"GET /socket.io/","timestamp":"2026-03-07T06:15:32.114Z"}
{"context":"API","level":"info","message":"GET /socket.io/","timestamp":"2026-03-07T06:15:37.233Z"}
{"context":"API","level":"info","message":"GET /socket.io/","timestamp":"2026-03-07T06:15:42.412Z"}
{"context":"API","level":"info","message":"GET /socket.io/","timestamp":"2026-03-07T06:15:48.182Z"}
{"context":"API","level":"info","message":"GET /socket.io/","timestamp":"2026-03-07T06:15:53.401Z"}
{"context":"API","level":"info","message":"GET /socket.io/","timestamp":"2026-03-07T06:15:58.628Z"}
{"context":"API","level":"info","message":"GET /socket.io/","timestamp":"2026-03-07T06:16:03.755Z"}
{"context":"API","level":"info","message":"GET /socket.io/","timestamp":"2026-03-07T06:16:09.121Z"}
{"context":"API","level":"info","message":"GET /socket.io/","timestamp":"2026-03-07T06:16:14.164Z"}
{"context":"API","level":"info","message":"GET /socket.io/","timestamp":"2026-03-07T06:16:19.364Z"}
{"context":"API","level":"info","message":"GET /socket.io/","timestamp":"2026-03-07T06:16:24.675Z"}
{"context":"API","level":"info","message":"GET /socket.io/","timestamp":"2026-03-07T06:16:29.755Z"}
{"context":"API","level":"info","message":"GET /socket.io/","timestamp":"2026-03-07T06:16:34.772Z"}
{"context":"API","level":"info","message":"GET /socket.io/","timestamp":"2026-03-07T06:16:39.819Z"}
{"context":"API","level":"info","message":"GET /socket.io/","timestamp":"2026-03-07T06:16:44.938Z"}
{"context":"API","level":"info","message":"GET /socket.io/","timestamp":"2026-03-07T06:16:50.340Z"}
{"context":"API","level":"info","message":"GET /socket.io/","timestamp":"2026-03-07T06:16:55.435Z"}
{"context":"API","level":"info","message":"GET /socket.io/","timestamp":"2026-03-07T06:17:00.730Z"}
{"context":"API","level":"info","message":"GET /socket.io/","timestamp":"2026-03-07T06:17:05.782Z"}
{"context":"API","level":"info","message":"GET /socket.io/","timestamp":"2026-03-07T06:17:10.811Z"}
{"context":"API","level":"info","message":"GET /socket.io/","timestamp":"2026-03-07T06:17:16.421Z"}
{"context":"API","level":"info","message":"GET /socket.io/","timestamp":"2026-03-07T06:17:21.462Z"}
{"context":"API","level":"info","message":"GET /socket.io/","timestamp":"2026-03-07T06:17:26.478Z"}
{"context":"API","level":"info","message":"GET /socket.io/","timestamp":"2026-03-07T06:17:31.518Z"}
{"context":"API","level":"info","message":"GET /socket.io/","timestamp":"2026-03-07T06:17:41.311Z"}
{"context":"API","level":"info","message":"GET /socket.io/","timestamp":"2026-03-07T06:17:46.339Z"}
{"context":"API","level":"info","message":"GET /socket.io/","timestamp":"2026-03-07T06:17:51.432Z"}
{"context":"API","level":"info","message":"GET /socket.io/","timestamp":"2026-03-07T06:17:56.440Z"}
{"context":"API","level":"info","message":"GET /socket.io/","timestamp":"2026-03-07T06:18:01.484Z"}
{"context":"API","level":"info","message":"GET /socket.io/","timestamp":"2026-03-07T06:18:06.520Z"}
{"context":"API","level":"info","message":"GET /socket.io/","timestamp":"2026-03-07T06:18:11.690Z"}
{"context":"API","level":"info","message":"GET /socket.io/","timestamp":"2026-03-07T06:18:16.717Z"}
{"context":"API","level":"info","message":"GET /socket.io/","timestamp":"2026-03-07T06:18:21.743Z"}
{"context":"API","level":"info","message":"GET /socket.io/","timestamp":"2026-03-07T06:18:26.776Z"}
{"context":"API","level":"info","message":"GET /socket.io/","timestamp":"2026-03-07T06:18:31.809Z"}
{"context":"API","level":"info","message":"GET /socket.io/","timestamp":"2026-03-07T06:18:36.837Z"}
{"context":"API","level":"info","message":"GET /socket.io/","timestamp":"2026-03-07T06:18:41.859Z"}
{"context":"API","level":"info","message":"GET /socket.io/","timestamp":"2026-03-07T06:18:47.007Z"}
{"context":"API","level":"info","message":"GET /socket.io/","timestamp":"2026-03-07T06:18:52.060Z"}
{"context":"API","level":"info","message":"GET /socket.io/","timestamp":"2026-03-07T06:18:57.078Z"}
{"context":"API","level":"info","message":"GET /socket.io/","timestamp":"2026-03-07T06:19:02.108Z"}
{"context":"API","level":"info","message":"GET /socket.io/","timestamp":"2026-03-07T06:19:07.135Z"}
{"context":"API","level":"info","message":"GET /socket.io/","timestamp":"2026-03-07T06:19:12.146Z"}
{"context":"API","level":"info","message":"GET /socket.io/","timestamp":"2026-03-07T06:19:17.208Z"}
{"context":"API","level":"info","message":"GET /socket.io/","timestamp":"2026-03-07T06:19:22.237Z"}
{"context":"API","level":"info","message":"GET /socket.io/","timestamp":"2026-03-07T06:19:27.257Z"}
{"context":"API","level":"info","message":"GET /socket.io/","timestamp":"2026-03-07T06:19:32.275Z"}
{"context":"API","level":"info","message":"GET /socket.io/","timestamp":"2026-03-07T06:19:37.545Z"}
{"context":"API","level":"info","message":"GET /socket.io/","timestamp":"2026-03-07T06:19:42.559Z"}
{"context":"API","level":"info","message":"GET /socket.io/","timestamp":"2026-03-07T06:19:47.573Z"}
{"context":"API","level":"info","message":"GET /socket.io/","timestamp":"2026-03-07T06:19:52.602Z"}
{"context":"API","level":"info","message":"GET /socket.io/","timestamp":"2026-03-07T06:19:57.626Z"}
{"context":"API","level":"info","message":"GET /socket.io/","timestamp":"2026-03-07T06:20:02.657Z"}
{"context":"API","level":"info","message":"GET /socket.io/","timestamp":"2026-03-07T06:20:07.686Z"}
{"context":"API","level":"info","message":"GET /socket.io/","timestamp":"2026-03-07T06:20:12.706Z"}
{"context":"API","level":"info","message":"GET /socket.io/","timestamp":"2026-03-07T06:20:17.772Z"}
{"context":"API","level":"info","message":"GET /socket.io/","timestamp":"2026-03-07T06:20:22.791Z"}
{"context":"API","level":"info","message":"GET /socket.io/","timestamp":"2026-03-07T06:20:27.821Z"}
{"context":"API","level":"info","message":"GET /socket.io/","timestamp":"2026-03-07T06:20:32.864Z"}
{"context":"API","level":"info","message":"GET /socket.io/","timestamp":"2026-03-07T06:20:37.942Z"}
{"context":"API","level":"info","message":"GET /socket.io/","timestamp":"2026-03-07T06:20:42.963Z"}
{"context":"API","level":"info","message":"GET /socket.io/","timestamp":"2026-03-07T06:20:47.979Z"}
{"context":"API","level":"info","message":"GET /socket.io/","timestamp":"2026-03-07T06:20:53.000Z"}
{"context":"API","level":"info","message":"GET /socket.io/","timestamp":"2026-03-07T06:20:58.029Z"}
{"context":"API","level":"info","message":"GET /socket.io/","timestamp":"2026-03-07T06:21:03.057Z"}
{"context":"API","level":"info","message":"GET /socket.io/","timestamp":"2026-03-07T06:21:08.095Z"}
{"context":"API","level":"info","message":"GET /socket.io/","timestamp":"2026-03-07T06:21:13.119Z"}
{"context":"API","level":"info","message":"GET /socket.io/","timestamp":"2026-03-07T06:21:18.187Z"}
{"context":"API","level":"info","message":"GET /socket.io/","timestamp":"2026-03-07T06:21:23.214Z"}
{"context":"API","level":"info","message":"GET /socket.io/","timestamp":"2026-03-07T06:21:28.338Z"}
{"context":"API","level":"info","message":"GET /socket.io/","timestamp":"2026-03-07T06:21:33.671Z"}
{"context":"API","level":"info","message":"GET /socket.io/","timestamp":"2026-03-07T06:21:38.786Z"}
{"context":"API","level":"info","message":"GET /socket.io/","timestamp":"2026-03-07T06:21:43.869Z"}
{"context":"API","level":"info","message":"GET /socket.io/","timestamp":"2026-03-07T06:21:48.940Z"}
{"context":"API","level":"info","message":"GET /socket.io/","timestamp":"2026-03-07T06:21:54.105Z"}
{"context":"API","level":"info","message":"GET /socket.io/","timestamp":"2026-03-07T06:21:59.408Z"}
{"context":"API","level":"info","message":"GET /socket.io/","timestamp":"2026-03-07T06:22:04.507Z"}
{"context":"API","level":"info","message":"GET /socket.io/","timestamp":"2026-03-07T06:22:09.639Z"}
{"context":"API","level":"info","message":"GET /socket.io/","timestamp":"2026-03-07T06:22:14.650Z"}
{"context":"API","level":"info","message":"GET /socket.io/","timestamp":"2026-03-07T06:22:19.675Z"}
{"context":"API","level":"info","message":"GET /socket.io/","timestamp":"2026-03-07T06:22:24.720Z"}
{"context":"API","level":"info","message":"GET /socket.io/","timestamp":"2026-03-07T06:22:29.747Z"}
{"context":"API","level":"info","message":"GET /socket.io/","timestamp":"2026-03-07T06:22:34.771Z"}
{"context":"API","level":"info","message":"GET /socket.io/","timestamp":"2026-03-07T06:22:39.791Z"}
{"context":"API","level":"info","message":"GET /socket.io/","timestamp":"2026-03-07T06:22:44.821Z"}
{"context":"API","level":"info","message":"GET /socket.io/","timestamp":"2026-03-07T06:22:49.843Z"}
{"context":"API","level":"info","message":"GET /socket.io/","timestamp":"2026-03-07T06:22:54.869Z"}
{"context":"API","level":"info","message":"GET /socket.io/","timestamp":"2026-03-07T06:22:59.904Z"}
{"context":"API","level":"info","message":"GET /socket.io/","timestamp":"2026-03-07T06:23:04.921Z"}
{"context":"API","level":"info","message":"GET /socket.io/","timestamp":"2026-03-07T06:23:09.934Z"}
{"context":"API","level":"info","message":"GET /socket.io/","timestamp":"2026-03-07T06:23:15.054Z"}
{"context":"API","level":"info","message":"GET /socket.io/","timestamp":"2026-03-07T06:23:20.195Z"}
{"context":"API","level":"info","message":"GET /socket.io/","timestamp":"2026-03-07T06:23:25.213Z"}
{"context":"API","level":"info","message":"GET /socket.io/","timestamp":"2026-03-07T06:23:30.233Z"}
{"context":"API","level":"info","message":"GET /socket.io/","timestamp":"2026-03-07T06:23:35.251Z"}
{"context":"API","level":"info","message":"GET /socket.io/","timestamp":"2026-03-07T06:23:40.275Z"}
{"context":"API","level":"info","message":"GET /socket.io/","timestamp":"2026-03-07T06:23:45.299Z"}
{"context":"API","level":"info","message":"GET /socket.io/","timestamp":"2026-03-07T06:23:50.321Z"}
{"context":"API","level":"info","message":"GET /socket.io/","timestamp":"2026-03-07T06:23:55.350Z"}
{"context":"API","level":"info","message":"GET /socket.io/","timestamp":"2026-03-07T06:24:00.382Z"}
{"context":"API","level":"info","message":"GET /socket.io/","timestamp":"2026-03-07T06:24:05.405Z"}
{"context":"API","level":"info","message":"GET /socket.io/","timestamp":"2026-03-07T06:24:10.426Z"}
{"context":"API","level":"info","message":"GET /socket.io/","timestamp":"2026-03-07T06:24:15.445Z"}
{"context":"API","level":"info","message":"GET /socket.io/","timestamp":"2026-03-07T06:24:20.469Z"}
{"context":"API","level":"info","message":"GET /socket.io/","timestamp":"2026-03-07T06:24:25.496Z"}
{"context":"API","level":"info","message":"GET /socket.io/","timestamp":"2026-03-07T06:24:30.514Z"}
{"context":"API","level":"info","message":"GET /socket.io/","timestamp":"2026-03-07T06:24:35.533Z"}
{"context":"API","level":"info","message":"GET /socket.io/","timestamp":"2026-03-07T06:24:40.555Z"}
{"context":"API","level":"info","message":"GET /socket.io/","timestamp":"2026-03-07T06:24:45.925Z"}
{"context":"API","level":"info","message":"GET /socket.io/","timestamp":"2026-03-07T06:24:50.947Z"}
{"context":"API","level":"info","message":"GET /socket.io/","timestamp":"2026-03-07T06:24:55.962Z"}
{"context":"API","level":"info","message":"GET /socket.io/","timestamp":"2026-03-07T06:25:00.990Z"}
{"context":"API","level":"info","message":"GET /socket.io/","timestamp":"2026-03-07T06:25:06.015Z"}
{"context":"API","level":"info","message":"GET /socket.io/","timestamp":"2026-03-07T06:25:11.099Z"}
{"context":"API","level":"info","message":"GET /socket.io/","timestamp":"2026-03-07T06:25:16.112Z"}
{"context":"API","level":"info","message":"GET /socket.io/","timestamp":"2026-03-07T06:25:21.134Z"}
{"context":"API","level":"info","message":"GET /socket.io/","timestamp":"2026-03-07T06:25:26.150Z"}
{"context":"API","level":"info","message":"GET /socket.io/","timestamp":"2026-03-07T06:25:31.169Z"}
{"context":"API","level":"info","message":"GET /socket.io/","timestamp":"2026-03-07T06:25:36.190Z"}
{"context":"API","level":"info","message":"GET /socket.io/","timestamp":"2026-03-07T06:25:41.215Z"}
{"context":"API","level":"info","message":"GET /socket.io/","timestamp":"2026-03-07T06:25:46.265Z"}
{"context":"API","level":"info","message":"GET /socket.io/","timestamp":"2026-03-07T06:25:51.296Z"}
{"context":"API","level":"info","message":"GET /socket.io/","timestamp":"2026-03-07T06:25:56.329Z"}
{"context":"API","level":"info","message":"GET /socket.io/","timestamp":"2026-03-07T06:26:01.366Z"}
{"context":"API","level":"info","message":"GET /socket.io/","timestamp":"2026-03-07T06:26:06.398Z"}
{"context":"API","level":"info","message":"GET /socket.io/","timestamp":"2026-03-07T06:26:11.415Z"}
{"context":"API","level":"info","message":"GET /socket.io/","timestamp":"2026-03-07T06:26:16.449Z"}
{"context":"API","level":"info","message":"GET /socket.io/","timestamp":"2026-03-07T06:26:21.477Z"}
{"context":"API","level":"info","message":"GET /socket.io/","timestamp":"2026-03-07T06:26:26.534Z"}
{"context":"API","level":"info","message":"GET /socket.io/","timestamp":"2026-03-07T06:26:31.556Z"}
{"context":"API","level":"info","message":"GET /socket.io/","timestamp":"2026-03-07T06:26:36.582Z"}
{"context":"API","level":"info","message":"GET /socket.io/","timestamp":"2026-03-07T06:26:41.603Z"}
{"context":"API","level":"info","message":"GET /socket.io/","timestamp":"2026-03-07T06:26:46.628Z"}
{"context":"API","level":"info","message":"GET /socket.io/","timestamp":"2026-03-07T06:26:51.708Z"}
{"context":"API","level":"info","message":"GET /socket.io/","timestamp":"2026-03-07T06:26:56.752Z"}
{"context":"API","level":"info","message":"GET /socket.io/","timestamp":"2026-03-07T06:27:01.810Z"}
{"context":"API","level":"info","message":"GET /socket.io/","timestamp":"2026-03-07T06:27:06.819Z"}
{"context":"API","level":"info","message":"GET /socket.io/","timestamp":"2026-03-07T06:27:11.838Z"}
{"context":"API","level":"info","message":"GET /socket.io/","timestamp":"2026-03-07T06:27:16.865Z"}
{"context":"API","level":"info","message":"GET /socket.io/","timestamp":"2026-03-07T06:27:21.880Z"}
{"context":"API","level":"info","message":"GET /socket.io/","timestamp":"2026-03-07T06:27:26.911Z"}
{"context":"API","level":"info","message":"GET /socket.io/","timestamp":"2026-03-07T06:27:31.931Z"}
{"context":"API","level":"info","message":"GET /socket.io/","timestamp":"2026-03-07T06:27:36.995Z"}
{"context":"API","level":"info","message":"GET /socket.io/","timestamp":"2026-03-07T06:27:42.006Z"}
{"context":"API","level":"info","message":"GET /socket.io/","timestamp":"2026-03-07T06:27:47.024Z"}
{"context":"API","level":"info","message":"GET /socket.io/","timestamp":"2026-03-07T06:27:52.043Z"}
{"context":"API","level":"info","message":"GET /socket.io/","timestamp":"2026-03-07T06:27:57.073Z"}
{"context":"API","level":"info","message":"GET /socket.io/","timestamp":"2026-03-07T06:28:02.089Z"}
{"context":"API","level":"info","message":"GET /socket.io/","timestamp":"2026-03-07T06:28:07.112Z"}
{"context":"API","level":"info","message":"GET /socket.io/","timestamp":"2026-03-07T06:28:12.138Z"}
{"context":"API","level":"info","message":"GET /socket.io/","timestamp":"2026-03-07T06:28:17.167Z"}
{"context":"API","level":"info","message":"GET /socket.io/","timestamp":"2026-03-07T06:28:22.197Z"}
{"context":"API","level":"info","message":"GET /socket.io/","timestamp":"2026-03-07T06:28:27.236Z"}
{"context":"API","level":"info","message":"GET /socket.io/","timestamp":"2026-03-07T06:28:32.280Z"}
{"context":"API","level":"info","message":"GET /socket.io/","timestamp":"2026-03-07T06:28:37.298Z"}
{"context":"API","level":"info","message":"GET /socket.io/","timestamp":"2026-03-07T06:28:42.329Z"}
{"context":"API","level":"info","message":"GET /socket.io/","timestamp":"2026-03-07T06:28:47.353Z"}
{"context":"API","level":"info","message":"GET /socket.io/","timestamp":"2026-03-07T06:28:52.373Z"}
{"context":"API","level":"info","message":"GET /socket.io/","timestamp":"2026-03-07T06:29:00.117Z"}
{"context":"API","level":"info","message":"GET /socket.io/","timestamp":"2026-03-07T06:29:05.940Z"}
{"context":"API","level":"info","message":"GET /socket.io/","timestamp":"2026-03-07T06:29:10.996Z"}
{"context":"API","level":"info","message":"GET /socket.io/","timestamp":"2026-03-07T06:29:16.031Z"}
{"context":"API","level":"info","message":"GET /socket.io/","timestamp":"2026-03-07T06:29:21.062Z"}
{"context":"API","level":"info","message":"GET /socket.io/","timestamp":"2026-03-07T06:29:26.080Z"}
{"context":"API","level":"info","message":"GET /socket.io/","timestamp":"2026-03-07T06:29:31.100Z"}
{"context":"API","level":"info","message":"GET /socket.io/","timestamp":"2026-03-07T06:29:36.130Z"}
{"context":"API","level":"info","message":"GET /socket.io/","timestamp":"2026-03-07T06:29:41.148Z"}
{"context":"API","level":"info","message":"GET /socket.io/","timestamp":"2026-03-07T06:29:46.175Z"}
{"context":"API","level":"info","message":"GET /socket.io/","timestamp":"2026-03-07T06:29:51.191Z"}
{"context":"API","level":"info","message":"GET /socket.io/","timestamp":"2026-03-07T06:29:56.229Z"}
{"context":"API","level":"info","message":"GET /socket.io/","timestamp":"2026-03-07T06:30:01.245Z"}
{"context":"API","level":"info","message":"GET /socket.io/","timestamp":"2026-03-07T06:30:06.470Z"}
{"context":"API","level":"info","message":"GET /socket.io/","timestamp":"2026-03-07T06:30:11.495Z"}
{"context":"API","level":"info","message":"GET /socket.io/","timestamp":"2026-03-07T06:30:16.548Z"}
{"context":"API","level":"info","message":"GET /socket.io/","timestamp":"2026-03-07T06:30:22.689Z"}
{"context":"API","level":"info","message":"GET /socket.io/","timestamp":"2026-03-07T06:30:27.712Z"}
{"context":"API","level":"info","message":"GET /socket.io/","timestamp":"2026-03-07T06:30:32.743Z"}
{"context":"API","level":"info","message":"GET /socket.io/","timestamp":"2026-03-07T06:30:37.766Z"}
{"context":"API","level":"info","message":"GET /socket.io/","timestamp":"2026-03-07T06:30:42.793Z"}
{"context":"API","level":"info","message":"GET /socket.io/","timestamp":"2026-03-07T06:30:47.828Z"}
{"context":"API","level":"info","message":"GET /socket.io/","timestamp":"2026-03-07T06:30:52.859Z"}
{"context":"API","level":"info","message":"GET /socket.io/","timestamp":"2026-03-07T06:30:57.877Z"}
{"context":"API","level":"info","message":"GET /socket.io/","timestamp":"2026-03-07T06:31:02.905Z"}
{"context":"API","level":"info","message":"GET /socket.io/","timestamp":"2026-03-07T06:31:07.933Z"}
{"context":"API","level":"info","message":"GET /socket.io/","timestamp":"2026-03-07T06:31:12.945Z"}
{"context":"API","level":"info","message":"GET /socket.io/","timestamp":"2026-03-07T06:31:17.976Z"}
{"context":"API","level":"info","message":"GET /socket.io/","timestamp":"2026-03-07T06:31:23.011Z"}
{"context":"API","level":"info","message":"GET /socket.io/","timestamp":"2026-03-07T06:31:28.042Z"}
{"context":"API","level":"info","message":"GET /socket.io/","timestamp":"2026-03-07T06:31:33.051Z"}
{"context":"API","level":"info","message":"GET /socket.io/","timestamp":"2026-03-07T06:31:38.077Z"}
{"context":"API","level":"info","message":"GET /socket.io/","timestamp":"2026-03-07T06:31:43.098Z"}
{"context":"API","level":"info","message":"GET /socket.io/","timestamp":"2026-03-07T06:31:48.129Z"}
{"context":"API","level":"info","message":"GET /socket.io/","timestamp":"2026-03-07T06:31:53.157Z"}
{"context":"API","level":"info","message":"GET /socket.io/","timestamp":"2026-03-07T06:31:58.186Z"}
{"context":"API","level":"info","message":"GET /socket.io/","timestamp":"2026-03-07T06:32:03.219Z"}
{"context":"API","level":"info","message":"GET /socket.io/","timestamp":"2026-03-07T06:32:08.244Z"}
{"context":"API","level":"info","message":"GET /socket.io/","timestamp":"2026-03-07T06:32:13.260Z"}
{"context":"API","level":"info","message":"GET /socket.io/","timestamp":"2026-03-07T06:32:18.285Z"}
{"context":"API","level":"info","message":"GET /socket.io/","timestamp":"2026-03-07T06:32:23.310Z"}
{"context":"API","level":"info","message":"GET /socket.io/","timestamp":"2026-03-07T06:32:28.354Z"}
{"context":"API","level":"info","message":"GET /socket.io/","timestamp":"2026-03-07T06:32:33.376Z"}
{"context":"API","level":"info","message":"GET /socket.io/","timestamp":"2026-03-07T06:32:38.434Z"}
{"context":"API","level":"info","message":"GET /socket.io/","timestamp":"2026-03-07T06:32:43.475Z"}
{"context":"API","level":"info","message":"GET /socket.io/","timestamp":"2026-03-07T06:32:48.500Z"}
{"context":"API","level":"info","message":"GET /socket.io/","timestamp":"2026-03-07T06:32:53.521Z"}
{"context":"API","level":"info","message":"GET /socket.io/","timestamp":"2026-03-07T06:32:58.544Z"}
{"context":"API","level":"info","message":"GET /socket.io/","timestamp":"2026-03-07T06:33:03.577Z"}
{"context":"API","level":"info","message":"GET /socket.io/","timestamp":"2026-03-07T06:33:08.596Z"}
{"context":"API","level":"info","message":"GET /socket.io/","timestamp":"2026-03-07T06:33:13.672Z"}
{"context":"API","level":"info","message":"GET /socket.io/","timestamp":"2026-03-07T06:33:18.690Z"}
{"context":"API","level":"info","message":"GET /socket.io/","timestamp":"2026-03-07T06:33:23.702Z"}
{"context":"API","level":"info","message":"GET /socket.io/","timestamp":"2026-03-07T06:33:28.724Z"}
{"context":"API","level":"info","message":"GET /socket.io/","timestamp":"2026-03-07T06:33:33.864Z"}
{"context":"API","level":"info","message":"GET /socket.io/","timestamp":"2026-03-07T06:33:39.339Z"}
{"context":"API","level":"info","message":"GET /socket.io/","timestamp":"2026-03-07T06:33:44.355Z"}
{"context":"API","level":"info","message":"GET /socket.io/","timestamp":"2026-03-07T06:33:49.488Z"}
{"context":"API","level":"info","message":"GET /socket.io/","timestamp":"2026-03-07T06:33:54.507Z"}
{"context":"API","level":"info","message":"GET /socket.io/","timestamp":"2026-03-07T06:33:59.542Z"}
{"context":"API","level":"info","message":"GET /socket.io/","timestamp":"2026-03-07T06:34:04.627Z"}
{"context":"API","level":"info","message":"GET /socket.io/","timestamp":"2026-03-07T06:34:09.654Z"}
{"context":"API","level":"info","message":"GET /socket.io/","timestamp":"2026-03-07T06:34:14.679Z"}
{"context":"API","level":"info","message":"GET /socket.io/","timestamp":"2026-03-07T06:34:19.752Z"}
{"context":"API","level":"info","message":"GET /socket.io/","timestamp":"2026-03-07T06:34:24.822Z"}
{"context":"API","level":"info","message":"GET /socket.io/","timestamp":"2026-03-07T06:34:29.840Z"}
{"context":"API","level":"info","message":"GET /socket.io/","timestamp":"2026-03-07T06:34:34.854Z"}
{"context":"API","level":"info","message":"GET /socket.io/","timestamp":"2026-03-07T06:34:39.878Z"}
{"context":"API","level":"info","message":"GET /socket.io/","timestamp":"2026-03-07T06:34:44.892Z"}
{"context":"API","level":"info","message":"GET /socket.io/","timestamp":"2026-03-07T06:34:49.914Z"}
{"context":"API","level":"info","message":"GET /socket.io/","timestamp":"2026-03-07T06:34:54.940Z"}
{"context":"API","level":"info","message":"GET /socket.io/","timestamp":"2026-03-07T06:34:59.957Z"}
{"context":"API","level":"info","message":"GET /socket.io/","timestamp":"2026-03-07T06:35:04.991Z"}
{"context":"API","level":"info","message":"GET /socket.io/","timestamp":"2026-03-07T06:35:10.014Z"}
{"context":"API","level":"info","message":"GET /socket.io/","timestamp":"2026-03-07T06:35:15.038Z"}
{"context":"API","level":"info","message":"GET /socket.io/","timestamp":"2026-03-07T06:35:20.057Z"}
{"context":"API","level":"info","message":"GET /socket.io/","timestamp":"2026-03-07T06:35:25.084Z"}
{"context":"API","level":"info","message":"GET /socket.io/","timestamp":"2026-03-07T06:35:30.144Z"}
{"context":"API","level":"info","message":"GET /socket.io/","timestamp":"2026-03-07T06:35:35.218Z"}
{"context":"API","level":"info","message":"GET /socket.io/","timestamp":"2026-03-07T06:35:40.251Z"}
{"context":"API","level":"info","message":"GET /socket.io/","timestamp":"2026-03-07T06:35:45.272Z"}
{"context":"API","level":"info","message":"GET /socket.io/","timestamp":"2026-03-07T06:35:50.316Z"}
{"context":"API","level":"info","message":"GET /socket.io/","timestamp":"2026-03-07T06:35:55.335Z"}
{"context":"API","level":"info","message":"GET /socket.io/","timestamp":"2026-03-07T06:36:00.366Z"}
{"context":"API","level":"info","message":"GET /socket.io/","timestamp":"2026-03-07T06:36:06.150Z"}
{"context":"API","level":"info","message":"GET /socket.io/","timestamp":"2026-03-07T06:36:11.175Z"}
{"context":"API","level":"info","message":"GET /socket.io/","timestamp":"2026-03-07T06:36:16.211Z"}
{"context":"API","level":"info","message":"GET /socket.io/","timestamp":"2026-03-07T06:36:21.236Z"}
{"context":"API","level":"info","message":"GET /socket.io/","timestamp":"2026-03-07T06:36:26.266Z"}
{"context":"API","level":"info","message":"GET /socket.io/","timestamp":"2026-03-07T06:36:31.289Z"}
{"context":"API","level":"info","message":"GET /socket.io/","timestamp":"2026-03-07T06:36:36.318Z"}
{"context":"API","level":"info","message":"GET /socket.io/","timestamp":"2026-03-07T06:36:41.336Z"}
{"context":"API","level":"info","message":"GET /socket.io/","timestamp":"2026-03-07T06:36:46.362Z"}
{"context":"API","level":"info","message":"GET /socket.io/","timestamp":"2026-03-07T06:36:51.387Z"}
{"context":"API","level":"info","message":"GET /socket.io/","timestamp":"2026-03-07T06:36:56.415Z"}
{"context":"API","level":"info","message":"GET /socket.io/","timestamp":"2026-03-07T06:37:01.430Z"}
{"context":"API","level":"info","message":"GET /socket.io/","timestamp":"2026-03-07T06:37:06.450Z"}
{"context":"API","level":"info","message":"GET /socket.io/","timestamp":"2026-03-07T06:37:11.509Z"}
{"context":"API","level":"info","message":"GET /socket.io/","timestamp":"2026-03-07T06:37:16.525Z"}
{"context":"API","level":"info","message":"GET /socket.io/","timestamp":"2026-03-07T06:37:21.591Z"}
{"context":"API","level":"info","message":"GET /socket.io/","timestamp":"2026-03-07T06:37:26.605Z"}
{"context":"API","level":"info","message":"GET /socket.io/","timestamp":"2026-03-07T06:37:31.641Z"}
{"context":"API","level":"info","message":"GET /socket.io/","timestamp":"2026-03-07T06:37:36.661Z"}
{"context":"API","level":"info","message":"GET /socket.io/","timestamp":"2026-03-07T06:37:41.700Z"}
{"context":"API","level":"info","message":"GET /socket.io/","timestamp":"2026-03-07T06:37:46.720Z"}
{"context":"API","level":"info","message":"GET /socket.io/","timestamp":"2026-03-07T06:37:51.739Z"}
{"context":"API","level":"info","message":"GET /socket.io/","timestamp":"2026-03-07T06:37:56.766Z"}
{"context":"API","level":"info","message":"GET /socket.io/","timestamp":"2026-03-07T06:38:01.785Z"}
{"context":"API","level":"info","message":"GET /socket.io/","timestamp":"2026-03-07T06:38:06.799Z"}
{"context":"API","level":"info","message":"GET /socket.io/","timestamp":"2026-03-07T06:38:11.823Z"}
{"context":"API","level":"info","message":"GET /socket.io/","timestamp":"2026-03-07T06:38:16.878Z"}
{"context":"API","level":"info","message":"GET /socket.io/","timestamp":"2026-03-07T06:38:21.899Z"}
{"context":"API","level":"info","message":"GET /socket.io/","timestamp":"2026-03-07T06:38:26.925Z"}
{"context":"API","level":"info","message":"GET /socket.io/","timestamp":"2026-03-07T06:38:31.949Z"}
{"context":"API","level":"info","message":"GET /socket.io/","timestamp":"2026-03-07T06:38:37.010Z"}
{"context":"API","level":"info","message":"GET /socket.io/","timestamp":"2026-03-07T06:38:42.025Z"}
{"context":"API","level":"info","message":"GET /socket.io/","timestamp":"2026-03-07T06:38:47.153Z"}
{"context":"API","level":"info","message":"GET /socket.io/","timestamp":"2026-03-07T06:38:52.338Z"}
{"context":"API","level":"info","message":"GET /socket.io/","timestamp":"2026-03-07T06:38:57.363Z"}
{"context":"API","level":"info","message":"GET /socket.io/","timestamp":"2026-03-07T06:39:02.535Z"}
{"context":"API","level":"info","message":"GET /socket.io/","timestamp":"2026-03-07T06:39:07.847Z"}
{"context":"API","level":"info","message":"GET /socket.io/","timestamp":"2026-03-07T06:39:13.038Z"}
{"context":"API","level":"info","message":"GET /socket.io/","timestamp":"2026-03-07T06:39:18.134Z"}
{"context":"API","level":"info","message":"GET /socket.io/","timestamp":"2026-03-07T06:39:23.218Z"}
{"context":"API","level":"info","message":"GET /socket.io/","timestamp":"2026-03-07T06:39:28.248Z"}
{"context":"API","level":"info","message":"GET /socket.io/","timestamp":"2026-03-07T06:39:33.271Z"}
{"context":"API","level":"info","message":"GET /socket.io/","timestamp":"2026-03-07T06:39:38.299Z"}
{"context":"API","level":"info","message":"GET /socket.io/","timestamp":"2026-03-07T06:39:43.362Z"}
{"context":"API","level":"info","message":"GET /socket.io/","timestamp":"2026-03-07T06:39:48.384Z"}
{"context":"API","level":"info","message":"GET /socket.io/","timestamp":"2026-03-07T06:39:53.435Z"}
{"context":"API","level":"info","message":"GET /socket.io/","timestamp":"2026-03-07T06:39:58.447Z"}
{"context":"API","level":"info","message":"GET /socket.io/","timestamp":"2026-03-07T06:40:03.500Z"}
{"context":"API","level":"info","message":"GET /socket.io/","timestamp":"2026-03-07T06:40:08.528Z"}
{"context":"API","level":"info","message":"GET /socket.io/","timestamp":"2026-03-07T06:40:13.549Z"}
{"context":"API","level":"info","message":"GET /socket.io/","timestamp":"2026-03-07T06:40:18.650Z"}
{"context":"API","level":"info","message":"GET /socket.io/","timestamp":"2026-03-07T06:40:23.682Z"}
{"context":"API","level":"info","message":"GET /socket.io/","timestamp":"2026-03-07T06:40:28.701Z"}
{"context":"API","level":"info","message":"GET /socket.io/","timestamp":"2026-03-07T06:40:33.724Z"}
{"context":"API","level":"info","message":"GET /socket.io/","timestamp":"2026-03-07T06:40:38.748Z"}
{"context":"API","level":"info","message":"GET /socket.io/","timestamp":"2026-03-07T06:40:43.766Z"}
{"context":"API","level":"info","message":"GET /socket.io/","timestamp":"2026-03-07T06:40:48.791Z"}
{"context":"API","level":"info","message":"GET /socket.io/","timestamp":"2026-03-07T06:40:53.816Z"}
{"context":"API","level":"info","message":"GET /socket.io/","timestamp":"2026-03-07T06:40:58.837Z"}
{"context":"API","level":"info","message":"GET /socket.io/","timestamp":"2026-03-07T06:41:03.865Z"}
{"context":"API","level":"info","message":"GET /socket.io/","timestamp":"2026-03-07T06:41:08.932Z"}
{"context":"API","level":"info","message":"GET /socket.io/","timestamp":"2026-03-07T06:41:14.086Z"}
{"context":"API","level":"info","message":"GET /socket.io/","timestamp":"2026-03-07T06:41:19.114Z"}
{"context":"API","level":"info","message":"GET /socket.io/","timestamp":"2026-03-07T06:41:24.137Z"}
{"context":"API","level":"info","message":"GET /socket.io/","timestamp":"2026-03-07T06:41:29.199Z"}
{"context":"API","level":"info","message":"GET /socket.io/","timestamp":"2026-03-07T06:41:34.214Z"}
{"context":"API","level":"info","message":"GET /socket.io/","timestamp":"2026-03-07T06:41:39.234Z"}
{"context":"API","level":"info","message":"GET /socket.io/","timestamp":"2026-03-07T06:41:44.260Z"}
{"context":"API","level":"info","message":"GET /socket.io/","timestamp":"2026-03-07T06:41:49.279Z"}
{"context":"API","level":"info","message":"GET /socket.io/","timestamp":"2026-03-07T06:41:54.303Z"}
{"context":"API","level":"info","message":"GET /socket.io/","timestamp":"2026-03-07T06:41:59.325Z"}
{"context":"API","level":"info","message":"GET /socket.io/","timestamp":"2026-03-07T06:42:04.357Z"}
{"context":"API","level":"info","message":"GET /socket.io/","timestamp":"2026-03-07T06:42:09.382Z"}
{"context":"API","level":"info","message":"GET /socket.io/","timestamp":"2026-03-07T06:42:14.478Z"}
{"context":"API","level":"info","message":"GET /socket.io/","timestamp":"2026-03-07T06:42:19.506Z"}
{"context":"API","level":"info","message":"GET /socket.io/","timestamp":"2026-03-07T06:42:24.535Z"}
{"context":"API","level":"info","message":"GET /socket.io/","timestamp":"2026-03-07T06:42:29.562Z"}
{"context":"API","level":"info","message":"GET /socket.io/","timestamp":"2026-03-07T06:42:34.579Z"}
{"context":"API","level":"info","message":"GET /socket.io/","timestamp":"2026-03-07T06:42:39.612Z"}
{"context":"API","level":"info","message":"GET /socket.io/","timestamp":"2026-03-07T06:42:44.631Z"}
{"context":"API","level":"info","message":"GET /socket.io/","timestamp":"2026-03-07T06:42:49.649Z"}
{"context":"API","level":"info","message":"GET /socket.io/","timestamp":"2026-03-07T06:42:54.672Z"}
{"context":"API","level":"info","message":"GET /socket.io/","timestamp":"2026-03-07T06:43:00.081Z"}
{"context":"API","level":"info","message":"GET /socket.io/","timestamp":"2026-03-07T06:43:05.115Z"}
{"context":"API","level":"info","message":"GET /socket.io/","timestamp":"2026-03-07T06:43:10.326Z"}
{"context":"API","level":"info","message":"GET /socket.io/","timestamp":"2026-03-07T06:43:15.368Z"}
{"context":"API","level":"info","message":"GET /socket.io/","timestamp":"2026-03-07T06:43:20.420Z"}
{"context":"API","level":"info","message":"GET /socket.io/","timestamp":"2026-03-07T06:43:25.700Z"}
{"context":"API","level":"info","message":"GET /socket.io/","timestamp":"2026-03-07T06:43:30.716Z"}
{"context":"API","level":"info","message":"GET /socket.io/","timestamp":"2026-03-07T06:43:35.736Z"}
{"context":"API","level":"info","message":"GET /socket.io/","timestamp":"2026-03-07T06:43:40.755Z"}
{"context":"API","level":"info","message":"GET /socket.io/","timestamp":"2026-03-07T06:43:45.773Z"}
{"context":"API","level":"info","message":"GET /socket.io/","timestamp":"2026-03-07T06:43:50.799Z"}
{"context":"API","level":"info","message":"GET /socket.io/","timestamp":"2026-03-07T06:43:55.835Z"}
{"context":"API","level":"info","message":"GET /socket.io/","timestamp":"2026-03-07T06:44:00.846Z"}
{"context":"API","level":"info","message":"GET /socket.io/","timestamp":"2026-03-07T06:44:05.882Z"}
{"context":"API","level":"info","message":"GET /socket.io/","timestamp":"2026-03-07T06:44:10.952Z"}
{"context":"API","level":"info","message":"GET /socket.io/","timestamp":"2026-03-07T06:44:15.980Z"}
{"context":"API","level":"info","message":"GET /socket.io/","timestamp":"2026-03-07T06:44:20.999Z"}
{"context":"API","level":"info","message":"GET /socket.io/","timestamp":"2026-03-07T06:44:26.018Z"}
{"context":"API","level":"info","message":"GET /socket.io/","timestamp":"2026-03-07T06:44:31.037Z"}
{"context":"API","level":"info","message":"GET /socket.io/","timestamp":"2026-03-07T06:44:37.565Z"}
{"context":"API","level":"info","message":"GET /socket.io/","timestamp":"2026-03-07T06:44:42.583Z"}
{"context":"API","level":"info","message":"GET /socket.io/","timestamp":"2026-03-07T06:44:47.600Z"}
{"context":"API","level":"info","message":"GET /socket.io/","timestamp":"2026-03-07T06:44:52.617Z"}
{"context":"API","level":"info","message":"GET /socket.io/","timestamp":"2026-03-07T06:44:57.636Z"}
{"context":"API","level":"info","message":"GET /socket.io/","timestamp":"2026-03-07T06:45:02.656Z"}
{"context":"API","level":"info","message":"GET /socket.io/","timestamp":"2026-03-07T06:45:07.673Z"}
{"context":"API","level":"info","message":"GET /socket.io/","timestamp":"2026-03-07T06:45:12.704Z"}
{"context":"API","level":"info","message":"GET /socket.io/","timestamp":"2026-03-07T06:45:17.727Z"}
{"context":"API","level":"info","message":"GET /socket.io/","timestamp":"2026-03-07T06:45:22.746Z"}
{"context":"API","level":"info","message":"GET /socket.io/","timestamp":"2026-03-07T06:45:27.877Z"}
{"context":"API","level":"info","message":"GET /socket.io/","timestamp":"2026-03-07T06:45:32.891Z"}
{"context":"API","level":"info","message":"GET /socket.io/","timestamp":"2026-03-07T06:45:37.912Z"}
{"context":"API","level":"info","message":"GET /socket.io/","timestamp":"2026-03-07T06:45:42.931Z"}
{"context":"API","level":"info","message":"GET /socket.io/","timestamp":"2026-03-07T06:45:47.960Z"}
{"context":"API","level":"info","message":"GET /socket.io/","timestamp":"2026-03-07T06:45:53.310Z"}
{"context":"API","level":"info","message":"GET /socket.io/","timestamp":"2026-03-07T06:45:58.577Z"}
{"context":"API","level":"info","message":"GET /socket.io/","timestamp":"2026-03-07T06:46:03.595Z"}
{"context":"API","level":"info","message":"GET /socket.io/","timestamp":"2026-03-07T06:46:08.702Z"}
{"context":"API","level":"info","message":"GET /socket.io/","timestamp":"2026-03-07T06:46:13.729Z"}
{"context":"API","level":"info","message":"GET /socket.io/","timestamp":"2026-03-07T06:46:18.771Z"}
{"context":"API","level":"info","message":"GET /socket.io/","timestamp":"2026-03-07T06:46:23.807Z"}
{"context":"API","level":"info","message":"GET /socket.io/","timestamp":"2026-03-07T06:46:28.830Z"}
{"context":"API","level":"info","message":"GET /socket.io/","timestamp":"2026-03-07T06:46:33.861Z"}
{"context":"API","level":"info","message":"GET /socket.io/","timestamp":"2026-03-07T06:46:38.880Z"}
{"context":"API","level":"info","message":"GET /socket.io/","timestamp":"2026-03-07T06:46:43.903Z"}
{"context":"API","level":"info","message":"GET /socket.io/","timestamp":"2026-03-07T06:46:48.922Z"}
{"context":"API","level":"info","message":"GET /socket.io/","timestamp":"2026-03-07T06:46:53.940Z"}
{"context":"API","level":"info","message":"GET /socket.io/","timestamp":"2026-03-07T06:46:58.961Z"}
{"context":"API","level":"info","message":"GET /socket.io/","timestamp":"2026-03-07T06:47:03.975Z"}
{"context":"API","level":"info","message":"GET /socket.io/","timestamp":"2026-03-07T06:47:08.995Z"}
{"context":"API","level":"info","message":"GET /socket.io/","timestamp":"2026-03-07T06:47:14.030Z"}
{"context":"API","level":"info","message":"GET /socket.io/","timestamp":"2026-03-07T06:47:19.052Z"}
{"context":"API","level":"info","message":"GET /socket.io/","timestamp":"2026-03-07T06:47:24.077Z"}
{"context":"API","level":"info","message":"GET /socket.io/","timestamp":"2026-03-07T06:47:29.098Z"}
{"context":"API","level":"info","message":"GET /socket.io/","timestamp":"2026-03-07T06:47:34.116Z"}
{"context":"API","level":"info","message":"GET /socket.io/","timestamp":"2026-03-07T06:47:39.218Z"}
{"context":"API","level":"info","message":"GET /socket.io/","timestamp":"2026-03-07T06:47:44.233Z"}
{"context":"API","level":"info","message":"GET /socket.io/","timestamp":"2026-03-07T06:47:49.252Z"}
{"context":"API","level":"info","message":"GET /socket.io/","timestamp":"2026-03-07T06:47:54.271Z"}
{"context":"API","level":"info","message":"GET /socket.io/","timestamp":"2026-03-07T06:47:59.299Z"}
{"context":"API","level":"info","message":"GET /socket.io/","timestamp":"2026-03-07T06:48:04.319Z"}
{"context":"API","level":"info","message":"GET /socket.io/","timestamp":"2026-03-07T06:48:09.337Z"}
{"context":"API","level":"info","message":"GET /socket.io/","timestamp":"2026-03-07T06:48:14.361Z"}
{"context":"API","level":"info","message":"GET /socket.io/","timestamp":"2026-03-07T06:48:19.469Z"}
{"context":"API","level":"info","message":"GET /socket.io/","timestamp":"2026-03-07T06:48:24.711Z"}
{"context":"API","level":"info","message":"GET /socket.io/","timestamp":"2026-03-07T06:48:29.739Z"}
{"context":"API","level":"info","message":"GET /socket.io/","timestamp":"2026-03-07T06:48:34.771Z"}
{"context":"API","level":"info","message":"GET /socket.io/","timestamp":"2026-03-07T06:48:39.874Z"}
{"context":"API","level":"info","message":"GET /socket.io/","timestamp":"2026-03-07T06:48:44.903Z"}
{"context":"API","level":"info","message":"GET /socket.io/","timestamp":"2026-03-07T06:48:49.932Z"}
{"context":"API","level":"info","message":"GET /socket.io/","timestamp":"2026-03-07T06:48:54.961Z"}
{"context":"API","level":"info","message":"GET /socket.io/","timestamp":"2026-03-07T06:48:59.980Z"}
{"context":"API","level":"info","message":"GET /socket.io/","timestamp":"2026-03-07T06:49:05.013Z"}
{"context":"API","level":"info","message":"GET /socket.io/","timestamp":"2026-03-07T06:49:10.030Z"}
{"context":"API","level":"info","message":"GET /socket.io/","timestamp":"2026-03-07T06:49:15.050Z"}
{"context":"API","level":"info","message":"GET /socket.io/","timestamp":"2026-03-07T06:49:20.067Z"}
{"context":"API","level":"info","message":"GET /socket.io/","timestamp":"2026-03-07T06:49:25.086Z"}
{"context":"API","level":"info","message":"GET /socket.io/","timestamp":"2026-03-07T06:49:30.119Z"}
{"context":"API","level":"info","message":"GET /socket.io/","timestamp":"2026-03-07T06:49:35.137Z"}
{"context":"API","level":"info","message":"GET /socket.io/","timestamp":"2026-03-07T06:49:40.195Z"}
{"context":"API","level":"info","message":"GET /socket.io/","timestamp":"2026-03-07T06:49:45.347Z"}
{"context":"API","level":"info","message":"GET /socket.io/","timestamp":"2026-03-07T06:49:50.373Z"}
{"context":"API","level":"info","message":"GET /socket.io/","timestamp":"2026-03-07T06:49:55.391Z"}
{"context":"API","level":"info","message":"GET /socket.io/","timestamp":"2026-03-07T06:50:00.409Z"}
{"context":"API","level":"info","message":"GET /socket.io/","timestamp":"2026-03-07T06:50:05.443Z"}
{"context":"API","level":"info","message":"GET /socket.io/","timestamp":"2026-03-07T06:50:10.462Z"}
{"context":"API","level":"info","message":"GET /socket.io/","timestamp":"2026-03-07T06:50:15.482Z"}
{"context":"API","level":"info","message":"GET /socket.io/","timestamp":"2026-03-07T06:50:20.512Z"}
{"context":"API","level":"info","message":"GET /socket.io/","timestamp":"2026-03-07T06:50:25.532Z"}
{"context":"API","level":"info","message":"GET /socket.io/","timestamp":"2026-03-07T06:50:30.556Z"}
{"context":"API","level":"info","message":"GET /socket.io/","timestamp":"2026-03-07T06:50:35.624Z"}
{"context":"API","level":"info","message":"GET /socket.io/","timestamp":"2026-03-07T06:50:41.364Z"}
{"context":"API","level":"info","message":"GET /socket.io/","timestamp":"2026-03-07T06:50:46.433Z"}
{"context":"API","level":"info","message":"GET /socket.io/","timestamp":"2026-03-07T06:50:52.546Z"}
{"context":"API","level":"info","message":"GET /socket.io/","timestamp":"2026-03-07T06:50:58.399Z"}
{"context":"API","level":"info","message":"GET /socket.io/","timestamp":"2026-03-07T06:51:03.420Z"}
{"context":"API","level":"info","message":"GET /socket.io/","timestamp":"2026-03-07T06:51:08.438Z"}
{"context":"API","level":"info","message":"GET /socket.io/","timestamp":"2026-03-07T06:51:13.458Z"}
{"context":"API","level":"info","message":"GET /socket.io/","timestamp":"2026-03-07T06:51:18.570Z"}
{"context":"API","level":"info","message":"GET /socket.io/","timestamp":"2026-03-07T06:51:23.587Z"}
{"context":"API","level":"info","message":"GET /socket.io/","timestamp":"2026-03-07T06:51:28.607Z"}
{"context":"API","level":"info","message":"GET /socket.io/","timestamp":"2026-03-07T06:51:33.627Z"}
{"context":"API","level":"info","message":"GET /socket.io/","timestamp":"2026-03-07T06:51:38.643Z"}
{"context":"API","level":"info","message":"GET /socket.io/","timestamp":"2026-03-07T06:51:43.665Z"}
{"context":"API","level":"info","message":"GET /socket.io/","timestamp":"2026-03-07T06:51:48.706Z"}
{"context":"API","level":"info","message":"GET /socket.io/","timestamp":"2026-03-07T06:51:53.982Z"}
{"context":"API","level":"info","message":"GET /socket.io/","timestamp":"2026-03-07T06:51:58.999Z"}
{"context":"API","level":"info","message":"GET /socket.io/","timestamp":"2026-03-07T06:52:04.017Z"}
{"context":"API","level":"info","message":"GET /socket.io/","timestamp":"2026-03-07T06:52:09.035Z"}
{"context":"API","level":"info","message":"GET /socket.io/","timestamp":"2026-03-07T06:52:14.062Z"}
{"context":"API","level":"info","message":"GET /socket.io/","timestamp":"2026-03-07T06:52:19.088Z"}
{"context":"API","level":"info","message":"GET /socket.io/","timestamp":"2026-03-07T06:52:24.110Z"}
{"context":"API","level":"info","message":"GET /socket.io/","timestamp":"2026-03-07T06:52:29.127Z"}
{"context":"API","level":"info","message":"GET /socket.io/","timestamp":"2026-03-07T06:52:34.150Z"}
{"context":"API","level":"info","message":"GET /socket.io/","timestamp":"2026-03-07T06:52:39.180Z"}
{"context":"API","level":"info","message":"GET /socket.io/","timestamp":"2026-03-07T06:52:44.243Z"}
{"context":"API","level":"info","message":"GET /socket.io/","timestamp":"2026-03-07T06:52:49.283Z"}
{"context":"API","level":"info","message":"GET /socket.io/","timestamp":"2026-03-07T06:52:54.304Z"}
{"context":"API","level":"info","message":"GET /socket.io/","timestamp":"2026-03-07T06:52:59.322Z"}
{"context":"API","level":"info","message":"GET /socket.io/","timestamp":"2026-03-07T06:53:04.354Z"}
{"context":"API","level":"info","message":"GET /socket.io/","timestamp":"2026-03-07T06:53:09.674Z"}
{"context":"API","level":"info","message":"GET /socket.io/","timestamp":"2026-03-07T06:53:14.759Z"}
{"context":"API","level":"info","message":"GET /socket.io/","timestamp":"2026-03-07T06:53:19.777Z"}
{"context":"API","level":"info","message":"GET /socket.io/","timestamp":"2026-03-07T06:53:24.801Z"}
{"context":"API","level":"info","message":"GET /socket.io/","timestamp":"2026-03-07T06:53:29.862Z"}
{"context":"API","level":"info","message":"GET /socket.io/","timestamp":"2026-03-07T06:53:35.041Z"}
{"context":"API","level":"info","message":"GET /socket.io/","timestamp":"2026-03-07T06:53:40.330Z"}
{"context":"API","level":"info","message":"GET /socket.io/","timestamp":"2026-03-07T06:53:45.419Z"}
{"context":"API","level":"info","message":"GET /socket.io/","timestamp":"2026-03-07T06:53:50.534Z"}
{"context":"API","level":"info","message":"GET /socket.io/","timestamp":"2026-03-07T06:53:55.600Z"}
{"context":"API","level":"info","message":"GET /socket.io/","timestamp":"2026-03-07T06:54:00.675Z"}
{"context":"API","level":"info","message":"GET /socket.io/","timestamp":"2026-03-07T06:54:05.734Z"}
{"context":"API","level":"info","message":"GET /socket.io/","timestamp":"2026-03-07T06:54:11.066Z"}
{"context":"API","level":"info","message":"GET /socket.io/","timestamp":"2026-03-07T06:54:16.723Z"}
{"context":"API","level":"info","message":"GET /socket.io/","timestamp":"2026-03-07T06:54:21.741Z"}
{"context":"API","level":"info","message":"GET /socket.io/","timestamp":"2026-03-07T06:54:27.026Z"}
{"context":"API","level":"info","message":"GET /socket.io/","timestamp":"2026-03-07T06:54:32.411Z"}
{"context":"API","level":"info","message":"GET /socket.io/","timestamp":"2026-03-07T06:54:37.432Z"}
{"context":"API","level":"info","message":"GET /socket.io/","timestamp":"2026-03-07T06:54:42.464Z"}
{"context":"API","level":"info","message":"GET /socket.io/","timestamp":"2026-03-07T06:54:47.500Z"}
{"context":"API","level":"info","message":"GET /socket.io/","timestamp":"2026-03-07T06:54:52.529Z"}
{"context":"API","level":"info","message":"GET /socket.io/","timestamp":"2026-03-07T06:54:57.553Z"}
{"context":"API","level":"info","message":"GET /socket.io/","timestamp":"2026-03-07T06:55:02.571Z"}
{"context":"API","level":"info","message":"GET /socket.io/","timestamp":"2026-03-07T06:55:07.592Z"}
{"context":"API","level":"info","message":"GET /socket.io/","timestamp":"2026-03-07T06:55:12.623Z"}
{"context":"API","level":"info","message":"GET /socket.io/","timestamp":"2026-03-07T06:55:17.643Z"}
{"context":"API","level":"info","message":"GET /socket.io/","timestamp":"2026-03-07T06:55:22.660Z"}
{"context":"API","level":"info","message":"GET /socket.io/","timestamp":"2026-03-07T06:55:27.680Z"}
{"context":"API","level":"info","message":"GET /socket.io/","timestamp":"2026-03-07T06:55:32.698Z"}
{"context":"API","level":"info","message":"GET /socket.io/","timestamp":"2026-03-07T06:55:37.730Z"}
{"context":"API","level":"info","message":"GET /socket.io/","timestamp":"2026-03-07T06:55:42.760Z"}
{"context":"API","level":"info","message":"GET /socket.io/","timestamp":"2026-03-07T06:55:47.798Z"}
{"context":"API","level":"info","message":"GET /socket.io/","timestamp":"2026-03-07T06:55:52.818Z"}
{"context":"API","level":"info","message":"GET /socket.io/","timestamp":"2026-03-07T06:55:57.840Z"}
{"context":"API","level":"info","message":"GET /socket.io/","timestamp":"2026-03-07T06:56:02.999Z"}
{"context":"API","level":"info","message":"GET /socket.io/","timestamp":"2026-03-07T06:56:08.060Z"}
{"context":"API","level":"info","message":"GET /socket.io/","timestamp":"2026-03-07T06:56:13.083Z"}
{"context":"API","level":"info","message":"GET /socket.io/","timestamp":"2026-03-07T06:56:18.103Z"}
{"context":"API","level":"info","message":"GET /socket.io/","timestamp":"2026-03-07T06:56:26.569Z"}
{"context":"API","level":"info","message":"GET /socket.io/","timestamp":"2026-03-07T06:56:31.589Z"}
{"context":"API","level":"info","message":"GET /socket.io/","timestamp":"2026-03-07T06:56:36.606Z"}
{"context":"API","level":"info","message":"GET /socket.io/","timestamp":"2026-03-07T06:56:41.626Z"}
{"context":"API","level":"info","message":"GET /socket.io/","timestamp":"2026-03-07T06:56:46.642Z"}
{"context":"API","level":"info","message":"GET /socket.io/","timestamp":"2026-03-07T06:56:51.663Z"}
{"context":"API","level":"info","message":"GET /socket.io/","timestamp":"2026-03-07T06:56:56.694Z"}
{"context":"API","level":"info","message":"GET /socket.io/","timestamp":"2026-03-07T06:57:01.711Z"}
{"context":"API","level":"info","message":"GET /socket.io/","timestamp":"2026-03-07T06:57:06.731Z"}
{"context":"API","level":"info","message":"GET /socket.io/","timestamp":"2026-03-07T06:57:11.749Z"}
{"context":"API","level":"info","message":"GET /socket.io/","timestamp":"2026-03-07T06:57:16.765Z"}
{"context":"API","level":"info","message":"GET /socket.io/","timestamp":"2026-03-07T06:57:21.789Z"}
{"context":"API","level":"info","message":"GET /socket.io/","timestamp":"2026-03-07T06:57:26.805Z"}
{"context":"API","level":"info","message":"GET /socket.io/","timestamp":"2026-03-07T06:57:31.821Z"}
{"context":"API","level":"info","message":"GET /socket.io/","timestamp":"2026-03-07T06:57:36.837Z"}
{"context":"API","level":"info","message":"GET /socket.io/","timestamp":"2026-03-07T06:57:41.857Z"}
{"context":"API","level":"info","message":"GET /socket.io/","timestamp":"2026-03-07T06:57:46.874Z"}
{"context":"API","level":"info","message":"GET /socket.io/","timestamp":"2026-03-07T06:57:51.893Z"}
{"context":"API","level":"info","message":"GET /socket.io/","timestamp":"2026-03-07T06:57:56.910Z"}
{"context":"API","level":"info","message":"GET /socket.io/","timestamp":"2026-03-07T06:58:01.933Z"}
{"context":"API","level":"info","message":"GET /socket.io/","timestamp":"2026-03-07T06:58:06.950Z"}
{"context":"API","level":"info","message":"GET /socket.io/","timestamp":"2026-03-07T06:58:11.964Z"}
{"context":"API","level":"info","message":"GET /socket.io/","timestamp":"2026-03-07T06:58:16.985Z"}
{"context":"API","level":"info","message":"GET /socket.io/","timestamp":"2026-03-07T06:58:22.014Z"}
{"context":"API","level":"info","message":"GET /socket.io/","timestamp":"2026-03-07T06:58:27.036Z"}
{"context":"API","level":"info","message":"GET /socket.io/","timestamp":"2026-03-07T06:58:32.066Z"}
{"context":"API","level":"info","message":"GET /socket.io/","timestamp":"2026-03-07T06:58:37.093Z"}
{"context":"API","level":"info","message":"GET /socket.io/","timestamp":"2026-03-07T06:58:42.123Z"}
{"context":"API","level":"info","message":"GET /socket.io/","timestamp":"2026-03-07T06:58:47.140Z"}
{"context":"API","level":"info","message":"GET /socket.io/","timestamp":"2026-03-07T06:58:52.169Z"}
{"context":"API","level":"info","message":"GET /socket.io/","timestamp":"2026-03-07T06:58:57.199Z"}
{"context":"API","level":"info","message":"GET /socket.io/","timestamp":"2026-03-07T06:59:02.219Z"}
{"context":"API","level":"info","message":"GET /socket.io/","timestamp":"2026-03-07T06:59:07.233Z"}
{"context":"API","level":"info","message":"GET /socket.io/","timestamp":"2026-03-07T06:59:12.258Z"}
{"context":"API","level":"info","message":"GET /socket.io/","timestamp":"2026-03-07T06:59:17.388Z"}
{"context":"API","level":"info","message":"GET /socket.io/","timestamp":"2026-03-07T06:59:22.495Z"}
{"context":"API","level":"info","message":"GET /socket.io/","timestamp":"2026-03-07T06:59:27.507Z"}
{"context":"API","level":"info","message":"GET /socket.io/","timestamp":"2026-03-07T06:59:32.559Z"}
{"context":"API","level":"info","message":"GET /socket.io/","timestamp":"2026-03-07T06:59:37.591Z"}
{"context":"API","level":"info","message":"GET /socket.io/","timestamp":"2026-03-07T06:59:42.609Z"}
{"context":"API","level":"info","message":"GET /socket.io/","timestamp":"2026-03-07T06:59:47.625Z"}
{"context":"API","level":"info","message":"GET /socket.io/","timestamp":"2026-03-07T06:59:52.648Z"}
{"context":"API","level":"info","message":"GET /socket.io/","timestamp":"2026-03-07T06:59:57.676Z"}
{"context":"API","level":"info","message":"GET /socket.io/","timestamp":"2026-03-07T07:00:02.696Z"}
{"context":"API","level":"info","message":"GET /socket.io/","timestamp":"2026-03-07T07:00:07.723Z"}
{"context":"API","level":"info","message":"GET /socket.io/","timestamp":"2026-03-07T07:00:12.749Z"}
{"context":"API","level":"info","message":"GET /socket.io/","timestamp":"2026-03-07T07:00:17.773Z"}
{"context":"API","level":"info","message":"GET /socket.io/","timestamp":"2026-03-07T07:00:22.794Z"}
{"context":"API","level":"info","message":"GET /socket.io/","timestamp":"2026-03-07T07:00:27.821Z"}
{"context":"API","level":"info","message":"GET /socket.io/","timestamp":"2026-03-07T07:00:32.842Z"}
{"context":"API","level":"info","message":"GET /socket.io/","timestamp":"2026-03-07T07:00:37.869Z"}
{"context":"API","level":"info","message":"GET /socket.io/","timestamp":"2026-03-07T07:00:42.887Z"}
{"context":"API","level":"info","message":"GET /socket.io/","timestamp":"2026-03-07T07:00:47.922Z"}
{"context":"API","level":"info","message":"GET /socket.io/","timestamp":"2026-03-07T07:00:52.939Z"}
{"context":"API","level":"info","message":"GET /socket.io/","timestamp":"2026-03-07T07:00:57.970Z"}
{"context":"API","level":"info","message":"GET /socket.io/","timestamp":"2026-03-07T07:01:03.000Z"}
{"context":"API","level":"info","message":"GET /socket.io/","timestamp":"2026-03-07T07:01:08.023Z"}
{"context":"API","level":"info","message":"GET /socket.io/","timestamp":"2026-03-07T07:01:13.049Z"}
{"context":"API","level":"info","message":"GET /socket.io/","timestamp":"2026-03-07T07:01:18.069Z"}
{"context":"API","level":"info","message":"GET /socket.io/","timestamp":"2026-03-07T07:01:23.104Z"}
{"context":"API","level":"info","message":"GET /socket.io/","timestamp":"2026-03-07T07:01:28.134Z"}
{"context":"API","level":"info","message":"GET /socket.io/","timestamp":"2026-03-07T07:01:33.155Z"}
{"context":"API","level":"info","message":"GET /socket.io/","timestamp":"2026-03-07T07:01:38.206Z"}
{"context":"API","level":"info","message":"GET /socket.io/","timestamp":"2026-03-07T07:01:43.225Z"}
{"context":"API","level":"info","message":"GET /socket.io/","timestamp":"2026-03-07T07:01:48.239Z"}
{"context":"API","level":"info","message":"GET /socket.io/","timestamp":"2026-03-07T07:01:53.255Z"}
{"context":"API","level":"info","message":"GET /socket.io/","timestamp":"2026-03-07T07:01:58.277Z"}
{"context":"API","level":"info","message":"GET /socket.io/","timestamp":"2026-03-07T07:02:03.291Z"}
{"context":"API","level":"info","message":"GET /socket.io/","timestamp":"2026-03-07T07:02:08.322Z"}
{"context":"API","level":"info","message":"GET /socket.io/","timestamp":"2026-03-07T07:02:13.339Z"}
{"context":"API","level":"info","message":"GET /socket.io/","timestamp":"2026-03-07T07:02:18.353Z"}
{"context":"API","level":"info","message":"GET /socket.io/","timestamp":"2026-03-07T07:02:23.372Z"}
{"context":"API","level":"info","message":"GET /socket.io/","timestamp":"2026-03-07T07:02:28.391Z"}
{"context":"API","level":"info","message":"GET /socket.io/","timestamp":"2026-03-07T07:02:33.519Z"}
{"context":"API","level":"info","message":"GET /socket.io/","timestamp":"2026-03-07T07:02:38.538Z"}
{"context":"API","level":"info","message":"GET /socket.io/","timestamp":"2026-03-07T07:02:43.569Z"}
{"context":"API","level":"info","message":"GET /socket.io/","timestamp":"2026-03-07T07:02:48.642Z"}
{"context":"API","level":"info","message":"GET /socket.io/","timestamp":"2026-03-07T07:02:54.121Z"}
{"context":"API","level":"info","message":"GET /socket.io/","timestamp":"2026-03-07T07:02:59.151Z"}
{"context":"API","level":"info","message":"GET /socket.io/","timestamp":"2026-03-07T07:03:04.169Z"}
{"context":"API","level":"info","message":"GET /socket.io/","timestamp":"2026-03-07T07:03:09.184Z"}
{"context":"API","level":"info","message":"GET /socket.io/","timestamp":"2026-03-07T07:03:14.203Z"}
{"context":"API","level":"info","message":"GET /socket.io/","timestamp":"2026-03-07T07:03:19.236Z"}
{"context":"API","level":"info","message":"GET /socket.io/","timestamp":"2026-03-07T07:03:24.269Z"}
{"context":"API","level":"info","message":"GET /socket.io/","timestamp":"2026-03-07T07:03:24.288Z"}
{"context":"API","level":"info","message":"GET /socket.io/","timestamp":"2026-03-07T07:03:29.318Z"}
{"context":"API","level":"info","message":"GET /socket.io/","timestamp":"2026-03-07T07:03:29.350Z"}
{"context":"API","level":"info","message":"GET /socket.io/","timestamp":"2026-03-07T07:03:34.384Z"}
{"context":"API","level":"info","message":"GET /socket.io/","timestamp":"2026-03-07T07:03:34.405Z"}
{"context":"API","level":"info","message":"GET /socket.io/","timestamp":"2026-03-07T07:03:34.434Z"}
{"context":"API","level":"info","message":"GET /socket.io/","timestamp":"2026-03-07T07:03:39.453Z"}
{"context":"API","level":"info","message":"GET /socket.io/","timestamp":"2026-03-07T07:03:39.483Z"}
{"context":"API","level":"info","message":"GET /socket.io/","timestamp":"2026-03-07T07:03:39.502Z"}
{"context":"API","level":"info","message":"GET /socket.io/","timestamp":"2026-03-07T07:03:44.519Z"}
{"context":"API","level":"info","message":"GET /socket.io/","timestamp":"2026-03-07T07:03:49.536Z"}
{"context":"API","level":"info","message":"GET /socket.io/","timestamp":"2026-03-07T07:03:54.578Z"}
{"context":"API","level":"info","message":"GET /socket.io/","timestamp":"2026-03-07T07:03:59.990Z"}
{"context":"API","level":"info","message":"GET /socket.io/","timestamp":"2026-03-07T07:04:05.003Z"}
{"context":"API","level":"info","message":"GET /socket.io/","timestamp":"2026-03-07T07:04:10.020Z"}
{"context":"API","level":"info","message":"GET /socket.io/","timestamp":"2026-03-07T07:04:10.050Z"}
{"context":"API","level":"info","message":"GET /socket.io/","timestamp":"2026-03-07T07:04:15.068Z"}
{"context":"API","level":"info","message":"GET /socket.io/","timestamp":"2026-03-07T07:04:15.086Z"}
{"context":"API","level":"info","message":"GET /socket.io/","timestamp":"2026-03-07T07:04:20.101Z"}
{"context":"API","level":"info","message":"GET /socket.io/","timestamp":"2026-03-07T07:04:20.120Z"}
{"context":"API","level":"info","message":"GET /socket.io/","timestamp":"2026-03-07T07:04:25.135Z"}
{"context":"API","level":"info","message":"GET /socket.io/","timestamp":"2026-03-07T07:04:30.164Z"}
{"context":"API","level":"info","message":"GET /socket.io/","timestamp":"2026-03-07T07:04:30.185Z"}
{"context":"API","level":"info","message":"GET /socket.io/","timestamp":"2026-03-07T07:04:30.215Z"}
{"context":"API","level":"info","message":"GET /socket.io/","timestamp":"2026-03-07T07:04:30.249Z"}
{"context":"API","level":"info","message":"GET /socket.io/","timestamp":"2026-03-07T07:04:30.270Z"}
{"context":"API","level":"info","message":"GET /socket.io/","timestamp":"2026-03-07T07:04:35.287Z"}
{"context":"API","level":"info","message":"GET /socket.io/","timestamp":"2026-03-07T07:04:40.315Z"}
{"context":"API","level":"info","message":"GET /socket.io/","timestamp":"2026-03-07T07:04:45.344Z"}
{"context":"API","level":"info","message":"GET /socket.io/","timestamp":"2026-03-07T07:04:45.478Z"}
{"context":"API","level":"info","message":"GET /socket.io/","timestamp":"2026-03-07T07:04:45.498Z"}
{"context":"API","level":"info","message":"GET /socket.io/","timestamp":"2026-03-07T07:04:45.520Z"}
{"context":"API","level":"info","message":"GET /socket.io/","timestamp":"2026-03-07T07:04:50.535Z"}
{"context":"API","level":"info","message":"GET /socket.io/","timestamp":"2026-03-07T07:04:50.598Z"}
{"context":"API","level":"info","message":"GET /socket.io/","timestamp":"2026-03-07T07:04:50.619Z"}
{"context":"API","level":"info","message":"GET /socket.io/","timestamp":"2026-03-07T07:04:50.635Z"}
{"context":"API","level":"info","message":"GET /socket.io/","timestamp":"2026-03-07T07:04:50.667Z"}
{"context":"API","level":"info","message":"GET /socket.io/","timestamp":"2026-03-07T07:04:50.766Z"}
{"context":"API","level":"info","message":"GET /socket.io/","timestamp":"2026-03-07T07:04:55.784Z"}
{"context":"API","level":"info","message":"GET /socket.io/","timestamp":"2026-03-07T07:04:55.814Z"}
{"context":"API","level":"info","message":"GET /socket.io/","timestamp":"2026-03-07T07:05:00.850Z"}
{"context":"API","level":"info","message":"GET /socket.io/","timestamp":"2026-03-07T07:05:00.867Z"}
{"context":"API","level":"info","message":"GET /socket.io/","timestamp":"2026-03-07T07:05:05.884Z"}
{"context":"API","level":"info","message":"GET /socket.io/","timestamp":"2026-03-07T07:05:05.915Z"}
{"context":"API","level":"info","message":"GET /socket.io/","timestamp":"2026-03-07T07:05:10.937Z"}
{"context":"API","level":"info","message":"GET /socket.io/","timestamp":"2026-03-07T07:05:16.004Z"}
{"context":"API","level":"info","message":"GET /socket.io/","timestamp":"2026-03-07T07:05:21.018Z"}
{"context":"API","level":"info","message":"GET /socket.io/","timestamp":"2026-03-07T07:05:26.048Z"}
{"context":"API","level":"info","message":"GET /socket.io/","timestamp":"2026-03-07T07:05:31.098Z"}
{"context":"API","level":"info","message":"GET /socket.io/","timestamp":"2026-03-07T07:05:31.118Z"}
{"context":"API","level":"info","message":"GET /socket.io/","timestamp":"2026-03-07T07:05:36.134Z"}
{"context":"API","level":"info","message":"GET /socket.io/","timestamp":"2026-03-07T07:05:41.164Z"}
{"context":"API","level":"info","message":"GET /socket.io/","timestamp":"2026-03-07T07:05:41.230Z"}
{"context":"API","level":"info","message":"GET /socket.io/","timestamp":"2026-03-07T07:05:46.292Z"}
{"context":"API","level":"info","message":"GET /socket.io/","timestamp":"2026-03-07T07:05:51.317Z"}
{"context":"API","level":"info","message":"GET /socket.io/","timestamp":"2026-03-07T07:05:56.493Z"}
{"context":"API","level":"info","message":"GET /socket.io/","timestamp":"2026-03-07T07:06:01.525Z"}
{"context":"API","level":"info","message":"GET /socket.io/","timestamp":"2026-03-07T07:06:01.649Z"}
{"context":"API","level":"info","message":"GET /socket.io/","timestamp":"2026-03-07T07:06:06.685Z"}
{"context":"API","level":"info","message":"GET /socket.io/","timestamp":"2026-03-07T07:06:06.718Z"}
{"context":"API","level":"info","message":"GET /socket.io/","timestamp":"2026-03-07T07:06:11.734Z"}
{"context":"API","level":"info","message":"GET /socket.io/","timestamp":"2026-03-07T07:06:11.770Z"}
{"context":"API","level":"info","message":"GET /socket.io/","timestamp":"2026-03-07T07:06:16.794Z"}
{"context":"API","level":"info","message":"GET /socket.io/","timestamp":"2026-03-07T07:06:16.828Z"}
{"context":"API","level":"info","message":"GET /socket.io/","timestamp":"2026-03-07T07:06:21.849Z"}
{"context":"API","level":"info","message":"GET /socket.io/","timestamp":"2026-03-07T07:06:21.878Z"}
{"context":"API","level":"info","message":"GET /socket.io/","timestamp":"2026-03-07T07:06:21.901Z"}
{"context":"API","level":"info","message":"GET /socket.io/","timestamp":"2026-03-07T07:06:26.930Z"}
{"context":"API","level":"info","message":"GET /socket.io/","timestamp":"2026-03-07T07:06:31.955Z"}
{"context":"API","level":"info","message":"GET /socket.io/","timestamp":"2026-03-07T07:06:31.987Z"}
{"context":"API","level":"info","message":"GET /socket.io/","timestamp":"2026-03-07T07:06:32.021Z"}
{"context":"API","level":"info","message":"GET /socket.io/","timestamp":"2026-03-07T07:06:37.046Z"}
{"context":"API","level":"info","message":"GET /socket.io/","timestamp":"2026-03-07T07:06:37.079Z"}
{"context":"API","level":"info","message":"GET /socket.io/","timestamp":"2026-03-07T07:06:37.108Z"}
{"context":"API","level":"info","message":"GET /socket.io/","timestamp":"2026-03-07T07:06:37.140Z"}
{"context":"API","level":"info","message":"GET /socket.io/","timestamp":"2026-03-07T07:06:42.159Z"}
{"context":"API","level":"info","message":"GET /socket.io/","timestamp":"2026-03-07T07:06:47.186Z"}
{"context":"API","level":"info","message":"GET /socket.io/","timestamp":"2026-03-07T07:06:47.199Z"}
{"context":"API","level":"info","message":"GET /socket.io/","timestamp":"2026-03-07T07:06:52.218Z"}
{"context":"API","level":"info","message":"GET /socket.io/","timestamp":"2026-03-07T07:06:52.232Z"}
{"context":"API","level":"info","message":"GET /socket.io/","timestamp":"2026-03-07T07:06:52.260Z"}
{"context":"API","level":"info","message":"GET /socket.io/","timestamp":"2026-03-07T07:06:52.270Z"}
{"context":"API","level":"info","message":"GET /socket.io/","timestamp":"2026-03-07T07:06:52.283Z"}
{"context":"API","level":"info","message":"GET /socket.io/","timestamp":"2026-03-07T07:06:52.299Z"}
{"context":"API","level":"info","message":"GET /socket.io/","timestamp":"2026-03-07T07:06:52.318Z"}
{"context":"API","level":"info","message":"GET /socket.io/","timestamp":"2026-03-07T07:06:57.336Z"}
{"context":"API","level":"info","message":"GET /socket.io/","timestamp":"2026-03-07T07:06:57.369Z"}
{"context":"API","level":"info","message":"GET /socket.io/","timestamp":"2026-03-07T07:06:57.400Z"}
{"context":"API","level":"info","message":"GET /socket.io/","timestamp":"2026-03-07T07:06:57.656Z"}
{"context":"API","level":"info","message":"GET /socket.io/","timestamp":"2026-03-07T07:07:02.683Z"}
{"context":"API","level":"info","message":"GET /socket.io/","timestamp":"2026-03-07T07:07:07.716Z"}
{"context":"API","level":"info","message":"GET /socket.io/","timestamp":"2026-03-07T07:07:07.733Z"}
{"context":"API","level":"info","message":"GET /socket.io/","timestamp":"2026-03-07T07:07:12.762Z"}
{"context":"API","level":"info","message":"GET /socket.io/","timestamp":"2026-03-07T07:07:17.790Z"}
{"context":"API","level":"info","message":"GET /socket.io/","timestamp":"2026-03-07T07:07:22.810Z"}
{"context":"API","level":"info","message":"GET /socket.io/","timestamp":"2026-03-07T07:07:27.854Z"}
{"context":"API","level":"info","message":"GET /socket.io/","timestamp":"2026-03-07T07:07:32.865Z"}
{"context":"API","level":"info","message":"GET /socket.io/","timestamp":"2026-03-07T07:07:32.901Z"}
{"context":"API","level":"info","message":"GET /socket.io/","timestamp":"2026-03-07T07:07:32.932Z"}
{"context":"API","level":"info","message":"GET /socket.io/","timestamp":"2026-03-07T07:07:37.951Z"}
{"context":"API","level":"info","message":"GET /socket.io/","timestamp":"2026-03-07T07:07:42.998Z"}
{"context":"API","level":"info","message":"GET /socket.io/","timestamp":"2026-03-07T07:07:43.032Z"}
{"context":"API","level":"info","message":"GET /socket.io/","timestamp":"2026-03-07T07:07:48.050Z"}
{"context":"API","level":"info","message":"GET /socket.io/","timestamp":"2026-03-07T07:07:53.080Z"}
{"context":"API","level":"info","message":"GET /socket.io/","timestamp":"2026-03-07T07:07:58.100Z"}
{"context":"API","level":"info","message":"GET /socket.io/","timestamp":"2026-03-07T07:07:58.132Z"}
{"context":"API","level":"info","message":"GET /socket.io/","timestamp":"2026-03-07T07:07:58.164Z"}
{"context":"API","level":"info","message":"GET /socket.io/","timestamp":"2026-03-07T07:07:58.196Z"}
{"context":"API","level":"info","message":"GET /socket.io/","timestamp":"2026-03-07T07:07:58.228Z"}
{"context":"API","level":"info","message":"GET /socket.io/","timestamp":"2026-03-07T07:08:03.247Z"}
{"context":"API","level":"info","message":"GET /socket.io/","timestamp":"2026-03-07T07:08:03.276Z"}
{"context":"API","level":"info","message":"GET /socket.io/","timestamp":"2026-03-07T07:08:08.302Z"}
{"context":"API","level":"info","message":"GET /socket.io/","timestamp":"2026-03-07T07:08:08.332Z"}
{"context":"API","level":"info","message":"GET /socket.io/","timestamp":"2026-03-07T07:08:13.352Z"}
{"context":"API","level":"info","message":"GET /socket.io/","timestamp":"2026-03-07T07:08:18.384Z"}
{"context":"API","level":"info","message":"GET /socket.io/","timestamp":"2026-03-07T07:08:23.404Z"}
{"context":"API","level":"info","message":"GET /socket.io/","timestamp":"2026-03-07T07:08:23.433Z"}
{"context":"API","level":"info","message":"GET /socket.io/","timestamp":"2026-03-07T07:08:28.457Z"}
{"context":"API","level":"info","message":"GET /socket.io/","timestamp":"2026-03-07T07:08:28.555Z"}
{"context":"API","level":"info","message":"GET /socket.io/","timestamp":"2026-03-07T07:08:28.601Z"}
{"context":"API","level":"info","message":"GET /socket.io/","timestamp":"2026-03-07T07:08:33.632Z"}
{"context":"API","level":"info","message":"GET /socket.io/","timestamp":"2026-03-07T07:08:38.656Z"}
{"context":"API","level":"info","message":"GET /socket.io/","timestamp":"2026-03-07T07:08:43.684Z"}
{"context":"API","level":"info","message":"GET /socket.io/","timestamp":"2026-03-07T07:08:43.713Z"}
{"context":"API","level":"info","message":"GET /socket.io/","timestamp":"2026-03-07T07:08:48.737Z"}
{"context":"API","level":"info","message":"GET /socket.io/","timestamp":"2026-03-07T07:08:48.767Z"}
{"context":"API","level":"info","message":"GET /socket.io/","timestamp":"2026-03-07T07:08:53.786Z"}
{"context":"API","level":"info","message":"GET /socket.io/","timestamp":"2026-03-07T07:08:53.818Z"}
{"context":"API","level":"info","message":"GET /socket.io/","timestamp":"2026-03-07T07:08:53.854Z"}
{"context":"API","level":"info","message":"GET /socket.io/","timestamp":"2026-03-07T07:08:53.882Z"}
{"context":"API","level":"info","message":"GET /socket.io/","timestamp":"2026-03-07T07:08:58.916Z"}
{"context":"API","level":"info","message":"GET /socket.io/","timestamp":"2026-03-07T07:09:03.929Z"}
{"context":"API","level":"info","message":"GET /socket.io/","timestamp":"2026-03-07T07:09:08.947Z"}
{"context":"API","level":"info","message":"GET /socket.io/","timestamp":"2026-03-07T07:09:08.964Z"}
{"context":"API","level":"info","message":"GET /socket.io/","timestamp":"2026-03-07T07:09:08.999Z"}
{"context":"API","level":"info","message":"GET /socket.io/","timestamp":"2026-03-07T07:09:09.032Z"}
{"context":"API","level":"info","message":"GET /socket.io/","timestamp":"2026-03-07T07:09:09.063Z"}
{"context":"API","level":"info","message":"GET /socket.io/","timestamp":"2026-03-07T07:09:09.090Z"}
{"context":"API","level":"info","message":"GET /socket.io/","timestamp":"2026-03-07T07:09:09.139Z"}
{"context":"API","level":"info","message":"GET /socket.io/","timestamp":"2026-03-07T07:09:14.156Z"}
{"context":"API","level":"info","message":"GET /socket.io/","timestamp":"2026-03-07T07:09:14.188Z"}
{"context":"API","level":"info","message":"GET /socket.io/","timestamp":"2026-03-07T07:09:19.208Z"}
{"context":"API","level":"info","message":"GET /socket.io/","timestamp":"2026-03-07T07:09:24.226Z"}
{"context":"API","level":"info","message":"GET /socket.io/","timestamp":"2026-03-07T07:09:29.245Z"}
{"context":"API","level":"info","message":"GET /socket.io/","timestamp":"2026-03-07T07:09:29.277Z"}
{"context":"API","level":"info","message":"GET /socket.io/","timestamp":"2026-03-07T07:09:29.313Z"}
{"context":"API","level":"info","message":"GET /socket.io/","timestamp":"2026-03-07T07:09:34.391Z"}
{"context":"API","level":"info","message":"GET /socket.io/","timestamp":"2026-03-07T07:09:39.410Z"}
{"context":"API","level":"info","message":"GET /socket.io/","timestamp":"2026-03-07T07:09:39.442Z"}
{"context":"API","level":"info","message":"GET /socket.io/","timestamp":"2026-03-07T07:09:39.476Z"}
{"context":"API","level":"info","message":"GET /socket.io/","timestamp":"2026-03-07T07:09:44.493Z"}
{"context":"API","level":"info","message":"GET /socket.io/","timestamp":"2026-03-07T07:09:44.526Z"}
{"context":"API","level":"info","message":"GET /socket.io/","timestamp":"2026-03-07T07:09:44.559Z"}
{"context":"API","level":"info","message":"GET /socket.io/","timestamp":"2026-03-07T07:09:44.580Z"}
{"context":"API","level":"info","message":"GET /socket.io/","timestamp":"2026-03-07T07:09:49.594Z"}
{"context":"API","level":"info","message":"GET /socket.io/","timestamp":"2026-03-07T07:09:49.612Z"}
{"context":"API","level":"info","message":"GET /socket.io/","timestamp":"2026-03-07T07:09:49.643Z"}
{"context":"API","level":"info","message":"GET /socket.io/","timestamp":"2026-03-07T07:09:54.660Z"}
{"context":"API","level":"info","message":"GET /socket.io/","timestamp":"2026-03-07T07:09:54.693Z"}
{"context":"API","level":"info","message":"GET /socket.io/","timestamp":"2026-03-07T07:09:54.724Z"}
{"context":"API","level":"info","message":"GET /socket.io/","timestamp":"2026-03-07T07:09:54.755Z"}
{"context":"API","level":"info","message":"GET /socket.io/","timestamp":"2026-03-07T07:09:59.774Z"}
{"context":"API","level":"info","message":"GET /socket.io/","timestamp":"2026-03-07T07:09:59.805Z"}
{"context":"API","level":"info","message":"GET /socket.io/","timestamp":"2026-03-07T07:10:04.827Z"}
{"context":"API","level":"info","message":"GET /socket.io/","timestamp":"2026-03-07T07:10:09.861Z"}
{"context":"API","level":"info","message":"GET /socket.io/","timestamp":"2026-03-07T07:10:14.878Z"}
{"context":"API","level":"info","message":"GET /socket.io/","timestamp":"2026-03-07T07:10:14.909Z"}
{"context":"API","level":"info","message":"GET /socket.io/","timestamp":"2026-03-07T07:10:14.943Z"}
{"context":"API","level":"info","message":"GET /socket.io/","timestamp":"2026-03-07T07:10:14.971Z"}
{"context":"API","level":"info","message":"GET /socket.io/","timestamp":"2026-03-07T07:10:15.003Z"}
{"context":"API","level":"info","message":"GET /socket.io/","timestamp":"2026-03-07T07:10:15.041Z"}
{"context":"API","level":"info","message":"GET /socket.io/","timestamp":"2026-03-07T07:10:15.070Z"}
{"context":"API","level":"info","message":"GET /socket.io/","timestamp":"2026-03-07T07:10:15.103Z"}
{"context":"API","level":"info","message":"GET /socket.io/","timestamp":"2026-03-07T07:10:15.133Z"}
{"context":"API","level":"info","message":"GET /socket.io/","timestamp":"2026-03-07T07:10:15.165Z"}
{"context":"API","level":"info","message":"GET /socket.io/","timestamp":"2026-03-07T07:10:20.182Z"}
{"context":"API","level":"info","message":"GET /socket.io/","timestamp":"2026-03-07T07:10:20.214Z"}
{"context":"API","level":"info","message":"GET /socket.io/","timestamp":"2026-03-07T07:10:25.229Z"}
{"context":"API","level":"info","message":"GET /socket.io/","timestamp":"2026-03-07T07:10:30.377Z"}
{"context":"API","level":"info","message":"GET /socket.io/","timestamp":"2026-03-07T07:10:30.407Z"}
{"context":"API","level":"info","message":"GET /socket.io/","timestamp":"2026-03-07T07:10:30.464Z"}
{"context":"API","level":"info","message":"GET /socket.io/","timestamp":"2026-03-07T07:10:35.473Z"}
{"context":"API","level":"info","message":"GET /socket.io/","timestamp":"2026-03-07T07:10:35.504Z"}
{"context":"API","level":"info","message":"GET /socket.io/","timestamp":"2026-03-07T07:10:35.536Z"}
{"context":"API","level":"info","message":"GET /socket.io/","timestamp":"2026-03-07T07:10:35.567Z"}
{"context":"API","level":"info","message":"GET /socket.io/","timestamp":"2026-03-07T07:10:40.594Z"}
{"context":"API","level":"info","message":"GET /socket.io/","timestamp":"2026-03-07T07:10:45.609Z"}
{"context":"API","level":"info","message":"GET /socket.io/","timestamp":"2026-03-07T07:10:50.631Z"}
{"context":"API","level":"info","message":"GET /socket.io/","timestamp":"2026-03-07T07:10:55.648Z"}
{"context":"API","level":"info","message":"GET /socket.io/","timestamp":"2026-03-07T07:10:55.681Z"}
{"context":"API","level":"info","message":"GET /socket.io/","timestamp":"2026-03-07T07:10:55.713Z"}
{"context":"API","level":"info","message":"GET /socket.io/","timestamp":"2026-03-07T07:10:55.744Z"}
{"context":"API","level":"info","message":"GET /socket.io/","timestamp":"2026-03-07T07:10:55.776Z"}
{"context":"API","level":"info","message":"GET /socket.io/","timestamp":"2026-03-07T07:11:00.793Z"}
{"context":"API","level":"info","message":"GET /socket.io/","timestamp":"2026-03-07T07:11:05.815Z"}
{"context":"API","level":"info","message":"GET /socket.io/","timestamp":"2026-03-07T07:11:05.845Z"}
{"context":"API","level":"info","message":"GET /socket.io/","timestamp":"2026-03-07T07:11:10.864Z"}
{"context":"API","level":"info","message":"GET /socket.io/","timestamp":"2026-03-07T07:11:10.912Z"}
{"context":"API","level":"info","message":"GET /socket.io/","timestamp":"2026-03-07T07:11:15.943Z"}
{"context":"API","level":"info","message":"GET /socket.io/","timestamp":"2026-03-07T07:11:20.963Z"}
{"context":"API","level":"info","message":"GET /socket.io/","timestamp":"2026-03-07T07:11:20.997Z"}
{"context":"API","level":"info","message":"GET /socket.io/","timestamp":"2026-03-07T07:11:26.015Z"}
{"context":"API","level":"info","message":"GET /socket.io/","timestamp":"2026-03-07T07:11:31.035Z"}
{"context":"API","level":"info","message":"GET /socket.io/","timestamp":"2026-03-07T07:11:31.066Z"}
{"context":"API","level":"info","message":"GET /socket.io/","timestamp":"2026-03-07T07:11:36.086Z"}
{"context":"API","level":"info","message":"GET /socket.io/","timestamp":"2026-03-07T07:11:36.116Z"}
{"context":"API","level":"info","message":"GET /socket.io/","timestamp":"2026-03-07T07:11:41.142Z"}
{"context":"API","level":"info","message":"GET /socket.io/","timestamp":"2026-03-07T07:11:41.176Z"}
{"context":"API","level":"info","message":"GET /socket.io/","timestamp":"2026-03-07T07:11:46.189Z"}
{"context":"API","level":"info","message":"GET /socket.io/","timestamp":"2026-03-07T07:11:51.210Z"}
{"context":"API","level":"info","message":"GET /socket.io/","timestamp":"2026-03-07T07:11:56.245Z"}
{"context":"API","level":"info","message":"GET /socket.io/","timestamp":"2026-03-07T07:12:01.275Z"}
{"context":"API","level":"info","message":"GET /socket.io/","timestamp":"2026-03-07T07:12:01.305Z"}
{"context":"API","level":"info","message":"GET /socket.io/","timestamp":"2026-03-07T07:12:01.338Z"}
{"context":"API","level":"info","message":"GET /socket.io/","timestamp":"2026-03-07T07:12:01.375Z"}
{"context":"API","level":"info","message":"GET /socket.io/","timestamp":"2026-03-07T07:12:06.394Z"}
{"context":"API","level":"info","message":"GET /socket.io/","timestamp":"2026-03-07T07:12:11.410Z"}
{"context":"API","level":"info","message":"GET /socket.io/","timestamp":"2026-03-07T07:12:11.427Z"}
{"context":"API","level":"info","message":"GET /socket.io/","timestamp":"2026-03-07T07:12:16.445Z"}
{"context":"API","level":"info","message":"GET /socket.io/","timestamp":"2026-03-07T07:12:21.458Z"}
{"context":"API","level":"info","message":"GET /socket.io/","timestamp":"2026-03-07T07:12:21.475Z"}
{"context":"API","level":"info","message":"GET /socket.io/","timestamp":"2026-03-07T07:12:26.500Z"}
{"context":"API","level":"info","message":"GET /socket.io/","timestamp":"2026-03-07T07:12:26.533Z"}
{"context":"API","level":"info","message":"GET /socket.io/","timestamp":"2026-03-07T07:12:26.561Z"}
{"context":"API","level":"info","message":"GET /socket.io/","timestamp":"2026-03-07T07:12:27.513Z"}
{"context":"API","level":"info","message":"GET /socket.io/","timestamp":"2026-03-07T07:12:32.542Z"}
{"context":"API","level":"info","message":"GET /socket.io/","timestamp":"2026-03-07T07:12:37.564Z"}
{"context":"API","level":"info","message":"GET /socket.io/","timestamp":"2026-03-07T07:12:42.594Z"}
{"context":"API","level":"info","message":"GET /socket.io/","timestamp":"2026-03-07T07:12:43.336Z"}
{"context":"API","level":"info","message":"GET /socket.io/","timestamp":"2026-03-07T07:12:50.056Z"}
{"context":"API","level":"info","message":"GET /socket.io/","timestamp":"2026-03-07T07:12:55.131Z"}
{"context":"API","level":"info","message":"GET /socket.io/","timestamp":"2026-03-07T07:12:55.162Z"}
{"context":"API","level":"info","message":"GET /socket.io/","timestamp":"2026-03-07T07:12:55.192Z"}
{"context":"API","level":"info","message":"GET /socket.io/","timestamp":"2026-03-07T07:13:00.220Z"}
{"context":"API","level":"info","message":"GET /socket.io/","timestamp":"2026-03-07T07:13:05.243Z"}
{"context":"API","level":"info","message":"GET /socket.io/","timestamp":"2026-03-07T07:13:05.261Z"}
{"context":"API","level":"info","message":"GET /socket.io/","timestamp":"2026-03-07T07:13:05.338Z"}
{"context":"API","level":"info","message":"GET /socket.io/","timestamp":"2026-03-07T07:13:10.359Z"}
{"context":"API","level":"info","message":"GET /socket.io/","timestamp":"2026-03-07T07:13:10.390Z"}
{"context":"API","level":"info","message":"GET /socket.io/","timestamp":"2026-03-07T07:13:15.421Z"}
{"context":"API","level":"info","message":"GET /socket.io/","timestamp":"2026-03-07T07:13:20.442Z"}
{"context":"API","level":"info","message":"GET /socket.io/","timestamp":"2026-03-07T07:13:25.463Z"}
{"context":"API","level":"info","message":"GET /socket.io/","timestamp":"2026-03-07T07:13:30.478Z"}
{"context":"API","level":"info","message":"GET /socket.io/","timestamp":"2026-03-07T07:13:35.514Z"}
{"context":"API","level":"info","message":"GET /socket.io/","timestamp":"2026-03-07T07:13:40.539Z"}
{"context":"API","level":"info","message":"GET /socket.io/","timestamp":"2026-03-07T07:13:45.716Z"}
{"context":"API","level":"info","message":"GET /socket.io/","timestamp":"2026-03-07T07:13:50.732Z"}
{"context":"API","level":"info","message":"GET /socket.io/","timestamp":"2026-03-07T07:13:55.755Z"}
{"context":"API","level":"info","message":"GET /socket.io/","timestamp":"2026-03-07T07:14:00.788Z"}
{"context":"API","level":"info","message":"GET /socket.io/","timestamp":"2026-03-07T07:14:05.816Z"}
{"context":"API","level":"info","message":"GET /socket.io/","timestamp":"2026-03-07T07:14:05.856Z"}
{"context":"API","level":"info","message":"GET /socket.io/","timestamp":"2026-03-07T07:14:05.885Z"}
{"context":"API","level":"info","message":"GET /socket.io/","timestamp":"2026-03-07T07:14:10.905Z"}
{"context":"API","level":"info","message":"GET /socket.io/","timestamp":"2026-03-07T07:14:10.923Z"}
{"context":"API","level":"info","message":"GET /socket.io/","timestamp":"2026-03-07T07:14:15.952Z"}
{"context":"API","level":"info","message":"GET /socket.io/","timestamp":"2026-03-07T07:14:20.972Z"}
{"context":"API","level":"info","message":"GET /socket.io/","timestamp":"2026-03-07T07:14:25.988Z"}
{"context":"API","level":"info","message":"GET /socket.io/","timestamp":"2026-03-07T07:14:26.021Z"}
{"context":"API","level":"info","message":"GET /socket.io/","timestamp":"2026-03-07T07:14:31.048Z"}
{"context":"API","level":"info","message":"GET /socket.io/","timestamp":"2026-03-07T07:14:31.080Z"}
{"context":"API","level":"info","message":"GET /socket.io/","timestamp":"2026-03-07T07:14:36.101Z"}
{"context":"API","level":"info","message":"GET /socket.io/","timestamp":"2026-03-07T07:14:41.127Z"}
{"context":"API","level":"info","message":"GET /socket.io/","timestamp":"2026-03-07T07:14:46.146Z"}
{"context":"API","level":"info","message":"GET /socket.io/","timestamp":"2026-03-07T07:14:51.166Z"}
{"context":"API","level":"info","message":"GET /socket.io/","timestamp":"2026-03-07T07:14:51.185Z"}
{"context":"API","level":"info","message":"GET /socket.io/","timestamp":"2026-03-07T07:14:56.208Z"}
{"context":"API","level":"info","message":"GET /socket.io/","timestamp":"2026-03-07T07:14:56.222Z"}
{"context":"API","level":"info","message":"GET /socket.io/","timestamp":"2026-03-07T07:14:56.235Z"}
{"context":"API","level":"info","message":"GET /socket.io/","timestamp":"2026-03-07T07:15:01.257Z"}
{"context":"API","level":"info","message":"GET /socket.io/","timestamp":"2026-03-07T07:15:06.284Z"}
{"context":"API","level":"info","message":"GET /socket.io/","timestamp":"2026-03-07T07:15:11.308Z"}
{"context":"API","level":"info","message":"GET /socket.io/","timestamp":"2026-03-07T07:15:16.330Z"}
{"context":"API","level":"info","message":"GET /socket.io/","timestamp":"2026-03-07T07:15:16.349Z"}
{"context":"API","level":"info","message":"GET /socket.io/","timestamp":"2026-03-07T07:15:16.372Z"}
{"context":"API","level":"info","message":"GET /socket.io/","timestamp":"2026-03-07T07:15:16.389Z"}
{"context":"API","level":"info","message":"GET /socket.io/","timestamp":"2026-03-07T07:15:16.425Z"}
{"context":"API","level":"info","message":"GET /socket.io/","timestamp":"2026-03-07T07:15:16.456Z"}
{"context":"API","level":"info","message":"GET /socket.io/","timestamp":"2026-03-07T07:15:21.741Z"}
{"context":"API","level":"info","message":"GET /socket.io/","timestamp":"2026-03-07T07:15:26.883Z"}
{"context":"API","level":"info","message":"GET /socket.io/","timestamp":"2026-03-07T07:15:31.909Z"}
{"context":"API","level":"info","message":"GET /socket.io/","timestamp":"2026-03-07T07:15:36.934Z"}
{"context":"API","level":"info","message":"GET /socket.io/","timestamp":"2026-03-07T07:15:41.951Z"}
{"context":"API","level":"info","message":"GET /socket.io/","timestamp":"2026-03-07T07:15:41.978Z"}
{"context":"API","level":"info","message":"GET /socket.io/","timestamp":"2026-03-07T07:15:42.010Z"}
{"context":"API","level":"info","message":"GET /socket.io/","timestamp":"2026-03-07T07:15:47.034Z"}
{"context":"API","level":"info","message":"GET /socket.io/","timestamp":"2026-03-07T07:15:47.068Z"}
{"context":"API","level":"info","message":"GET /socket.io/","timestamp":"2026-03-07T07:15:52.089Z"}
{"context":"API","level":"info","message":"GET /socket.io/","timestamp":"2026-03-07T07:15:52.122Z"}
{"context":"API","level":"info","message":"GET /socket.io/","timestamp":"2026-03-07T07:15:57.140Z"}
{"context":"API","level":"info","message":"GET /socket.io/","timestamp":"2026-03-07T07:16:02.164Z"}
{"context":"API","level":"info","message":"GET /socket.io/","timestamp":"2026-03-07T07:16:02.191Z"}
{"context":"API","level":"info","message":"GET /socket.io/","timestamp":"2026-03-07T07:16:02.224Z"}
{"context":"API","level":"info","message":"GET /socket.io/","timestamp":"2026-03-07T07:16:07.248Z"}
{"context":"API","level":"info","message":"GET /socket.io/","timestamp":"2026-03-07T07:16:12.279Z"}
{"context":"API","level":"info","message":"GET /socket.io/","timestamp":"2026-03-07T07:16:12.314Z"}
{"context":"API","level":"info","message":"GET /socket.io/","timestamp":"2026-03-07T07:16:17.332Z"}
{"context":"API","level":"info","message":"GET /socket.io/","timestamp":"2026-03-07T07:16:17.353Z"}
{"context":"API","level":"info","message":"GET /socket.io/","timestamp":"2026-03-07T07:16:17.385Z"}
{"context":"API","level":"info","message":"GET /socket.io/","timestamp":"2026-03-07T07:16:17.421Z"}
{"context":"API","level":"info","message":"GET /socket.io/","timestamp":"2026-03-07T07:16:22.437Z"}
{"context":"API","level":"info","message":"GET /socket.io/","timestamp":"2026-03-07T07:16:27.466Z"}
{"context":"API","level":"info","message":"GET /socket.io/","timestamp":"2026-03-07T07:16:32.476Z"}
{"context":"API","level":"info","message":"GET /socket.io/","timestamp":"2026-03-07T07:16:32.489Z"}
{"context":"API","level":"info","message":"GET /socket.io/","timestamp":"2026-03-07T07:16:32.521Z"}
{"context":"API","level":"info","message":"GET /socket.io/","timestamp":"2026-03-07T07:16:37.540Z"}
{"context":"API","level":"info","message":"GET /socket.io/","timestamp":"2026-03-07T07:16:42.555Z"}
{"context":"API","level":"info","message":"GET /socket.io/","timestamp":"2026-03-07T07:16:47.573Z"}
{"context":"API","level":"info","message":"GET /socket.io/","timestamp":"2026-03-07T07:16:52.603Z"}
{"context":"API","level":"info","message":"GET /socket.io/","timestamp":"2026-03-07T07:16:57.621Z"}
{"context":"API","level":"info","message":"GET /socket.io/","timestamp":"2026-03-07T07:17:02.647Z"}
{"context":"API","level":"info","message":"GET /socket.io/","timestamp":"2026-03-07T07:17:07.663Z"}
{"context":"API","level":"info","message":"GET /socket.io/","timestamp":"2026-03-07T07:17:12.681Z"}
{"context":"API","level":"info","message":"GET /socket.io/","timestamp":"2026-03-07T07:17:12.746Z"}
{"context":"API","level":"info","message":"GET /socket.io/","timestamp":"2026-03-07T07:17:12.770Z"}
{"context":"API","level":"info","message":"GET /socket.io/","timestamp":"2026-03-07T07:17:17.791Z"}
{"context":"API","level":"info","message":"GET /socket.io/","timestamp":"2026-03-07T07:17:17.820Z"}
{"context":"API","level":"info","message":"GET /socket.io/","timestamp":"2026-03-07T07:17:22.844Z"}
{"context":"API","level":"info","message":"GET /socket.io/","timestamp":"2026-03-07T07:17:27.865Z"}
{"context":"API","level":"info","message":"GET /socket.io/","timestamp":"2026-03-07T07:17:27.874Z"}
{"context":"API","level":"info","message":"GET /socket.io/","timestamp":"2026-03-07T07:17:27.888Z"}
{"context":"API","level":"info","message":"GET /socket.io/","timestamp":"2026-03-07T07:17:32.907Z"}
{"context":"API","level":"info","message":"GET /socket.io/","timestamp":"2026-03-07T07:17:37.927Z"}
{"context":"API","level":"info","message":"GET /socket.io/","timestamp":"2026-03-07T07:17:37.955Z"}
{"context":"API","level":"info","message":"GET /socket.io/","timestamp":"2026-03-07T07:17:37.990Z"}
{"context":"API","level":"info","message":"GET /socket.io/","timestamp":"2026-03-07T07:17:38.022Z"}
{"context":"API","level":"info","message":"GET /socket.io/","timestamp":"2026-03-07T07:17:38.054Z"}
{"context":"API","level":"info","message":"GET /socket.io/","timestamp":"2026-03-07T07:17:43.068Z"}
{"context":"API","level":"info","message":"GET /socket.io/","timestamp":"2026-03-07T07:17:43.102Z"}
{"context":"API","level":"info","message":"GET /socket.io/","timestamp":"2026-03-07T07:17:43.133Z"}
{"context":"API","level":"info","message":"GET /socket.io/","timestamp":"2026-03-07T07:17:48.152Z"}
{"context":"API","level":"info","message":"GET /socket.io/","timestamp":"2026-03-07T07:17:48.167Z"}
{"context":"API","level":"info","message":"GET /socket.io/","timestamp":"2026-03-07T07:17:48.199Z"}
{"context":"API","level":"info","message":"GET /socket.io/","timestamp":"2026-03-07T07:17:48.219Z"}
{"context":"API","level":"info","message":"GET /socket.io/","timestamp":"2026-03-07T07:17:48.234Z"}
{"context":"API","level":"info","message":"GET /socket.io/","timestamp":"2026-03-07T07:17:53.245Z"}
{"context":"API","level":"info","message":"GET /socket.io/","timestamp":"2026-03-07T07:17:58.265Z"}
{"context":"API","level":"info","message":"GET /socket.io/","timestamp":"2026-03-07T07:17:58.297Z"}
{"context":"API","level":"info","message":"GET /socket.io/","timestamp":"2026-03-07T07:17:58.331Z"}
{"context":"API","level":"info","message":"GET /socket.io/","timestamp":"2026-03-07T07:17:58.361Z"}
{"context":"API","level":"info","message":"GET /socket.io/","timestamp":"2026-03-07T07:18:03.385Z"}
{"context":"API","level":"info","message":"GET /socket.io/","timestamp":"2026-03-07T07:18:08.420Z"}
{"context":"API","level":"info","message":"GET /socket.io/","timestamp":"2026-03-07T07:18:13.449Z"}
{"context":"API","level":"info","message":"GET /socket.io/","timestamp":"2026-03-07T07:18:18.465Z"}
{"context":"API","level":"info","message":"GET /socket.io/","timestamp":"2026-03-07T07:18:23.496Z"}
{"context":"API","level":"info","message":"GET /socket.io/","timestamp":"2026-03-07T07:18:23.532Z"}
{"context":"API","level":"info","message":"GET /socket.io/","timestamp":"2026-03-07T07:18:23.559Z"}
{"context":"API","level":"info","message":"GET /socket.io/","timestamp":"2026-03-07T07:18:23.582Z"}
{"context":"API","level":"info","message":"GET /socket.io/","timestamp":"2026-03-07T07:18:28.602Z"}
{"context":"API","level":"info","message":"GET /socket.io/","timestamp":"2026-03-07T07:18:28.622Z"}
{"context":"API","level":"info","message":"GET /socket.io/","timestamp":"2026-03-07T07:18:33.654Z"}
{"context":"API","level":"info","message":"GET /socket.io/","timestamp":"2026-03-07T07:18:38.678Z"}
{"context":"API","level":"info","message":"GET /socket.io/","timestamp":"2026-03-07T07:18:43.696Z"}
{"context":"API","level":"info","message":"GET /socket.io/","timestamp":"2026-03-07T07:18:48.792Z"}
{"context":"API","level":"info","message":"GET /socket.io/","timestamp":"2026-03-07T07:18:48.816Z"}
{"context":"API","level":"info","message":"GET /socket.io/","timestamp":"2026-03-07T07:18:53.833Z"}
{"context":"API","level":"info","message":"GET /socket.io/","timestamp":"2026-03-07T07:18:53.866Z"}
{"context":"API","level":"info","message":"GET /socket.io/","timestamp":"2026-03-07T07:18:58.887Z"}
{"context":"API","level":"info","message":"GET /socket.io/","timestamp":"2026-03-07T07:19:03.917Z"}
{"context":"API","level":"info","message":"GET /socket.io/","timestamp":"2026-03-07T07:19:08.935Z"}
{"context":"API","level":"info","message":"GET /socket.io/","timestamp":"2026-03-07T07:19:08.954Z"}
{"context":"API","level":"info","message":"GET /socket.io/","timestamp":"2026-03-07T07:19:13.976Z"}
{"context":"API","level":"info","message":"GET /socket.io/","timestamp":"2026-03-07T07:19:19.000Z"}
{"context":"API","level":"info","message":"GET /socket.io/","timestamp":"2026-03-07T07:19:24.045Z"}
{"context":"API","level":"info","message":"GET /socket.io/","timestamp":"2026-03-07T07:19:24.065Z"}
{"context":"API","level":"info","message":"GET /socket.io/","timestamp":"2026-03-07T07:19:24.097Z"}
{"context":"API","level":"info","message":"GET /socket.io/","timestamp":"2026-03-07T07:19:24.251Z"}
{"context":"API","level":"info","message":"GET /socket.io/","timestamp":"2026-03-07T07:19:29.272Z"}
{"context":"API","level":"info","message":"GET /socket.io/","timestamp":"2026-03-07T07:19:34.289Z"}
{"context":"API","level":"info","message":"GET /socket.io/","timestamp":"2026-03-07T07:19:39.305Z"}
{"context":"API","level":"info","message":"GET /socket.io/","timestamp":"2026-03-07T07:19:39.321Z"}
{"context":"API","level":"info","message":"GET /socket.io/","timestamp":"2026-03-07T07:19:44.338Z"}
{"context":"API","level":"info","message":"GET /socket.io/","timestamp":"2026-03-07T07:19:49.364Z"}
{"context":"API","level":"info","message":"GET /socket.io/","timestamp":"2026-03-07T07:19:49.408Z"}
{"context":"API","level":"info","message":"GET /socket.io/","timestamp":"2026-03-07T07:19:50.871Z"}
{"context":"API","level":"info","message":"GET /socket.io/","timestamp":"2026-03-07T07:19:55.884Z"}
{"context":"API","level":"info","message":"GET /socket.io/","timestamp":"2026-03-07T07:20:00.900Z"}
{"context":"API","level":"info","message":"GET /socket.io/","timestamp":"2026-03-07T07:20:05.922Z"}
{"context":"API","level":"info","message":"GET /socket.io/","timestamp":"2026-03-07T07:20:10.939Z"}
{"context":"API","level":"info","message":"GET /socket.io/","timestamp":"2026-03-07T07:20:10.960Z"}
{"context":"API","level":"info","message":"GET /socket.io/","timestamp":"2026-03-07T07:20:10.993Z"}
{"context":"API","level":"info","message":"GET /socket.io/","timestamp":"2026-03-07T07:20:11.132Z"}
{"context":"API","level":"info","message":"GET /socket.io/","timestamp":"2026-03-07T07:20:16.149Z"}
{"context":"API","level":"info","message":"GET /socket.io/","timestamp":"2026-03-07T07:20:16.180Z"}
{"context":"API","level":"info","message":"GET /socket.io/","timestamp":"2026-03-07T07:20:21.207Z"}
{"context":"API","level":"info","message":"GET /socket.io/","timestamp":"2026-03-07T07:20:26.225Z"}
{"context":"API","level":"info","message":"GET /socket.io/","timestamp":"2026-03-07T07:20:26.256Z"}
{"context":"API","level":"info","message":"GET /socket.io/","timestamp":"2026-03-07T07:20:31.289Z"}
{"context":"API","level":"info","message":"GET /socket.io/","timestamp":"2026-03-07T07:20:36.316Z"}
{"context":"API","level":"info","message":"GET /socket.io/","timestamp":"2026-03-07T07:20:36.385Z"}
{"context":"API","level":"info","message":"GET /socket.io/","timestamp":"2026-03-07T07:20:36.412Z"}
{"context":"API","level":"info","message":"GET /socket.io/","timestamp":"2026-03-07T07:20:41.438Z"}
{"context":"API","level":"info","message":"GET /socket.io/","timestamp":"2026-03-07T07:20:46.456Z"}
{"context":"API","level":"info","message":"GET /socket.io/","timestamp":"2026-03-07T07:20:51.808Z"}
{"context":"API","level":"info","message":"GET /socket.io/","timestamp":"2026-03-07T07:20:51.816Z"}
{"context":"API","level":"info","message":"GET /socket.io/","timestamp":"2026-03-07T07:20:56.885Z"}
{"context":"API","level":"info","message":"GET /socket.io/","timestamp":"2026-03-07T07:21:01.903Z"}
{"context":"API","level":"info","message":"GET /socket.io/","timestamp":"2026-03-07T07:21:06.949Z"}
{"context":"API","level":"info","message":"GET /socket.io/","timestamp":"2026-03-07T07:21:11.968Z"}
{"context":"API","level":"info","message":"GET /socket.io/","timestamp":"2026-03-07T07:21:16.986Z"}
{"context":"API","level":"info","message":"GET /socket.io/","timestamp":"2026-03-07T07:21:21.994Z"}
{"context":"API","level":"info","message":"GET /socket.io/","timestamp":"2026-03-07T07:21:22.025Z"}
{"context":"API","level":"info","message":"GET /socket.io/","timestamp":"2026-03-07T07:21:27.452Z"}
{"context":"API","level":"info","message":"GET /socket.io/","timestamp":"2026-03-07T07:21:32.480Z"}
{"context":"API","level":"info","message":"GET /socket.io/","timestamp":"2026-03-07T07:21:37.582Z"}
{"context":"API","level":"info","message":"GET /socket.io/","timestamp":"2026-03-07T07:21:42.610Z"}
{"context":"API","level":"info","message":"GET /socket.io/","timestamp":"2026-03-07T07:21:42.631Z"}
{"context":"API","level":"info","message":"GET /socket.io/","timestamp":"2026-03-07T07:21:42.691Z"}
{"context":"API","level":"info","message":"GET /socket.io/","timestamp":"2026-03-07T07:21:42.715Z"}
{"context":"API","level":"info","message":"GET /socket.io/","timestamp":"2026-03-07T07:21:47.749Z"}
{"context":"API","level":"info","message":"GET /socket.io/","timestamp":"2026-03-07T07:21:52.814Z"}
{"context":"API","level":"info","message":"GET /socket.io/","timestamp":"2026-03-07T07:21:57.870Z"}
{"context":"API","level":"info","message":"GET /socket.io/","timestamp":"2026-03-07T07:21:57.903Z"}
{"context":"API","level":"info","message":"GET /socket.io/","timestamp":"2026-03-07T07:21:57.935Z"}
{"context":"API","level":"info","message":"GET /socket.io/","timestamp":"2026-03-07T07:21:57.967Z"}
{"context":"API","level":"info","message":"GET /socket.io/","timestamp":"2026-03-07T07:21:57.978Z"}
{"context":"API","level":"info","message":"GET /socket.io/","timestamp":"2026-03-07T07:21:58.014Z"}
{"context":"API","level":"info","message":"GET /socket.io/","timestamp":"2026-03-07T07:21:58.048Z"}
{"context":"API","level":"info","message":"GET /socket.io/","timestamp":"2026-03-07T07:21:58.144Z"}
{"context":"API","level":"info","message":"GET /socket.io/","timestamp":"2026-03-07T07:21:58.179Z"}
{"context":"API","level":"info","message":"GET /socket.io/","timestamp":"2026-03-07T07:22:03.227Z"}
{"context":"API","level":"info","message":"GET /socket.io/","timestamp":"2026-03-07T07:22:08.404Z"}
{"context":"API","level":"info","message":"GET /socket.io/","timestamp":"2026-03-07T07:22:13.431Z"}
{"context":"API","level":"info","message":"GET /socket.io/","timestamp":"2026-03-07T07:22:18.456Z"}
{"context":"API","level":"info","message":"GET /socket.io/","timestamp":"2026-03-07T07:22:23.540Z"}
{"context":"API","level":"info","message":"GET /socket.io/","timestamp":"2026-03-07T07:22:23.571Z"}
{"context":"API","level":"info","message":"GET /socket.io/","timestamp":"2026-03-07T07:22:28.598Z"}
{"context":"API","level":"info","message":"GET /socket.io/","timestamp":"2026-03-07T07:22:33.630Z"}
{"context":"API","level":"info","message":"GET /socket.io/","timestamp":"2026-03-07T07:22:38.655Z"}
{"context":"API","level":"info","message":"GET /socket.io/","timestamp":"2026-03-07T07:22:43.679Z"}
{"context":"API","level":"info","message":"GET /socket.io/","timestamp":"2026-03-07T07:22:43.709Z"}
{"context":"API","level":"info","message":"GET /socket.io/","timestamp":"2026-03-07T07:22:48.727Z"}
{"context":"API","level":"info","message":"GET /socket.io/","timestamp":"2026-03-07T07:22:49.055Z"}
{"context":"API","level":"info","message":"GET /socket.io/","timestamp":"2026-03-07T07:22:54.168Z"}
{"context":"API","level":"info","message":"GET /socket.io/","timestamp":"2026-03-07T07:22:54.201Z"}
{"context":"API","level":"info","message":"GET /socket.io/","timestamp":"2026-03-07T07:22:59.229Z"}
{"context":"API","level":"info","message":"GET /socket.io/","timestamp":"2026-03-07T07:22:59.263Z"}
{"context":"API","level":"info","message":"GET /socket.io/","timestamp":"2026-03-07T07:23:04.294Z"}
{"context":"API","level":"info","message":"GET /socket.io/","timestamp":"2026-03-07T07:23:09.311Z"}
{"context":"API","level":"info","message":"GET /socket.io/","timestamp":"2026-03-07T07:23:14.327Z"}
{"context":"API","level":"info","message":"GET /socket.io/","timestamp":"2026-03-07T07:23:14.395Z"}
{"context":"API","level":"info","message":"GET /socket.io/","timestamp":"2026-03-07T07:23:19.422Z"}
{"context":"API","level":"info","message":"GET /socket.io/","timestamp":"2026-03-07T07:23:24.442Z"}
{"context":"API","level":"info","message":"GET /socket.io/","timestamp":"2026-03-07T07:23:29.460Z"}
{"context":"API","level":"info","message":"GET /socket.io/","timestamp":"2026-03-07T07:23:29.478Z"}
{"context":"API","level":"info","message":"GET /socket.io/","timestamp":"2026-03-07T07:23:29.494Z"}
{"context":"API","level":"info","message":"GET /socket.io/","timestamp":"2026-03-07T07:23:29.882Z"}
{"context":"API","level":"info","message":"GET /socket.io/","timestamp":"2026-03-07T07:23:34.917Z"}
{"context":"API","level":"info","message":"GET /socket.io/","timestamp":"2026-03-07T07:23:34.945Z"}
{"context":"API","level":"info","message":"GET /socket.io/","timestamp":"2026-03-07T07:23:34.978Z"}
{"context":"API","level":"info","message":"GET /socket.io/","timestamp":"2026-03-07T07:23:39.994Z"}
{"context":"API","level":"info","message":"GET /socket.io/","timestamp":"2026-03-07T07:23:45.004Z"}
{"context":"API","level":"info","message":"GET /socket.io/","timestamp":"2026-03-07T07:23:45.013Z"}
{"context":"API","level":"info","message":"GET /socket.io/","timestamp":"2026-03-07T07:23:50.023Z"}
{"context":"API","level":"info","message":"GET /socket.io/","timestamp":"2026-03-07T07:23:55.052Z"}
{"context":"API","level":"info","message":"GET /socket.io/","timestamp":"2026-03-07T07:24:01.440Z"}
{"context":"API","level":"info","message":"GET /socket.io/","timestamp":"2026-03-07T07:24:01.460Z"}
{"context":"API","level":"info","message":"GET /socket.io/","timestamp":"2026-03-07T07:24:06.493Z"}
{"context":"API","level":"info","message":"GET /socket.io/","timestamp":"2026-03-07T07:24:06.527Z"}
{"context":"API","level":"info","message":"GET /socket.io/","timestamp":"2026-03-07T07:24:11.551Z"}
{"context":"API","level":"info","message":"GET /socket.io/","timestamp":"2026-03-07T07:24:16.562Z"}
{"context":"API","level":"info","message":"GET /socket.io/","timestamp":"2026-03-07T07:24:16.582Z"}
{"context":"API","level":"info","message":"GET /socket.io/","timestamp":"2026-03-07T07:24:16.614Z"}
{"context":"API","level":"info","message":"GET /socket.io/","timestamp":"2026-03-07T07:24:21.644Z"}
{"context":"API","level":"info","message":"GET /socket.io/","timestamp":"2026-03-07T07:24:21.661Z"}
{"context":"API","level":"info","message":"GET /socket.io/","timestamp":"2026-03-07T07:24:21.684Z"}
{"context":"API","level":"info","message":"🚀 Report API running → http://localhost:3000","timestamp":"2026-03-07T07:24:23.350Z"}
{"context":"API","level":"info","message":"   GET  /api/reports                — list all reports","timestamp":"2026-03-07T07:24:23.351Z"}
{"context":"API","level":"info","message":"   GET  /api/reports/:uuid/pdf      — download PDF","timestamp":"2026-03-07T07:24:23.351Z"}
{"context":"API","level":"info","message":"   GET  /api/reports/:uuid/view     — view PDF in browser","timestamp":"2026-03-07T07:24:23.352Z"}
{"context":"API","level":"info","message":"   GET  /api/health                 — server + DB status","timestamp":"2026-03-07T07:24:23.352Z"}
{"context":"API","level":"info","message":"GET /socket.io/","timestamp":"2026-03-07T07:24:26.779Z"}
{"context":"API","level":"info","message":"GET /socket.io/","timestamp":"2026-03-07T07:24:31.797Z"}
{"context":"API","level":"info","message":"GET /socket.io/","timestamp":"2026-03-07T07:24:31.828Z"}
{"context":"API","level":"info","message":"GET /socket.io/","timestamp":"2026-03-07T07:24:31.860Z"}
{"context":"API","level":"info","message":"GET /socket.io/","timestamp":"2026-03-07T07:24:36.877Z"}
{"context":"API","level":"info","message":"GET /socket.io/","timestamp":"2026-03-07T07:24:36.895Z"}
{"context":"API","level":"info","message":"GET /socket.io/","timestamp":"2026-03-07T07:24:36.927Z"}
{"context":"API","level":"info","message":"GET /socket.io/","timestamp":"2026-03-07T07:24:36.970Z"}
{"context":"API","level":"info","message":"GET /socket.io/","timestamp":"2026-03-07T07:24:37.179Z"}
{"context":"API","level":"info","message":"GET /socket.io/","timestamp":"2026-03-07T07:24:42.424Z"}
{"context":"API","level":"info","message":"GET /socket.io/","timestamp":"2026-03-07T07:24:42.454Z"}
{"context":"API","level":"info","message":"GET /socket.io/","timestamp":"2026-03-07T07:24:47.462Z"}
{"context":"API","level":"info","message":"GET /socket.io/","timestamp":"2026-03-07T07:24:52.481Z"}
{"context":"API","level":"info","message":"GET /socket.io/","timestamp":"2026-03-07T07:24:52.512Z"}
{"context":"API","level":"info","message":"GET /socket.io/","timestamp":"2026-03-07T07:24:57.528Z"}
{"context":"API","level":"info","message":"GET /socket.io/","timestamp":"2026-03-07T07:24:57.561Z"}
{"context":"API","level":"info","message":"GET /socket.io/","timestamp":"2026-03-07T07:25:02.577Z"}
{"context":"API","level":"info","message":"GET /socket.io/","timestamp":"2026-03-07T07:25:07.673Z"}
{"context":"API","level":"info","message":"GET /socket.io/","timestamp":"2026-03-07T07:25:07.699Z"}
{"context":"API","level":"info","message":"GET /socket.io/","timestamp":"2026-03-07T07:25:12.714Z"}
{"context":"API","level":"info","message":"GET /socket.io/","timestamp":"2026-03-07T07:25:17.731Z"}
{"context":"API","level":"info","message":"GET /socket.io/","timestamp":"2026-03-07T07:25:17.841Z"}
{"context":"API","level":"info","message":"GET /socket.io/","timestamp":"2026-03-07T07:25:17.873Z"}
{"context":"API","level":"info","message":"GET /socket.io/","timestamp":"2026-03-07T07:25:18.270Z"}
{"context":"API","level":"info","message":"GET /socket.io/","timestamp":"2026-03-07T07:25:23.293Z"}
{"context":"API","level":"info","message":"GET /socket.io/","timestamp":"2026-03-07T07:25:23.368Z"}
{"context":"API","level":"info","message":"GET /socket.io/","timestamp":"2026-03-07T07:25:23.581Z"}
{"context":"API","level":"info","message":"GET /socket.io/","timestamp":"2026-03-07T07:25:28.612Z"}
{"context":"API","level":"info","message":"GET /socket.io/","timestamp":"2026-03-07T07:25:28.796Z"}
{"context":"API","level":"info","message":"GET /socket.io/","timestamp":"2026-03-07T07:25:28.829Z"}
{"context":"API","level":"info","message":"GET /socket.io/","timestamp":"2026-03-07T07:25:28.860Z"}
{"context":"API","level":"info","message":"GET /socket.io/","timestamp":"2026-03-07T07:25:28.887Z"}
{"context":"API","level":"info","message":"GET /socket.io/","timestamp":"2026-03-07T07:25:28.917Z"}
{"context":"API","level":"info","message":"GET /socket.io/","timestamp":"2026-03-07T07:25:29.454Z"}
{"context":"API","level":"info","message":"🚀 Report API running → http://localhost:3000","timestamp":"2026-03-07T07:25:32.735Z"}
{"context":"API","level":"info","message":"   GET  /api/reports                — list all reports","timestamp":"2026-03-07T07:25:32.736Z"}
{"context":"API","level":"info","message":"   GET  /api/reports/:uuid/pdf      — download PDF","timestamp":"2026-03-07T07:25:32.736Z"}
{"context":"API","level":"info","message":"   GET  /api/reports/:uuid/view     — view PDF in browser","timestamp":"2026-03-07T07:25:32.736Z"}
{"context":"API","level":"info","message":"   GET  /api/health                 — server + DB status","timestamp":"2026-03-07T07:25:32.736Z"}
{"context":"API","level":"info","message":"GET /socket.io/","timestamp":"2026-03-07T07:25:34.479Z"}
{"context":"API","level":"info","message":"GET /socket.io/","timestamp":"2026-03-07T07:25:34.505Z"}
{"context":"API","level":"info","message":"GET /socket.io/","timestamp":"2026-03-07T07:25:39.523Z"}
{"context":"API","level":"info","message":"GET /socket.io/","timestamp":"2026-03-07T07:25:39.653Z"}
{"context":"API","level":"info","message":"GET /socket.io/","timestamp":"2026-03-07T07:25:39.690Z"}
{"context":"API","level":"info","message":"GET /socket.io/","timestamp":"2026-03-07T07:25:39.708Z"}
{"context":"API","level":"info","message":"GET /socket.io/","timestamp":"2026-03-07T07:25:39.731Z"}
{"context":"API","level":"info","message":"GET /socket.io/","timestamp":"2026-03-07T07:25:44.756Z"}
{"context":"API","level":"info","message":"GET /socket.io/","timestamp":"2026-03-07T07:25:44.790Z"}
{"context":"API","level":"info","message":"GET /socket.io/","timestamp":"2026-03-07T07:25:49.817Z"}
{"context":"API","level":"info","message":"GET /socket.io/","timestamp":"2026-03-07T07:25:49.848Z"}
{"context":"API","level":"info","message":"GET /socket.io/","timestamp":"2026-03-07T07:25:54.876Z"}
{"context":"API","level":"info","message":"GET /socket.io/","timestamp":"2026-03-07T07:25:59.905Z"}
{"context":"API","level":"info","message":"GET /socket.io/","timestamp":"2026-03-07T07:26:04.925Z"}
{"context":"API","level":"info","message":"GET /socket.io/","timestamp":"2026-03-07T07:26:04.956Z"}
{"context":"API","level":"info","message":"GET /socket.io/","timestamp":"2026-03-07T07:26:09.976Z"}
{"context":"API","level":"info","message":"GET /socket.io/","timestamp":"2026-03-07T07:26:10.005Z"}
{"context":"API","level":"info","message":"GET /socket.io/","timestamp":"2026-03-07T07:26:15.031Z"}
{"context":"API","level":"info","message":"GET /socket.io/","timestamp":"2026-03-07T07:26:15.203Z"}
{"context":"API","level":"info","message":"GET /socket.io/","timestamp":"2026-03-07T07:26:20.224Z"}
{"context":"API","level":"info","message":"🚀 Report API running → http://localhost:3000","timestamp":"2026-03-07T07:26:21.197Z"}
{"context":"API","level":"info","message":"   GET  /api/reports                — list all reports","timestamp":"2026-03-07T07:26:21.197Z"}
{"context":"API","level":"info","message":"   GET  /api/reports/:uuid/pdf      — download PDF","timestamp":"2026-03-07T07:26:21.198Z"}
{"context":"API","level":"info","message":"   GET  /api/reports/:uuid/view     — view PDF in browser","timestamp":"2026-03-07T07:26:21.198Z"}
{"context":"API","level":"info","message":"   GET  /api/health                 — server + DB status","timestamp":"2026-03-07T07:26:21.199Z"}
{"context":"API","level":"info","message":"GET /socket.io/","timestamp":"2026-03-07T07:26:25.244Z"}
{"context":"API","level":"info","message":"GET /socket.io/","timestamp":"2026-03-07T07:26:30.270Z"}
{"context":"API","level":"info","message":"GET /socket.io/","timestamp":"2026-03-07T07:26:30.302Z"}
{"context":"API","level":"info","message":"🚀 Report API running → http://localhost:3000","timestamp":"2026-03-07T07:26:32.389Z"}
{"context":"API","level":"info","message":"   GET  /api/reports                — list all reports","timestamp":"2026-03-07T07:26:32.390Z"}
{"context":"API","level":"info","message":"   GET  /api/reports/:uuid/pdf      — download PDF","timestamp":"2026-03-07T07:26:32.390Z"}
{"context":"API","level":"info","message":"   GET  /api/reports/:uuid/view     — view PDF in browser","timestamp":"2026-03-07T07:26:32.391Z"}
{"context":"API","level":"info","message":"   GET  /api/health                 — server + DB status","timestamp":"2026-03-07T07:26:32.391Z"}
{"context":"API","level":"info","message":"GET /socket.io/","timestamp":"2026-03-07T07:26:35.323Z"}
{"context":"API","level":"info","message":"GET /socket.io/","timestamp":"2026-03-07T07:26:35.344Z"}
{"context":"API","level":"info","message":"GET /socket.io/","timestamp":"2026-03-07T07:26:40.359Z"}
{"context":"API","level":"info","message":"GET /socket.io/","timestamp":"2026-03-07T07:26:45.387Z"}
{"context":"API","level":"info","message":"GET /socket.io/","timestamp":"2026-03-07T07:26:45.418Z"}
{"context":"API","level":"info","message":"GET /socket.io/","timestamp":"2026-03-07T07:26:45.450Z"}
{"context":"API","level":"info","message":"GET /socket.io/","timestamp":"2026-03-07T07:26:45.481Z"}
{"context":"API","level":"info","message":"GET /socket.io/","timestamp":"2026-03-07T07:26:50.512Z"}
{"context":"API","level":"info","message":"GET /socket.io/","timestamp":"2026-03-07T07:26:55.540Z"}
{"context":"API","level":"info","message":"GET /socket.io/","timestamp":"2026-03-07T07:27:00.559Z"}
{"context":"API","level":"info","message":"GET /socket.io/","timestamp":"2026-03-07T07:27:05.857Z"}
{"context":"API","level":"info","message":"GET /socket.io/","timestamp":"2026-03-07T07:27:10.941Z"}
{"context":"API","level":"info","message":"GET /socket.io/","timestamp":"2026-03-07T07:27:16.112Z"}
{"context":"API","level":"info","message":"GET /socket.io/","timestamp":"2026-03-07T07:27:21.125Z"}
{"context":"API","level":"info","message":"GET /socket.io/","timestamp":"2026-03-07T07:27:21.168Z"}
{"context":"API","level":"info","message":"GET /socket.io/","timestamp":"2026-03-07T07:27:22.596Z"}
{"context":"API","level":"info","message":"GET /socket.io/","timestamp":"2026-03-07T07:27:27.611Z"}
{"context":"API","level":"info","message":"GET /socket.io/","timestamp":"2026-03-07T07:27:27.655Z"}
{"context":"API","level":"info","message":"GET /socket.io/","timestamp":"2026-03-07T07:27:27.687Z"}
{"context":"API","level":"info","message":"GET /socket.io/","timestamp":"2026-03-07T07:27:27.719Z"}
{"context":"API","level":"info","message":"GET /socket.io/","timestamp":"2026-03-07T07:27:32.735Z"}
{"context":"API","level":"info","message":"GET /socket.io/","timestamp":"2026-03-07T07:27:37.751Z"}
{"context":"API","level":"info","message":"GET /socket.io/","timestamp":"2026-03-07T07:27:42.770Z"}
{"context":"API","level":"info","message":"GET /socket.io/","timestamp":"2026-03-07T07:27:47.784Z"}
{"context":"API","level":"info","message":"GET /socket.io/","timestamp":"2026-03-07T07:27:47.846Z"}
{"context":"API","level":"info","message":"GET /socket.io/","timestamp":"2026-03-07T07:27:52.866Z"}
{"context":"API","level":"info","message":"GET /socket.io/","timestamp":"2026-03-07T07:27:52.898Z"}
{"context":"API","level":"info","message":"GET /socket.io/","timestamp":"2026-03-07T07:27:57.920Z"}
{"context":"API","level":"info","message":"GET /socket.io/","timestamp":"2026-03-07T07:28:02.938Z"}
{"context":"API","level":"info","message":"GET /socket.io/","timestamp":"2026-03-07T07:28:07.955Z"}
{"context":"API","level":"info","message":"GET /socket.io/","timestamp":"2026-03-07T07:28:12.987Z"}
{"context":"API","level":"info","message":"GET /socket.io/","timestamp":"2026-03-07T07:28:18.019Z"}
{"context":"API","level":"info","message":"GET /socket.io/","timestamp":"2026-03-07T07:28:18.051Z"}
{"context":"API","level":"info","message":"GET /socket.io/","timestamp":"2026-03-07T07:28:18.074Z"}
{"context":"API","level":"info","message":"GET /socket.io/","timestamp":"2026-03-07T07:28:18.168Z"}
{"context":"API","level":"info","message":"GET /socket.io/","timestamp":"2026-03-07T07:28:23.186Z"}
{"context":"API","level":"info","message":"GET /socket.io/","timestamp":"2026-03-07T07:28:28.215Z"}
{"context":"API","level":"info","message":"GET /socket.io/","timestamp":"2026-03-07T07:28:28.284Z"}
{"context":"API","level":"info","message":"GET /socket.io/","timestamp":"2026-03-07T07:28:33.304Z"}
{"context":"API","level":"info","message":"GET /socket.io/","timestamp":"2026-03-07T07:28:38.322Z"}
{"context":"API","level":"info","message":"GET /socket.io/","timestamp":"2026-03-07T07:28:38.353Z"}
{"context":"API","level":"info","message":"GET /socket.io/","timestamp":"2026-03-07T07:28:38.683Z"}
{"context":"API","level":"info","message":"GET /socket.io/","timestamp":"2026-03-07T07:28:43.705Z"}
{"context":"API","level":"info","message":"GET /socket.io/","timestamp":"2026-03-07T07:28:43.738Z"}
{"context":"API","level":"info","message":"GET /socket.io/","timestamp":"2026-03-07T07:28:43.767Z"}
{"context":"API","level":"info","message":"GET /socket.io/","timestamp":"2026-03-07T07:28:43.801Z"}
{"context":"API","level":"info","message":"GET /socket.io/","timestamp":"2026-03-07T07:28:48.815Z"}
{"context":"API","level":"info","message":"GET /socket.io/","timestamp":"2026-03-07T07:28:48.847Z"}
{"context":"API","level":"info","message":"GET /socket.io/","timestamp":"2026-03-07T07:28:53.876Z"}
{"context":"API","level":"info","message":"GET /socket.io/","timestamp":"2026-03-07T07:28:58.895Z"}
{"context":"API","level":"info","message":"GET /socket.io/","timestamp":"2026-03-07T07:28:58.927Z"}
{"context":"API","level":"info","message":"GET /socket.io/","timestamp":"2026-03-07T07:28:58.959Z"}
{"context":"API","level":"info","message":"GET /socket.io/","timestamp":"2026-03-07T07:28:59.325Z"}
{"context":"API","level":"info","message":"GET /socket.io/","timestamp":"2026-03-07T07:29:04.346Z"}
{"context":"API","level":"info","message":"GET /socket.io/","timestamp":"2026-03-07T07:29:09.369Z"}
{"context":"API","level":"info","message":"GET /socket.io/","timestamp":"2026-03-07T07:29:09.401Z"}
{"context":"API","level":"info","message":"GET /socket.io/","timestamp":"2026-03-07T07:29:14.423Z"}
{"context":"API","level":"info","message":"GET /socket.io/","timestamp":"2026-03-07T07:29:14.453Z"}
{"context":"API","level":"info","message":"GET /socket.io/","timestamp":"2026-03-07T07:29:14.482Z"}
{"context":"API","level":"info","message":"GET /socket.io/","timestamp":"2026-03-07T07:29:19.500Z"}
{"context":"API","level":"info","message":"GET /socket.io/","timestamp":"2026-03-07T07:29:19.532Z"}
{"context":"API","level":"info","message":"GET /socket.io/","timestamp":"2026-03-07T07:29:24.550Z"}
{"context":"API","level":"info","message":"GET /socket.io/","timestamp":"2026-03-07T07:29:29.567Z"}
{"context":"API","level":"info","message":"GET /socket.io/","timestamp":"2026-03-07T07:29:29.589Z"}
{"context":"API","level":"info","message":"GET /socket.io/","timestamp":"2026-03-07T07:29:29.623Z"}
{"context":"API","level":"info","message":"GET /socket.io/","timestamp":"2026-03-07T07:29:34.648Z"}
{"context":"API","level":"info","message":"GET /socket.io/","timestamp":"2026-03-07T07:29:34.669Z"}
{"context":"API","level":"info","message":"GET /socket.io/","timestamp":"2026-03-07T07:29:34.701Z"}
{"context":"API","level":"info","message":"GET /socket.io/","timestamp":"2026-03-07T07:29:34.732Z"}
{"context":"API","level":"info","message":"GET /socket.io/","timestamp":"2026-03-07T07:29:39.763Z"}
{"context":"API","level":"info","message":"GET /socket.io/","timestamp":"2026-03-07T07:29:44.780Z"}
{"context":"API","level":"info","message":"GET /socket.io/","timestamp":"2026-03-07T07:29:44.798Z"}
{"context":"API","level":"info","message":"GET /socket.io/","timestamp":"2026-03-07T07:29:49.825Z"}
{"context":"API","level":"info","message":"GET /socket.io/","timestamp":"2026-03-07T07:29:49.857Z"}
{"context":"API","level":"info","message":"GET /socket.io/","timestamp":"2026-03-07T07:29:49.888Z"}
{"context":"API","level":"info","message":"GET /socket.io/","timestamp":"2026-03-07T07:29:54.919Z"}
{"context":"API","level":"info","message":"GET /socket.io/","timestamp":"2026-03-07T07:29:59.983Z"}
{"context":"API","level":"info","message":"GET /socket.io/","timestamp":"2026-03-07T07:30:00.308Z"}
{"context":"API","level":"info","message":"GET /socket.io/","timestamp":"2026-03-07T07:30:00.352Z"}
{"context":"API","level":"info","message":"GET /socket.io/","timestamp":"2026-03-07T07:30:00.535Z"}
{"context":"API","level":"info","message":"GET /socket.io/","timestamp":"2026-03-07T07:30:05.775Z"}
{"context":"API","level":"info","message":"GET /socket.io/","timestamp":"2026-03-07T07:30:05.812Z"}
{"context":"API","level":"info","message":"GET /socket.io/","timestamp":"2026-03-07T07:30:10.837Z"}
{"context":"API","level":"info","message":"GET /socket.io/","timestamp":"2026-03-07T07:30:10.866Z"}
{"context":"API","level":"info","message":"GET /socket.io/","timestamp":"2026-03-07T07:30:10.898Z"}
{"context":"API","level":"info","message":"GET /socket.io/","timestamp":"2026-03-07T07:30:10.930Z"}
{"context":"API","level":"info","message":"GET /socket.io/","timestamp":"2026-03-07T07:30:15.953Z"}
{"context":"API","level":"info","message":"GET /socket.io/","timestamp":"2026-03-07T07:30:15.985Z"}
{"context":"API","level":"info","message":"GET /socket.io/","timestamp":"2026-03-07T07:30:16.016Z"}
{"context":"API","level":"info","message":"GET /socket.io/","timestamp":"2026-03-07T07:30:21.045Z"}
{"context":"API","level":"info","message":"GET /socket.io/","timestamp":"2026-03-07T07:30:21.578Z"}
{"context":"API","level":"info","message":"GET /socket.io/","timestamp":"2026-03-07T07:30:21.601Z"}
{"context":"API","level":"info","message":"GET /socket.io/","timestamp":"2026-03-07T07:30:26.650Z"}
{"context":"API","level":"info","message":"GET /socket.io/","timestamp":"2026-03-07T07:30:26.669Z"}
{"context":"API","level":"info","message":"GET /socket.io/","timestamp":"2026-03-07T07:30:26.700Z"}
{"context":"API","level":"info","message":"GET /socket.io/","timestamp":"2026-03-07T07:30:26.741Z"}
{"context":"API","level":"info","message":"GET /socket.io/","timestamp":"2026-03-07T07:30:26.773Z"}
{"context":"API","level":"info","message":"GET /socket.io/","timestamp":"2026-03-07T07:30:31.794Z"}
{"context":"API","level":"info","message":"GET /socket.io/","timestamp":"2026-03-07T07:30:36.815Z"}
{"context":"API","level":"info","message":"GET /socket.io/","timestamp":"2026-03-07T07:30:36.846Z"}
{"context":"API","level":"info","message":"GET /socket.io/","timestamp":"2026-03-07T07:30:36.878Z"}
{"context":"API","level":"info","message":"GET /socket.io/","timestamp":"2026-03-07T07:30:41.950Z"}
{"context":"API","level":"info","message":"GET /socket.io/","timestamp":"2026-03-07T07:30:46.980Z"}
{"context":"API","level":"info","message":"GET /socket.io/","timestamp":"2026-03-07T07:30:52.006Z"}
{"context":"API","level":"info","message":"GET /socket.io/","timestamp":"2026-03-07T07:30:57.031Z"}
{"context":"API","level":"info","message":"GET /socket.io/","timestamp":"2026-03-07T07:30:57.063Z"}
{"context":"API","level":"info","message":"GET /socket.io/","timestamp":"2026-03-07T07:30:57.081Z"}
{"context":"API","level":"info","message":"GET /socket.io/","timestamp":"2026-03-07T07:30:57.100Z"}
{"context":"API","level":"info","message":"GET /socket.io/","timestamp":"2026-03-07T07:31:02.134Z"}
{"context":"API","level":"info","message":"GET /socket.io/","timestamp":"2026-03-07T07:31:07.153Z"}
{"context":"API","level":"info","message":"GET /socket.io/","timestamp":"2026-03-07T07:31:07.185Z"}
{"context":"API","level":"info","message":"GET /socket.io/","timestamp":"2026-03-07T07:31:12.414Z"}
{"context":"API","level":"info","message":"GET /socket.io/","timestamp":"2026-03-07T07:31:17.435Z"}
{"context":"API","level":"info","message":"GET /socket.io/","timestamp":"2026-03-07T07:31:22.463Z"}
{"context":"API","level":"info","message":"GET /socket.io/","timestamp":"2026-03-07T07:31:27.528Z"}
{"context":"API","level":"info","message":"GET /socket.io/","timestamp":"2026-03-07T07:31:27.563Z"}
{"context":"API","level":"info","message":"GET /socket.io/","timestamp":"2026-03-07T07:31:27.582Z"}
{"context":"API","level":"info","message":"GET /socket.io/","timestamp":"2026-03-07T07:31:32.599Z"}
{"context":"API","level":"info","message":"GET /socket.io/","timestamp":"2026-03-07T07:31:37.619Z"}
{"context":"API","level":"info","message":"GET /socket.io/","timestamp":"2026-03-07T07:31:42.648Z"}
{"context":"API","level":"info","message":"GET /socket.io/","timestamp":"2026-03-07T07:31:42.684Z"}
{"context":"API","level":"info","message":"GET /socket.io/","timestamp":"2026-03-07T07:31:47.716Z"}
{"context":"API","level":"info","message":"GET /socket.io/","timestamp":"2026-03-07T07:31:47.745Z"}
{"context":"API","level":"info","message":"GET /socket.io/","timestamp":"2026-03-07T07:31:52.775Z"}
{"context":"API","level":"info","message":"GET /socket.io/","timestamp":"2026-03-07T07:31:52.806Z"}
{"context":"API","level":"info","message":"GET /socket.io/","timestamp":"2026-03-07T07:31:52.838Z"}
{"context":"API","level":"info","message":"GET /socket.io/","timestamp":"2026-03-07T07:31:52.994Z"}
{"context":"API","level":"info","message":"GET /socket.io/","timestamp":"2026-03-07T07:31:58.025Z"}
{"context":"API","level":"info","message":"GET /socket.io/","timestamp":"2026-03-07T07:32:03.047Z"}
{"context":"API","level":"info","message":"GET /socket.io/","timestamp":"2026-03-07T07:32:03.067Z"}
{"context":"API","level":"info","message":"GET /socket.io/","timestamp":"2026-03-07T07:32:03.088Z"}
{"context":"API","level":"info","message":"GET /socket.io/","timestamp":"2026-03-07T07:32:08.117Z"}
{"context":"API","level":"info","message":"GET /socket.io/","timestamp":"2026-03-07T07:32:08.151Z"}
{"context":"API","level":"info","message":"GET /socket.io/","timestamp":"2026-03-07T07:32:13.181Z"}
{"context":"API","level":"info","message":"GET /socket.io/","timestamp":"2026-03-07T07:32:13.228Z"}
{"context":"API","level":"info","message":"GET /socket.io/","timestamp":"2026-03-07T07:32:13.249Z"}
{"context":"API","level":"info","message":"GET /socket.io/","timestamp":"2026-03-07T07:32:13.267Z"}
{"context":"API","level":"info","message":"GET /socket.io/","timestamp":"2026-03-07T07:32:18.292Z"}
{"context":"API","level":"info","message":"GET /socket.io/","timestamp":"2026-03-07T07:32:18.323Z"}
{"context":"API","level":"info","message":"GET /socket.io/","timestamp":"2026-03-07T07:32:23.348Z"}
{"context":"API","level":"info","message":"GET /socket.io/","timestamp":"2026-03-07T07:32:28.369Z"}
{"context":"API","level":"info","message":"GET /socket.io/","timestamp":"2026-03-07T07:32:33.486Z"}
{"context":"API","level":"info","message":"GET /socket.io/","timestamp":"2026-03-07T07:32:38.498Z"}
{"context":"API","level":"info","message":"GET /socket.io/","timestamp":"2026-03-07T07:32:38.530Z"}
{"context":"API","level":"info","message":"GET /socket.io/","timestamp":"2026-03-07T07:32:38.563Z"}
{"context":"API","level":"info","message":"GET /socket.io/","timestamp":"2026-03-07T07:32:38.580Z"}
{"context":"API","level":"info","message":"GET /socket.io/","timestamp":"2026-03-07T07:32:43.618Z"}
{"context":"API","level":"info","message":"GET /socket.io/","timestamp":"2026-03-07T07:32:48.649Z"}
{"context":"API","level":"info","message":"GET /socket.io/","timestamp":"2026-03-07T07:32:48.680Z"}
{"context":"API","level":"info","message":"GET /socket.io/","timestamp":"2026-03-07T07:32:53.983Z"}
{"context":"API","level":"info","message":"GET /socket.io/","timestamp":"2026-03-07T07:32:54.063Z"}
{"context":"API","level":"info","message":"GET /socket.io/","timestamp":"2026-03-07T07:32:59.089Z"}
{"context":"API","level":"info","message":"GET /socket.io/","timestamp":"2026-03-07T07:32:59.115Z"}
{"context":"API","level":"info","message":"GET /socket.io/","timestamp":"2026-03-07T07:32:59.147Z"}
{"context":"API","level":"info","message":"GET /socket.io/","timestamp":"2026-03-07T07:33:04.165Z"}
{"context":"API","level":"info","message":"GET /socket.io/","timestamp":"2026-03-07T07:33:09.194Z"}
{"context":"API","level":"info","message":"GET /socket.io/","timestamp":"2026-03-07T07:33:09.225Z"}
{"context":"API","level":"info","message":"GET /socket.io/","timestamp":"2026-03-07T07:33:14.245Z"}
{"context":"API","level":"info","message":"GET /socket.io/","timestamp":"2026-03-07T07:33:14.276Z"}
{"context":"API","level":"info","message":"GET /socket.io/","timestamp":"2026-03-07T07:33:19.306Z"}
{"context":"API","level":"info","message":"GET /socket.io/","timestamp":"2026-03-07T07:33:24.329Z"}
{"context":"API","level":"info","message":"GET /socket.io/","timestamp":"2026-03-07T07:33:29.355Z"}
{"context":"API","level":"info","message":"GET /socket.io/","timestamp":"2026-03-07T07:33:29.387Z"}
{"context":"API","level":"info","message":"GET /socket.io/","timestamp":"2026-03-07T07:33:34.480Z"}
{"context":"API","level":"info","message":"GET /socket.io/","timestamp":"2026-03-07T07:33:39.497Z"}
{"context":"API","level":"info","message":"GET /socket.io/","timestamp":"2026-03-07T07:33:44.569Z"}
{"context":"API","level":"info","message":"GET /socket.io/","timestamp":"2026-03-07T07:33:49.583Z"}
{"context":"API","level":"info","message":"GET /socket.io/","timestamp":"2026-03-07T07:33:54.602Z"}
{"context":"API","level":"info","message":"GET /socket.io/","timestamp":"2026-03-07T07:33:59.630Z"}
{"context":"API","level":"info","message":"GET /socket.io/","timestamp":"2026-03-07T07:33:59.732Z"}
{"context":"API","level":"info","message":"GET /socket.io/","timestamp":"2026-03-07T07:34:05.481Z"}
{"context":"API","level":"info","message":"GET /socket.io/","timestamp":"2026-03-07T07:34:05.513Z"}
{"context":"API","level":"info","message":"GET /socket.io/","timestamp":"2026-03-07T07:34:10.542Z"}
{"context":"API","level":"info","message":"GET /socket.io/","timestamp":"2026-03-07T07:34:15.595Z"}
{"context":"API","level":"info","message":"GET /socket.io/","timestamp":"2026-03-07T07:34:15.642Z"}
{"context":"API","level":"info","message":"GET /socket.io/","timestamp":"2026-03-07T07:34:15.676Z"}
{"context":"API","level":"info","message":"GET /socket.io/","timestamp":"2026-03-07T07:34:15.904Z"}
{"context":"API","level":"info","message":"GET /socket.io/","timestamp":"2026-03-07T07:34:20.956Z"}
{"context":"API","level":"info","message":"GET /socket.io/","timestamp":"2026-03-07T07:34:20.981Z"}
{"context":"API","level":"info","message":"GET /socket.io/","timestamp":"2026-03-07T07:34:26.081Z"}
{"context":"API","level":"info","message":"GET /socket.io/","timestamp":"2026-03-07T07:34:26.114Z"}
{"context":"API","level":"info","message":"GET /socket.io/","timestamp":"2026-03-07T07:34:26.180Z"}
{"context":"API","level":"info","message":"GET /socket.io/","timestamp":"2026-03-07T07:34:26.211Z"}
{"context":"API","level":"info","message":"GET /socket.io/","timestamp":"2026-03-07T07:34:31.228Z"}
{"context":"API","level":"info","message":"GET /socket.io/","timestamp":"2026-03-07T07:34:31.373Z"}
{"context":"API","level":"info","message":"GET /socket.io/","timestamp":"2026-03-07T07:34:31.382Z"}
{"context":"API","level":"info","message":"GET /socket.io/","timestamp":"2026-03-07T07:34:31.413Z"}
{"context":"API","level":"info","message":"GET /socket.io/","timestamp":"2026-03-07T07:34:36.430Z"}
{"context":"API","level":"info","message":"GET /socket.io/","timestamp":"2026-03-07T07:34:36.448Z"}
{"context":"API","level":"info","message":"GET /socket.io/","timestamp":"2026-03-07T07:34:41.487Z"}
{"context":"API","level":"info","message":"GET /socket.io/","timestamp":"2026-03-07T07:34:46.499Z"}
{"context":"API","level":"info","message":"GET /socket.io/","timestamp":"2026-03-07T07:34:46.530Z"}
{"context":"API","level":"info","message":"GET /socket.io/","timestamp":"2026-03-07T07:34:51.553Z"}
{"context":"API","level":"info","message":"GET /socket.io/","timestamp":"2026-03-07T07:34:56.576Z"}
{"context":"API","level":"info","message":"GET /socket.io/","timestamp":"2026-03-07T07:34:56.881Z"}
{"context":"API","level":"info","message":"GET /socket.io/","timestamp":"2026-03-07T07:34:56.913Z"}
{"context":"API","level":"info","message":"GET /socket.io/","timestamp":"2026-03-07T07:35:01.940Z"}
{"context":"API","level":"info","message":"GET /socket.io/","timestamp":"2026-03-07T07:35:06.969Z"}
{"context":"API","level":"info","message":"GET /socket.io/","timestamp":"2026-03-07T07:35:11.992Z"}
{"context":"API","level":"info","message":"GET /socket.io/","timestamp":"2026-03-07T07:35:12.023Z"}
{"context":"API","level":"info","message":"GET /socket.io/","timestamp":"2026-03-07T07:35:17.055Z"}
{"context":"API","level":"info","message":"GET /socket.io/","timestamp":"2026-03-07T07:35:17.092Z"}
{"context":"API","level":"info","message":"GET /socket.io/","timestamp":"2026-03-07T07:35:22.113Z"}
{"context":"API","level":"info","message":"GET /socket.io/","timestamp":"2026-03-07T07:35:22.144Z"}
{"context":"API","level":"info","message":"GET /socket.io/","timestamp":"2026-03-07T07:35:22.176Z"}
{"context":"API","level":"info","message":"GET /socket.io/","timestamp":"2026-03-07T07:35:27.196Z"}
{"context":"API","level":"info","message":"GET /socket.io/","timestamp":"2026-03-07T07:35:32.226Z"}
{"context":"API","level":"info","message":"GET /socket.io/","timestamp":"2026-03-07T07:35:37.244Z"}
{"context":"API","level":"info","message":"GET /socket.io/","timestamp":"2026-03-07T07:35:42.467Z"}
{"context":"API","level":"info","message":"GET /socket.io/","timestamp":"2026-03-07T07:35:48.024Z"}
{"context":"API","level":"info","message":"GET /socket.io/","timestamp":"2026-03-07T07:35:48.076Z"}
{"context":"API","level":"info","message":"GET /socket.io/","timestamp":"2026-03-07T07:35:53.156Z"}
{"context":"API","level":"info","message":"GET /socket.io/","timestamp":"2026-03-07T07:35:58.177Z"}
{"context":"API","level":"info","message":"GET /socket.io/","timestamp":"2026-03-07T07:35:58.252Z"}
{"context":"API","level":"info","message":"GET /socket.io/","timestamp":"2026-03-07T07:35:58.287Z"}
{"context":"API","level":"info","message":"GET /socket.io/","timestamp":"2026-03-07T07:35:58.319Z"}
{"context":"API","level":"info","message":"GET /socket.io/","timestamp":"2026-03-07T07:36:03.341Z"}
{"context":"API","level":"info","message":"GET /socket.io/","timestamp":"2026-03-07T07:36:08.366Z"}
{"context":"API","level":"info","message":"GET /socket.io/","timestamp":"2026-03-07T07:36:08.397Z"}
{"context":"API","level":"info","message":"GET /socket.io/","timestamp":"2026-03-07T07:36:13.425Z"}
{"context":"API","level":"info","message":"GET /socket.io/","timestamp":"2026-03-07T07:36:18.445Z"}
{"context":"API","level":"info","message":"GET /socket.io/","timestamp":"2026-03-07T07:36:23.474Z"}
{"context":"API","level":"info","message":"GET /socket.io/","timestamp":"2026-03-07T07:36:23.504Z"}
{"context":"API","level":"info","message":"GET /socket.io/","timestamp":"2026-03-07T07:36:23.537Z"}
{"context":"API","level":"info","message":"GET /socket.io/","timestamp":"2026-03-07T07:36:28.562Z"}
{"context":"API","level":"info","message":"GET /socket.io/","timestamp":"2026-03-07T07:36:33.620Z"}
{"context":"API","level":"info","message":"GET /socket.io/","timestamp":"2026-03-07T07:36:33.646Z"}
{"context":"API","level":"info","message":"GET /socket.io/","timestamp":"2026-03-07T07:36:38.706Z"}
{"context":"API","level":"info","message":"GET /socket.io/","timestamp":"2026-03-07T07:36:43.741Z"}
{"context":"API","level":"info","message":"GET /socket.io/","timestamp":"2026-03-07T07:36:48.768Z"}
{"context":"API","level":"info","message":"GET /socket.io/","timestamp":"2026-03-07T07:36:53.790Z"}
{"context":"API","level":"info","message":"GET /socket.io/","timestamp":"2026-03-07T07:36:53.823Z"}
{"context":"API","level":"info","message":"GET /socket.io/","timestamp":"2026-03-07T07:36:58.864Z"}
{"context":"API","level":"info","message":"GET /socket.io/","timestamp":"2026-03-07T07:37:03.902Z"}
{"context":"API","level":"info","message":"GET /socket.io/","timestamp":"2026-03-07T07:37:08.949Z"}
{"context":"API","level":"info","message":"GET /socket.io/","timestamp":"2026-03-07T07:37:13.971Z"}
{"context":"API","level":"info","message":"GET /socket.io/","timestamp":"2026-03-07T07:37:14.001Z"}
{"context":"API","level":"info","message":"GET /socket.io/","timestamp":"2026-03-07T07:37:14.032Z"}
{"context":"API","level":"info","message":"GET /socket.io/","timestamp":"2026-03-07T07:37:14.062Z"}
{"context":"API","level":"info","message":"GET /socket.io/","timestamp":"2026-03-07T07:37:14.181Z"}
{"context":"API","level":"info","message":"GET /socket.io/","timestamp":"2026-03-07T07:37:19.207Z"}
{"context":"API","level":"info","message":"GET /socket.io/","timestamp":"2026-03-07T07:37:24.243Z"}
{"context":"API","level":"info","message":"GET /socket.io/","timestamp":"2026-03-07T07:37:29.259Z"}
{"context":"API","level":"info","message":"GET /socket.io/","timestamp":"2026-03-07T07:37:34.283Z"}
{"context":"API","level":"info","message":"GET /socket.io/","timestamp":"2026-03-07T07:37:34.313Z"}
{"context":"API","level":"info","message":"GET /socket.io/","timestamp":"2026-03-07T07:37:39.347Z"}
{"context":"API","level":"info","message":"GET /socket.io/","timestamp":"2026-03-07T07:37:39.376Z"}
{"context":"API","level":"info","message":"GET /socket.io/","timestamp":"2026-03-07T07:37:39.408Z"}
{"context":"API","level":"info","message":"GET /socket.io/","timestamp":"2026-03-07T07:37:44.436Z"}
{"context":"API","level":"info","message":"GET /socket.io/","timestamp":"2026-03-07T07:37:44.455Z"}
{"context":"API","level":"info","message":"GET /socket.io/","timestamp":"2026-03-07T07:37:44.485Z"}
{"context":"API","level":"info","message":"GET /socket.io/","timestamp":"2026-03-07T07:37:49.552Z"}
{"context":"API","level":"info","message":"GET /socket.io/","timestamp":"2026-03-07T07:37:54.582Z"}
{"context":"API","level":"info","message":"GET /socket.io/","timestamp":"2026-03-07T07:37:59.588Z"}
{"context":"API","level":"info","message":"GET /socket.io/","timestamp":"2026-03-07T07:38:04.615Z"}
{"context":"API","level":"info","message":"GET /socket.io/","timestamp":"2026-03-07T07:38:09.688Z"}
{"context":"API","level":"info","message":"GET /socket.io/","timestamp":"2026-03-07T07:38:14.729Z"}
{"context":"API","level":"info","message":"GET /socket.io/","timestamp":"2026-03-07T07:38:19.754Z"}
{"context":"API","level":"info","message":"GET /socket.io/","timestamp":"2026-03-07T07:38:24.776Z"}
{"context":"API","level":"info","message":"GET /socket.io/","timestamp":"2026-03-07T07:38:24.808Z"}
{"context":"API","level":"info","message":"GET /socket.io/","timestamp":"2026-03-07T07:38:24.840Z"}
{"context":"API","level":"info","message":"GET /socket.io/","timestamp":"2026-03-07T07:38:24.873Z"}
{"context":"API","level":"info","message":"GET /socket.io/","timestamp":"2026-03-07T07:38:30.053Z"}
{"context":"API","level":"info","message":"GET /socket.io/","timestamp":"2026-03-07T07:38:30.076Z"}
{"context":"API","level":"info","message":"GET /socket.io/","timestamp":"2026-03-07T07:38:30.086Z"}
{"context":"API","level":"info","message":"GET /socket.io/","timestamp":"2026-03-07T07:38:30.142Z"}
{"context":"API","level":"info","message":"GET /socket.io/","timestamp":"2026-03-07T07:38:35.254Z"}
{"context":"API","level":"info","message":"GET /socket.io/","timestamp":"2026-03-07T07:38:40.275Z"}
{"context":"API","level":"info","message":"GET /socket.io/","timestamp":"2026-03-07T07:38:40.860Z"}
{"context":"API","level":"info","message":"GET /socket.io/","timestamp":"2026-03-07T07:38:45.887Z"}
{"context":"API","level":"info","message":"GET /socket.io/","timestamp":"2026-03-07T07:38:50.902Z"}
{"context":"API","level":"info","message":"GET /socket.io/","timestamp":"2026-03-07T07:38:55.926Z"}
{"context":"API","level":"info","message":"GET /socket.io/","timestamp":"2026-03-07T07:38:55.954Z"}
{"context":"API","level":"info","message":"GET /socket.io/","timestamp":"2026-03-07T07:38:55.985Z"}
{"context":"API","level":"info","message":"GET /socket.io/","timestamp":"2026-03-07T07:38:56.021Z"}
{"context":"API","level":"info","message":"GET /socket.io/","timestamp":"2026-03-07T07:38:56.053Z"}
{"context":"API","level":"info","message":"GET /socket.io/","timestamp":"2026-03-07T07:38:56.084Z"}
{"context":"API","level":"info","message":"GET /socket.io/","timestamp":"2026-03-07T07:39:01.106Z"}
{"context":"API","level":"info","message":"GET /socket.io/","timestamp":"2026-03-07T07:39:06.123Z"}
{"context":"API","level":"info","message":"GET /socket.io/","timestamp":"2026-03-07T07:39:06.154Z"}
{"context":"API","level":"info","message":"GET /socket.io/","timestamp":"2026-03-07T07:39:06.188Z"}
{"context":"API","level":"info","message":"GET /socket.io/","timestamp":"2026-03-07T07:39:11.204Z"}
{"context":"API","level":"info","message":"GET /socket.io/","timestamp":"2026-03-07T07:39:16.230Z"}
{"context":"API","level":"info","message":"GET /socket.io/","timestamp":"2026-03-07T07:39:21.252Z"}
{"context":"API","level":"info","message":"GET /socket.io/","timestamp":"2026-03-07T07:39:26.284Z"}
{"context":"API","level":"info","message":"GET /socket.io/","timestamp":"2026-03-07T07:39:26.317Z"}
{"context":"API","level":"info","message":"GET /socket.io/","timestamp":"2026-03-07T07:39:26.350Z"}
{"context":"API","level":"info","message":"GET /socket.io/","timestamp":"2026-03-07T07:39:31.374Z"}
{"context":"API","level":"info","message":"GET /socket.io/","timestamp":"2026-03-07T07:39:36.394Z"}
{"context":"API","level":"info","message":"GET /socket.io/","timestamp":"2026-03-07T07:39:41.417Z"}
{"context":"API","level":"info","message":"GET /socket.io/","timestamp":"2026-03-07T07:39:46.439Z"}
{"context":"API","level":"info","message":"GET /socket.io/","timestamp":"2026-03-07T07:39:51.456Z"}
{"context":"API","level":"info","message":"GET /socket.io/","timestamp":"2026-03-07T07:39:56.475Z"}
{"context":"API","level":"info","message":"GET /socket.io/","timestamp":"2026-03-07T07:39:56.509Z"}
{"context":"API","level":"info","message":"GET /socket.io/","timestamp":"2026-03-07T07:40:01.528Z"}
{"context":"API","level":"info","message":"GET /socket.io/","timestamp":"2026-03-07T07:40:06.551Z"}
{"context":"API","level":"info","message":"GET /socket.io/","timestamp":"2026-03-07T07:40:06.582Z"}
{"context":"API","level":"info","message":"GET /socket.io/","timestamp":"2026-03-07T07:40:06.605Z"}
{"context":"API","level":"info","message":"GET /socket.io/","timestamp":"2026-03-07T07:40:07.069Z"}
{"context":"API","level":"info","message":"GET /socket.io/","timestamp":"2026-03-07T07:40:12.101Z"}
{"context":"API","level":"info","message":"GET /socket.io/","timestamp":"2026-03-07T07:40:12.135Z"}
{"context":"API","level":"info","message":"GET /socket.io/","timestamp":"2026-03-07T07:40:17.165Z"}
{"context":"API","level":"info","message":"GET /socket.io/","timestamp":"2026-03-07T07:40:17.425Z"}
{"context":"API","level":"info","message":"GET /socket.io/","timestamp":"2026-03-07T07:40:17.450Z"}
{"context":"API","level":"info","message":"GET /socket.io/","timestamp":"2026-03-07T07:40:17.480Z"}
{"context":"API","level":"info","message":"GET /socket.io/","timestamp":"2026-03-07T07:40:22.506Z"}
{"context":"API","level":"info","message":"GET /socket.io/","timestamp":"2026-03-07T07:40:22.537Z"}
{"context":"API","level":"info","message":"GET /socket.io/","timestamp":"2026-03-07T07:40:27.565Z"}
{"context":"API","level":"info","message":"GET /socket.io/","timestamp":"2026-03-07T07:40:27.594Z"}
{"context":"API","level":"info","message":"GET /socket.io/","timestamp":"2026-03-07T07:40:27.627Z"}
{"context":"API","level":"info","message":"GET /socket.io/","timestamp":"2026-03-07T07:40:32.649Z"}
{"context":"API","level":"info","message":"GET /socket.io/","timestamp":"2026-03-07T07:40:37.758Z"}
{"context":"API","level":"info","message":"GET /socket.io/","timestamp":"2026-03-07T07:40:37.789Z"}
{"context":"API","level":"info","message":"GET /socket.io/","timestamp":"2026-03-07T07:40:37.917Z"}
{"context":"API","level":"info","message":"GET /socket.io/","timestamp":"2026-03-07T07:40:37.948Z"}
{"context":"API","level":"info","message":"GET /socket.io/","timestamp":"2026-03-07T07:40:42.976Z"}
{"context":"API","level":"info","message":"GET /socket.io/","timestamp":"2026-03-07T07:40:48.138Z"}
{"context":"API","level":"info","message":"GET /socket.io/","timestamp":"2026-03-07T07:40:48.351Z"}
{"context":"API","level":"info","message":"GET /socket.io/","timestamp":"2026-03-07T07:40:53.404Z"}
{"context":"API","level":"info","message":"GET /socket.io/","timestamp":"2026-03-07T07:40:53.491Z"}
{"context":"API","level":"info","message":"GET /socket.io/","timestamp":"2026-03-07T07:40:58.812Z"}
{"context":"API","level":"info","message":"GET /socket.io/","timestamp":"2026-03-07T07:40:58.836Z"}
{"context":"API","level":"info","message":"GET /socket.io/","timestamp":"2026-03-07T07:40:59.026Z"}
{"context":"API","level":"info","message":"GET /socket.io/","timestamp":"2026-03-07T07:40:59.059Z"}
{"context":"API","level":"info","message":"GET /socket.io/","timestamp":"2026-03-07T07:41:04.171Z"}
{"context":"API","level":"info","message":"GET /socket.io/","timestamp":"2026-03-07T07:41:04.237Z"}
{"context":"API","level":"info","message":"GET /socket.io/","timestamp":"2026-03-07T07:41:09.251Z"}
{"context":"API","level":"info","message":"🚀 Report API running → http://localhost:3000","timestamp":"2026-03-07T07:41:12.548Z"}
{"context":"API","level":"info","message":"   GET  /api/reports                — list all reports","timestamp":"2026-03-07T07:41:12.549Z"}
{"context":"API","level":"info","message":"   GET  /api/reports/:uuid/pdf      — download PDF","timestamp":"2026-03-07T07:41:12.549Z"}
{"context":"API","level":"info","message":"   GET  /api/reports/:uuid/view     — view PDF in browser","timestamp":"2026-03-07T07:41:12.550Z"}
{"context":"API","level":"info","message":"   GET  /api/health                 — server + DB status","timestamp":"2026-03-07T07:41:12.550Z"}
{"context":"API","level":"info","message":"GET /socket.io/","timestamp":"2026-03-07T07:41:14.280Z"}
{"context":"API","level":"info","message":"GET /socket.io/","timestamp":"2026-03-07T07:41:14.311Z"}
{"context":"API","level":"info","message":"GET /socket.io/","timestamp":"2026-03-07T07:41:14.343Z"}
{"context":"API","level":"info","message":"GET /socket.io/","timestamp":"2026-03-07T07:41:19.368Z"}
{"context":"API","level":"info","message":"GET /socket.io/","timestamp":"2026-03-07T07:41:24.392Z"}
{"context":"API","level":"info","message":"GET /socket.io/","timestamp":"2026-03-07T07:41:24.426Z"}
{"context":"API","level":"info","message":"GET /socket.io/","timestamp":"2026-03-07T07:41:24.455Z"}
{"context":"API","level":"info","message":"GET /socket.io/","timestamp":"2026-03-07T07:41:24.483Z"}
{"context":"API","level":"info","message":"GET /socket.io/","timestamp":"2026-03-07T07:41:29.512Z"}
{"context":"API","level":"info","message":"GET /socket.io/","timestamp":"2026-03-07T07:41:29.543Z"}
{"context":"API","level":"info","message":"GET /socket.io/","timestamp":"2026-03-07T07:41:29.581Z"}
{"context":"API","level":"info","message":"GET /socket.io/","timestamp":"2026-03-07T07:41:34.593Z"}
{"context":"API","level":"info","message":"GET /socket.io/","timestamp":"2026-03-07T07:41:39.602Z"}
{"context":"API","level":"info","message":"GET /socket.io/","timestamp":"2026-03-07T07:41:39.624Z"}
{"context":"API","level":"info","message":"GET /socket.io/","timestamp":"2026-03-07T07:41:40.167Z"}
{"context":"API","level":"info","message":"GET /socket.io/","timestamp":"2026-03-07T07:41:40.213Z"}
{"context":"API","level":"info","message":"GET /socket.io/","timestamp":"2026-03-07T07:41:40.250Z"}
{"context":"API","level":"info","message":"GET /socket.io/","timestamp":"2026-03-07T07:41:45.268Z"}
{"context":"API","level":"info","message":"GET /socket.io/","timestamp":"2026-03-07T07:41:50.414Z"}
{"context":"API","level":"info","message":"GET /socket.io/","timestamp":"2026-03-07T07:41:55.432Z"}
{"context":"API","level":"info","message":"GET /socket.io/","timestamp":"2026-03-07T07:41:55.462Z"}
{"context":"API","level":"info","message":"GET /socket.io/","timestamp":"2026-03-07T07:41:55.494Z"}
{"context":"API","level":"info","message":"GET /socket.io/","timestamp":"2026-03-07T07:42:00.513Z"}
{"context":"API","level":"info","message":"GET /socket.io/","timestamp":"2026-03-07T07:42:05.536Z"}
{"context":"API","level":"info","message":"GET /socket.io/","timestamp":"2026-03-07T07:42:10.552Z"}
{"context":"API","level":"info","message":"GET /socket.io/","timestamp":"2026-03-07T07:42:10.584Z"}
{"context":"API","level":"info","message":"GET /socket.io/","timestamp":"2026-03-07T07:42:15.609Z"}
{"context":"API","level":"info","message":"GET /socket.io/","timestamp":"2026-03-07T07:42:15.625Z"}
{"context":"API","level":"info","message":"GET /socket.io/","timestamp":"2026-03-07T07:42:15.742Z"}
{"context":"API","level":"info","message":"GET /socket.io/","timestamp":"2026-03-07T07:42:15.766Z"}
{"context":"API","level":"info","message":"GET /socket.io/","timestamp":"2026-03-07T07:42:15.803Z"}
{"context":"API","level":"info","message":"GET /socket.io/","timestamp":"2026-03-07T07:42:20.836Z"}
{"context":"API","level":"info","message":"GET /socket.io/","timestamp":"2026-03-07T07:42:20.868Z"}
{"context":"API","level":"info","message":"GET /socket.io/","timestamp":"2026-03-07T07:42:20.899Z"}
{"context":"API","level":"info","message":"GET /socket.io/","timestamp":"2026-03-07T07:42:25.930Z"}
{"context":"API","level":"info","message":"GET /socket.io/","timestamp":"2026-03-07T07:42:30.952Z"}
{"context":"API","level":"info","message":"GET /socket.io/","timestamp":"2026-03-07T07:42:30.988Z"}
{"context":"API","level":"info","message":"GET /socket.io/","timestamp":"2026-03-07T07:42:31.019Z"}
{"context":"API","level":"info","message":"GET /socket.io/","timestamp":"2026-03-07T07:42:36.047Z"}
{"context":"API","level":"info","message":"GET /socket.io/","timestamp":"2026-03-07T07:42:36.075Z"}
{"context":"API","level":"info","message":"GET /socket.io/","timestamp":"2026-03-07T07:42:41.082Z"}
{"context":"API","level":"info","message":"GET /socket.io/","timestamp":"2026-03-07T07:42:46.153Z"}
{"context":"API","level":"info","message":"GET /socket.io/","timestamp":"2026-03-07T07:42:51.173Z"}
{"context":"API","level":"info","message":"GET /socket.io/","timestamp":"2026-03-07T07:42:56.202Z"}
{"context":"API","level":"info","message":"GET /socket.io/","timestamp":"2026-03-07T07:43:01.234Z"}
{"context":"API","level":"info","message":"GET /socket.io/","timestamp":"2026-03-07T07:43:06.254Z"}
{"context":"API","level":"info","message":"GET /socket.io/","timestamp":"2026-03-07T07:43:11.283Z"}
{"context":"API","level":"info","message":"GET /socket.io/","timestamp":"2026-03-07T07:43:11.490Z"}
{"context":"API","level":"info","message":"GET /socket.io/","timestamp":"2026-03-07T07:43:11.521Z"}
{"context":"API","level":"info","message":"GET /socket.io/","timestamp":"2026-03-07T07:43:11.682Z"}
{"context":"API","level":"info","message":"GET /socket.io/","timestamp":"2026-03-07T07:43:16.704Z"}
{"context":"API","level":"info","message":"GET /socket.io/","timestamp":"2026-03-07T07:43:16.735Z"}
{"context":"API","level":"info","message":"GET /socket.io/","timestamp":"2026-03-07T07:43:16.767Z"}
{"context":"API","level":"info","message":"GET /socket.io/","timestamp":"2026-03-07T07:43:16.798Z"}
{"context":"API","level":"info","message":"GET /socket.io/","timestamp":"2026-03-07T07:43:16.828Z"}
{"context":"API","level":"info","message":"GET /socket.io/","timestamp":"2026-03-07T07:43:21.851Z"}
{"context":"API","level":"info","message":"GET /socket.io/","timestamp":"2026-03-07T07:43:26.873Z"}
{"context":"API","level":"info","message":"GET /socket.io/","timestamp":"2026-03-07T07:43:26.905Z"}
{"context":"API","level":"info","message":"GET /socket.io/","timestamp":"2026-03-07T07:43:31.919Z"}
{"context":"API","level":"info","message":"GET /socket.io/","timestamp":"2026-03-07T07:43:31.936Z"}
{"context":"API","level":"info","message":"GET /socket.io/","timestamp":"2026-03-07T07:43:31.971Z"}
{"context":"API","level":"info","message":"GET /socket.io/","timestamp":"2026-03-07T07:43:36.986Z"}
{"context":"API","level":"info","message":"GET /socket.io/","timestamp":"2026-03-07T07:43:37.003Z"}
{"context":"API","level":"info","message":"GET /socket.io/","timestamp":"2026-03-07T07:43:37.039Z"}
{"context":"API","level":"info","message":"GET /socket.io/","timestamp":"2026-03-07T07:43:42.066Z"}
{"context":"API","level":"info","message":"GET /socket.io/","timestamp":"2026-03-07T07:43:42.102Z"}
{"context":"API","level":"info","message":"GET /socket.io/","timestamp":"2026-03-07T07:43:47.123Z"}
{"context":"API","level":"info","message":"GET /socket.io/","timestamp":"2026-03-07T07:43:52.149Z"}
{"context":"API","level":"info","message":"GET /socket.io/","timestamp":"2026-03-07T07:43:52.163Z"}
{"context":"API","level":"info","message":"GET /socket.io/","timestamp":"2026-03-07T07:43:57.184Z"}
{"context":"API","level":"info","message":"GET /socket.io/","timestamp":"2026-03-07T07:44:02.204Z"}
{"context":"API","level":"info","message":"GET /socket.io/","timestamp":"2026-03-07T07:44:02.234Z"}
{"context":"API","level":"info","message":"GET /socket.io/","timestamp":"2026-03-07T07:44:02.261Z"}
{"context":"API","level":"info","message":"GET /socket.io/","timestamp":"2026-03-07T07:44:07.292Z"}
{"context":"API","level":"info","message":"GET /socket.io/","timestamp":"2026-03-07T07:44:12.313Z"}
{"context":"API","level":"info","message":"GET /socket.io/","timestamp":"2026-03-07T07:44:12.337Z"}
{"context":"API","level":"info","message":"GET /socket.io/","timestamp":"2026-03-07T07:44:12.369Z"}
{"context":"API","level":"info","message":"GET /socket.io/","timestamp":"2026-03-07T07:44:17.388Z"}
{"context":"API","level":"info","message":"GET /socket.io/","timestamp":"2026-03-07T07:44:22.420Z"}
{"context":"API","level":"info","message":"GET /socket.io/","timestamp":"2026-03-07T07:44:22.449Z"}
{"context":"API","level":"info","message":"GET /socket.io/","timestamp":"2026-03-07T07:44:27.463Z"}
{"context":"API","level":"info","message":"GET /socket.io/","timestamp":"2026-03-07T07:44:32.486Z"}
{"context":"API","level":"info","message":"GET /socket.io/","timestamp":"2026-03-07T07:44:32.503Z"}
{"context":"API","level":"info","message":"GET /socket.io/","timestamp":"2026-03-07T07:44:37.534Z"}
{"context":"API","level":"info","message":"GET /socket.io/","timestamp":"2026-03-07T07:44:37.580Z"}
{"context":"API","level":"info","message":"GET /socket.io/","timestamp":"2026-03-07T07:44:42.620Z"}
{"context":"API","level":"info","message":"GET /socket.io/","timestamp":"2026-03-07T07:44:47.637Z"}
{"context":"API","level":"info","message":"GET /socket.io/","timestamp":"2026-03-07T07:44:47.652Z"}
{"context":"API","level":"info","message":"GET /socket.io/","timestamp":"2026-03-07T07:44:47.689Z"}
{"context":"API","level":"info","message":"GET /socket.io/","timestamp":"2026-03-07T07:44:47.719Z"}
{"context":"API","level":"info","message":"GET /socket.io/","timestamp":"2026-03-07T07:44:47.741Z"}
{"context":"API","level":"info","message":"GET /socket.io/","timestamp":"2026-03-07T07:44:47.772Z"}
{"context":"API","level":"info","message":"GET /socket.io/","timestamp":"2026-03-07T07:44:52.801Z"}
{"context":"API","level":"info","message":"GET /socket.io/","timestamp":"2026-03-07T07:44:57.835Z"}
{"context":"API","level":"info","message":"GET /socket.io/","timestamp":"2026-03-07T07:44:57.852Z"}
{"context":"API","level":"info","message":"GET /socket.io/","timestamp":"2026-03-07T07:44:57.884Z"}
{"context":"API","level":"info","message":"GET /socket.io/","timestamp":"2026-03-07T07:44:57.916Z"}
{"context":"API","level":"info","message":"🚀 Report API running → http://localhost:3000","timestamp":"2026-03-07T07:45:00.752Z"}
{"context":"API","level":"info","message":"   GET  /api/reports                — list all reports","timestamp":"2026-03-07T07:45:00.752Z"}
{"context":"API","level":"info","message":"   GET  /api/reports/:uuid/pdf      — download PDF","timestamp":"2026-03-07T07:45:00.753Z"}
{"context":"API","level":"info","message":"   GET  /api/reports/:uuid/view     — view PDF in browser","timestamp":"2026-03-07T07:45:00.753Z"}
{"context":"API","level":"info","message":"   GET  /api/health                 — server + DB status","timestamp":"2026-03-07T07:45:00.753Z"}
{"context":"API","level":"info","message":"GET /socket.io/","timestamp":"2026-03-07T07:45:02.935Z"}
{"context":"API","level":"info","message":"GET /socket.io/","timestamp":"2026-03-07T07:45:07.960Z"}
{"context":"API","level":"info","message":"GET /socket.io/","timestamp":"2026-03-07T07:45:12.990Z"}
{"context":"API","level":"info","message":"GET /socket.io/","timestamp":"2026-03-07T07:45:18.004Z"}
{"context":"API","level":"info","message":"GET /socket.io/","timestamp":"2026-03-07T07:45:18.156Z"}
{"context":"API","level":"info","message":"GET /socket.io/","timestamp":"2026-03-07T07:45:18.182Z"}
{"context":"API","level":"info","message":"GET /socket.io/","timestamp":"2026-03-07T07:45:23.199Z"}
{"context":"API","level":"info","message":"GET /socket.io/","timestamp":"2026-03-07T07:45:23.232Z"}
{"context":"API","level":"info","message":"GET /socket.io/","timestamp":"2026-03-07T07:45:23.264Z"}
{"context":"API","level":"info","message":"GET /socket.io/","timestamp":"2026-03-07T07:45:23.296Z"}
{"context":"API","level":"info","message":"GET /socket.io/","timestamp":"2026-03-07T07:45:23.317Z"}
{"context":"API","level":"info","message":"GET /socket.io/","timestamp":"2026-03-07T07:45:23.336Z"}
{"context":"API","level":"info","message":"GET /socket.io/","timestamp":"2026-03-07T07:45:28.366Z"}
{"context":"API","level":"info","message":"GET /socket.io/","timestamp":"2026-03-07T07:45:33.472Z"}
{"context":"API","level":"info","message":"GET /socket.io/","timestamp":"2026-03-07T07:45:38.495Z"}
{"context":"API","level":"info","message":"GET /socket.io/","timestamp":"2026-03-07T07:45:43.516Z"}
{"context":"API","level":"info","message":"GET /socket.io/","timestamp":"2026-03-07T07:45:48.533Z"}
{"context":"API","level":"info","message":"GET /socket.io/","timestamp":"2026-03-07T07:45:48.566Z"}
{"context":"API","level":"info","message":"GET /socket.io/","timestamp":"2026-03-07T07:45:53.868Z"}
{"context":"API","level":"info","message":"GET /socket.io/","timestamp":"2026-03-07T07:45:59.086Z"}
{"context":"API","level":"info","message":"GET /socket.io/","timestamp":"2026-03-07T07:46:04.237Z"}
{"context":"API","level":"info","message":"GET /socket.io/","timestamp":"2026-03-07T07:46:04.395Z"}
{"context":"API","level":"info","message":"GET /socket.io/","timestamp":"2026-03-07T07:46:09.418Z"}
{"context":"API","level":"info","message":"GET /socket.io/","timestamp":"2026-03-07T07:46:14.449Z"}
{"context":"API","level":"info","message":"GET /socket.io/","timestamp":"2026-03-07T07:46:14.466Z"}
{"context":"API","level":"info","message":"GET /socket.io/","timestamp":"2026-03-07T07:46:19.483Z"}
{"context":"API","level":"info","message":"🚀 Report API running → http://localhost:3000","timestamp":"2026-03-07T07:46:20.001Z"}
{"context":"API","level":"info","message":"   GET  /api/reports                — list all reports","timestamp":"2026-03-07T07:46:20.002Z"}
{"context":"API","level":"info","message":"   GET  /api/reports/:uuid/pdf      — download PDF","timestamp":"2026-03-07T07:46:20.002Z"}
{"context":"API","level":"info","message":"   GET  /api/reports/:uuid/view     — view PDF in browser","timestamp":"2026-03-07T07:46:20.002Z"}
{"context":"API","level":"info","message":"   GET  /api/health                 — server + DB status","timestamp":"2026-03-07T07:46:20.003Z"}
{"context":"API","level":"info","message":"GET /socket.io/","timestamp":"2026-03-07T07:46:24.516Z"}
{"context":"API","level":"info","message":"GET /socket.io/","timestamp":"2026-03-07T07:46:24.546Z"}
{"context":"API","level":"info","message":"GET /socket.io/","timestamp":"2026-03-07T07:46:24.578Z"}
{"context":"API","level":"info","message":"GET /socket.io/","timestamp":"2026-03-07T07:46:24.600Z"}
{"context":"API","level":"info","message":"GET /socket.io/","timestamp":"2026-03-07T07:46:24.635Z"}
{"context":"API","level":"info","message":"GET /socket.io/","timestamp":"2026-03-07T07:46:24.701Z"}
{"context":"API","level":"info","message":"GET /socket.io/","timestamp":"2026-03-07T07:46:25.020Z"}
{"context":"API","level":"info","message":"GET /socket.io/","timestamp":"2026-03-07T07:46:30.047Z"}
{"context":"API","level":"info","message":"GET /socket.io/","timestamp":"2026-03-07T07:46:35.067Z"}
{"context":"API","level":"info","message":"GET /socket.io/","timestamp":"2026-03-07T07:46:35.085Z"}
{"context":"API","level":"info","message":"GET /socket.io/","timestamp":"2026-03-07T07:46:40.097Z"}
{"context":"API","level":"info","message":"GET /socket.io/","timestamp":"2026-03-07T07:46:45.118Z"}
{"context":"API","level":"info","message":"GET /socket.io/","timestamp":"2026-03-07T07:46:45.248Z"}
{"context":"API","level":"info","message":"GET /socket.io/","timestamp":"2026-03-07T07:46:45.284Z"}
{"context":"API","level":"info","message":"GET /socket.io/","timestamp":"2026-03-07T07:46:45.319Z"}
{"context":"API","level":"info","message":"GET /socket.io/","timestamp":"2026-03-07T07:46:50.334Z"}
{"context":"API","level":"info","message":"GET /socket.io/","timestamp":"2026-03-07T07:46:50.368Z"}
{"context":"API","level":"info","message":"GET /socket.io/","timestamp":"2026-03-07T07:46:55.400Z"}
{"context":"API","level":"info","message":"GET /socket.io/","timestamp":"2026-03-07T07:46:55.429Z"}
{"context":"API","level":"info","message":"GET /socket.io/","timestamp":"2026-03-07T07:46:55.463Z"}
{"context":"API","level":"info","message":"GET /socket.io/","timestamp":"2026-03-07T07:46:55.494Z"}
{"context":"API","level":"info","message":"GET /socket.io/","timestamp":"2026-03-07T07:46:55.532Z"}
{"context":"API","level":"info","message":"GET /socket.io/","timestamp":"2026-03-07T07:46:55.562Z"}
{"context":"API","level":"info","message":"GET /socket.io/","timestamp":"2026-03-07T07:47:00.581Z"}
{"context":"API","level":"info","message":"GET /socket.io/","timestamp":"2026-03-07T07:47:05.601Z"}
{"context":"API","level":"info","message":"GET /socket.io/","timestamp":"2026-03-07T07:47:05.649Z"}
{"context":"API","level":"info","message":"🚀 Report API running → http://localhost:3000","timestamp":"2026-03-07T07:47:09.827Z"}
{"context":"API","level":"info","message":"   GET  /api/reports                — list all reports","timestamp":"2026-03-07T07:47:09.827Z"}
{"context":"API","level":"info","message":"   GET  /api/reports/:uuid/pdf      — download PDF","timestamp":"2026-03-07T07:47:09.828Z"}
{"context":"API","level":"info","message":"   GET  /api/reports/:uuid/view     — view PDF in browser","timestamp":"2026-03-07T07:47:09.828Z"}
{"context":"API","level":"info","message":"   GET  /api/health                 — server + DB status","timestamp":"2026-03-07T07:47:09.828Z"}
{"context":"API","level":"info","message":"GET /socket.io/","timestamp":"2026-03-07T07:47:10.679Z"}
{"context":"API","level":"info","message":"GET /socket.io/","timestamp":"2026-03-07T07:47:10.735Z"}
{"context":"API","level":"info","message":"GET /socket.io/","timestamp":"2026-03-07T07:47:10.777Z"}
{"context":"API","level":"info","message":"GET /socket.io/","timestamp":"2026-03-07T07:47:15.797Z"}
{"context":"API","level":"info","message":"GET /socket.io/","timestamp":"2026-03-07T07:47:15.814Z"}
{"context":"API","level":"info","message":"GET /socket.io/","timestamp":"2026-03-07T07:47:20.849Z"}
{"context":"API","level":"info","message":"GET /socket.io/","timestamp":"2026-03-07T07:47:25.868Z"}
{"context":"API","level":"info","message":"GET /socket.io/","timestamp":"2026-03-07T07:47:30.944Z"}
{"context":"API","level":"info","message":"GET /socket.io/","timestamp":"2026-03-07T07:47:35.966Z"}
{"context":"API","level":"info","message":"GET /socket.io/","timestamp":"2026-03-07T07:47:40.987Z"}
{"context":"API","level":"info","message":"GET /socket.io/","timestamp":"2026-03-07T07:47:41.017Z"}
{"context":"API","level":"info","message":"GET /socket.io/","timestamp":"2026-03-07T07:47:41.048Z"}
{"context":"API","level":"info","message":"GET /socket.io/","timestamp":"2026-03-07T07:47:41.079Z"}
{"context":"API","level":"info","message":"GET /socket.io/","timestamp":"2026-03-07T07:47:41.098Z"}
{"context":"API","level":"info","message":"GET /socket.io/","timestamp":"2026-03-07T07:47:46.115Z"}
{"context":"API","level":"info","message":"GET /socket.io/","timestamp":"2026-03-07T07:47:46.150Z"}
{"context":"API","level":"info","message":"GET /socket.io/","timestamp":"2026-03-07T07:47:51.164Z"}
{"context":"API","level":"info","message":"GET /socket.io/","timestamp":"2026-03-07T07:47:51.196Z"}
{"context":"API","level":"info","message":"GET /socket.io/","timestamp":"2026-03-07T07:47:51.231Z"}
{"context":"API","level":"info","message":"GET /socket.io/","timestamp":"2026-03-07T07:47:56.264Z"}
{"context":"API","level":"info","message":"GET /socket.io/","timestamp":"2026-03-07T07:47:56.291Z"}
{"context":"API","level":"info","message":"GET /socket.io/","timestamp":"2026-03-07T07:47:56.323Z"}
{"context":"API","level":"info","message":"GET /socket.io/","timestamp":"2026-03-07T07:47:56.361Z"}
{"context":"API","level":"info","message":"GET /socket.io/","timestamp":"2026-03-07T07:48:01.384Z"}
{"context":"API","level":"info","message":"GET /socket.io/","timestamp":"2026-03-07T07:48:06.410Z"}
{"context":"API","level":"info","message":"GET /socket.io/","timestamp":"2026-03-07T07:48:06.440Z"}
{"context":"API","level":"info","message":"GET /socket.io/","timestamp":"2026-03-07T07:48:06.471Z"}
{"context":"API","level":"info","message":"GET /socket.io/","timestamp":"2026-03-07T07:48:06.503Z"}
{"context":"API","level":"info","message":"GET /socket.io/","timestamp":"2026-03-07T07:48:06.536Z"}
{"context":"API","level":"info","message":"GET /socket.io/","timestamp":"2026-03-07T07:48:06.571Z"}
{"context":"API","level":"info","message":"GET /socket.io/","timestamp":"2026-03-07T07:48:06.596Z"}
{"context":"API","level":"info","message":"GET /socket.io/","timestamp":"2026-03-07T07:48:06.628Z"}
{"context":"API","level":"info","message":"GET /socket.io/","timestamp":"2026-03-07T07:48:06.652Z"}
{"context":"API","level":"info","message":"GET /socket.io/","timestamp":"2026-03-07T07:48:12.029Z"}
{"context":"API","level":"info","message":"GET /socket.io/","timestamp":"2026-03-07T07:48:17.049Z"}
{"context":"API","level":"info","message":"GET /socket.io/","timestamp":"2026-03-07T07:48:17.085Z"}
{"context":"API","level":"info","message":"GET /socket.io/","timestamp":"2026-03-07T07:48:22.133Z"}
{"context":"API","level":"info","message":"GET /socket.io/","timestamp":"2026-03-07T07:48:27.162Z"}
{"context":"API","level":"info","message":"GET /socket.io/","timestamp":"2026-03-07T07:48:27.462Z"}
{"context":"API","level":"info","message":"GET /socket.io/","timestamp":"2026-03-07T07:48:27.488Z"}
{"context":"API","level":"info","message":"GET /socket.io/","timestamp":"2026-03-07T07:48:32.505Z"}
{"context":"API","level":"info","message":"GET /socket.io/","timestamp":"2026-03-07T07:48:32.540Z"}
{"context":"API","level":"info","message":"GET /socket.io/","timestamp":"2026-03-07T07:48:37.558Z"}
{"context":"API","level":"info","message":"GET /socket.io/","timestamp":"2026-03-07T07:48:37.577Z"}
{"context":"API","level":"info","message":"GET /socket.io/","timestamp":"2026-03-07T07:48:42.597Z"}
{"context":"API","level":"info","message":"GET /socket.io/","timestamp":"2026-03-07T07:48:47.625Z"}
{"context":"API","level":"info","message":"GET /socket.io/","timestamp":"2026-03-07T07:48:52.664Z"}
{"context":"API","level":"info","message":"GET /socket.io/","timestamp":"2026-03-07T07:48:57.691Z"}
{"context":"API","level":"info","message":"GET /socket.io/","timestamp":"2026-03-07T07:48:57.746Z"}
{"context":"API","level":"info","message":"GET /socket.io/","timestamp":"2026-03-07T07:49:02.771Z"}
{"context":"API","level":"info","message":"GET /socket.io/","timestamp":"2026-03-07T07:49:07.796Z"}
{"context":"API","level":"info","message":"GET /socket.io/","timestamp":"2026-03-07T07:49:12.827Z"}
{"context":"API","level":"info","message":"GET /socket.io/","timestamp":"2026-03-07T07:49:17.859Z"}
{"context":"API","level":"info","message":"GET /socket.io/","timestamp":"2026-03-07T07:49:22.876Z"}
{"context":"API","level":"info","message":"GET /socket.io/","timestamp":"2026-03-07T07:49:27.898Z"}
{"context":"API","level":"info","message":"GET /socket.io/","timestamp":"2026-03-07T07:49:27.917Z"}
{"context":"API","level":"info","message":"GET /socket.io/","timestamp":"2026-03-07T07:49:27.954Z"}
{"context":"API","level":"info","message":"GET /socket.io/","timestamp":"2026-03-07T07:49:27.977Z"}
{"context":"API","level":"info","message":"GET /socket.io/","timestamp":"2026-03-07T07:49:28.003Z"}
{"context":"API","level":"info","message":"GET /socket.io/","timestamp":"2026-03-07T07:49:28.012Z"}
{"context":"API","level":"info","message":"GET /socket.io/","timestamp":"2026-03-07T07:49:33.039Z"}
{"context":"API","level":"info","message":"🚀 Report API running → http://localhost:3000","timestamp":"2026-03-07T07:49:59.585Z"}
{"context":"API","level":"info","message":"   GET  /api/reports                — list all reports","timestamp":"2026-03-07T07:49:59.585Z"}
{"context":"API","level":"info","message":"   GET  /api/reports/:uuid/pdf      — download PDF","timestamp":"2026-03-07T07:49:59.586Z"}
{"context":"API","level":"info","message":"   GET  /api/reports/:uuid/view     — view PDF in browser","timestamp":"2026-03-07T07:49:59.586Z"}
{"context":"API","level":"info","message":"   GET  /api/health                 — server + DB status","timestamp":"2026-03-07T07:49:59.586Z"}
{"context":"API","level":"info","message":"🚀 Report API running → http://localhost:3000","timestamp":"2026-03-07T07:50:43.072Z"}
{"context":"API","level":"info","message":"   GET  /api/reports                — list all reports","timestamp":"2026-03-07T07:50:43.072Z"}
{"context":"API","level":"info","message":"   GET  /api/reports/:uuid/pdf      — download PDF","timestamp":"2026-03-07T07:50:43.073Z"}
{"context":"API","level":"info","message":"   GET  /api/reports/:uuid/view     — view PDF in browser","timestamp":"2026-03-07T07:50:43.073Z"}
{"context":"API","level":"info","message":"   GET  /api/health                 — server + DB status","timestamp":"2026-03-07T07:50:43.073Z"}
{"context":"API","level":"info","message":"🚀 Report API running → http://localhost:3000","timestamp":"2026-03-07T07:52:22.411Z"}
{"context":"API","level":"info","message":"   GET  /api/reports                — list all reports","timestamp":"2026-03-07T07:52:22.411Z"}
{"context":"API","level":"info","message":"   GET  /api/reports/:uuid/pdf      — download PDF","timestamp":"2026-03-07T07:52:22.412Z"}
{"context":"API","level":"info","message":"   GET  /api/reports/:uuid/view     — view PDF in browser","timestamp":"2026-03-07T07:52:22.412Z"}
{"context":"API","level":"info","message":"   GET  /api/health                 — server + DB status","timestamp":"2026-03-07T07:52:22.412Z"}
{"context":"API","level":"info","message":"🚀 Report API running → http://localhost:3000","timestamp":"2026-03-07T07:55:49.380Z"}
{"context":"API","level":"info","message":"   GET  /api/reports                — list all reports","timestamp":"2026-03-07T07:55:49.381Z"}
{"context":"API","level":"info","message":"   GET  /api/reports/:uuid/pdf      — download PDF","timestamp":"2026-03-07T07:55:49.381Z"}
{"context":"API","level":"info","message":"   GET  /api/reports/:uuid/view     — view PDF in browser","timestamp":"2026-03-07T07:55:49.382Z"}
{"context":"API","level":"info","message":"   GET  /api/health                 — server + DB status","timestamp":"2026-03-07T07:55:49.382Z"}
{"context":"API","level":"info","message":"🚀 Report API running → http://localhost:3001","timestamp":"2026-03-07T07:58:31.185Z"}
{"context":"API","level":"info","message":"   GET  /api/reports                — list all reports","timestamp":"2026-03-07T07:58:31.185Z"}
{"context":"API","level":"info","message":"   GET  /api/reports/:uuid/pdf      — download PDF","timestamp":"2026-03-07T07:58:31.186Z"}
{"context":"API","level":"info","message":"   GET  /api/reports/:uuid/view     — view PDF in browser","timestamp":"2026-03-07T07:58:31.186Z"}
{"context":"API","level":"info","message":"   GET  /api/health                 — server + DB status","timestamp":"2026-03-07T07:58:31.186Z"}
{"context":"API","level":"info","message":"🚀 Report API running → http://localhost:3001","timestamp":"2026-03-07T08:01:13.763Z"}
{"context":"API","level":"info","message":"   GET  /api/reports                — list all reports","timestamp":"2026-03-07T08:01:13.763Z"}
{"context":"API","level":"info","message":"   GET  /api/reports/:uuid/pdf      — download PDF","timestamp":"2026-03-07T08:01:13.764Z"}
{"context":"API","level":"info","message":"   GET  /api/reports/:uuid/view     — view PDF in browser","timestamp":"2026-03-07T08:01:13.764Z"}
{"context":"API","level":"info","message":"   GET  /api/health                 — server + DB status","timestamp":"2026-03-07T08:01:13.764Z"}
{"context":"API","level":"info","message":"🚀 Report API running → http://localhost:3001","timestamp":"2026-03-07T08:05:26.964Z"}
{"context":"API","level":"info","message":"   GET  /api/reports                — list all reports","timestamp":"2026-03-07T08:05:26.965Z"}
{"context":"API","level":"info","message":"   GET  /api/reports/:uuid/pdf      — download PDF","timestamp":"2026-03-07T08:05:26.965Z"}
{"context":"API","level":"info","message":"   GET  /api/reports/:uuid/view     — view PDF in browser","timestamp":"2026-03-07T08:05:26.966Z"}
{"context":"API","level":"info","message":"   GET  /api/health                 — server + DB status","timestamp":"2026-03-07T08:05:26.966Z"}
{"context":"API","level":"info","message":"Shutting down...","timestamp":"2026-03-07T08:05:46.072Z"}
{"context":"API","level":"info","message":"Shutting down...","timestamp":"2026-03-07T08:06:23.070Z"}
{"context":"API","level":"info","message":"🚀 Report API running → http://localhost:3001","timestamp":"2026-03-07T08:06:30.235Z"}
{"context":"API","level":"info","message":"   GET  /api/reports                — list all reports","timestamp":"2026-03-07T08:06:30.236Z"}
{"context":"API","level":"info","message":"   GET  /api/reports/:uuid/pdf      — download PDF","timestamp":"2026-03-07T08:06:30.236Z"}
{"context":"API","level":"info","message":"   GET  /api/reports/:uuid/view     — view PDF in browser","timestamp":"2026-03-07T08:06:30.237Z"}
{"context":"API","level":"info","message":"   GET  /api/health                 — server + DB status","timestamp":"2026-03-07T08:06:30.237Z"}
{"context":"API","level":"info","message":"Shutting down...","timestamp":"2026-03-07T08:08:54.023Z"}
{"context":"API","level":"info","message":"🚀 Report API running → http://localhost:3001","timestamp":"2026-03-07T08:16:15.663Z"}
{"context":"API","level":"info","message":"   GET  /api/reports                — list all reports","timestamp":"2026-03-07T08:16:15.664Z"}
{"context":"API","level":"info","message":"   GET  /api/reports/:uuid/pdf      — download PDF","timestamp":"2026-03-07T08:16:15.665Z"}
{"context":"API","level":"info","message":"   GET  /api/reports/:uuid/view     — view PDF in browser","timestamp":"2026-03-07T08:16:15.665Z"}
{"context":"API","level":"info","message":"   GET  /api/health                 — server + DB status","timestamp":"2026-03-07T08:16:15.665Z"}
{"context":"API","level":"info","message":"🚀 Report API running → http://localhost:3001","timestamp":"2026-03-07T08:26:30.544Z"}
{"context":"API","level":"info","message":"   GET  /api/reports                — list all reports","timestamp":"2026-03-07T08:26:30.544Z"}
{"context":"API","level":"info","message":"   GET  /api/reports/:uuid/pdf      — download PDF","timestamp":"2026-03-07T08:26:30.545Z"}
{"context":"API","level":"info","message":"   GET  /api/reports/:uuid/view     — view PDF in browser","timestamp":"2026-03-07T08:26:30.545Z"}
{"context":"API","level":"info","message":"   GET  /api/health                 — server + DB status","timestamp":"2026-03-07T08:26:30.545Z"}
{"context":"API","level":"info","message":"🚀 Report API running → http://localhost:3001","timestamp":"2026-03-07T08:36:40.951Z"}
{"context":"API","level":"info","message":"   GET  /api/reports                — list all reports","timestamp":"2026-03-07T08:36:40.951Z"}
{"context":"API","level":"info","message":"   GET  /api/reports/:uuid/pdf      — download PDF","timestamp":"2026-03-07T08:36:40.952Z"}
{"context":"API","level":"info","message":"   GET  /api/reports/:uuid/view     — view PDF in browser","timestamp":"2026-03-07T08:36:40.952Z"}
{"context":"API","level":"info","message":"   GET  /api/health                 — server + DB status","timestamp":"2026-03-07T08:36:40.952Z"}
{"context":"API","level":"info","message":"🚀 Report API running → http://localhost:3001","timestamp":"2026-03-07T08:40:40.341Z"}
{"context":"API","level":"info","message":"   GET  /api/reports                — list all reports","timestamp":"2026-03-07T08:40:40.341Z"}
{"context":"API","level":"info","message":"   GET  /api/reports/:uuid/pdf      — download PDF","timestamp":"2026-03-07T08:40:40.342Z"}
{"context":"API","level":"info","message":"   GET  /api/reports/:uuid/view     — view PDF in browser","timestamp":"2026-03-07T08:40:40.342Z"}
{"context":"API","level":"info","message":"   GET  /api/health                 — server + DB status","timestamp":"2026-03-07T08:40:40.342Z"}
{"context":"API","level":"info","message":"🚀 Report API running → http://localhost:3001","timestamp":"2026-03-07T08:41:28.685Z"}
{"context":"API","level":"info","message":"   GET  /api/reports                — list all reports","timestamp":"2026-03-07T08:41:28.686Z"}
{"context":"API","level":"info","message":"   GET  /api/reports/:uuid/pdf      — download PDF","timestamp":"2026-03-07T08:41:28.686Z"}
{"context":"API","level":"info","message":"   GET  /api/reports/:uuid/view     — view PDF in browser","timestamp":"2026-03-07T08:41:28.687Z"}
{"context":"API","level":"info","message":"   GET  /api/health                 — server + DB status","timestamp":"2026-03-07T08:41:28.687Z"}
{"context":"API","level":"info","message":"Shutting down...","timestamp":"2026-03-07T08:42:40.950Z"}
{"context":"API","level":"info","message":"🚀 Report API running → http://localhost:3001","timestamp":"2026-03-07T08:42:50.614Z"}
{"context":"API","level":"info","message":"   GET  /api/reports                — list all reports","timestamp":"2026-03-07T08:42:50.614Z"}
{"context":"API","level":"info","message":"   GET  /api/reports/:uuid/pdf      — download PDF","timestamp":"2026-03-07T08:42:50.615Z"}
{"context":"API","level":"info","message":"   GET  /api/reports/:uuid/view     — view PDF in browser","timestamp":"2026-03-07T08:42:50.615Z"}
{"context":"API","level":"info","message":"   GET  /api/health                 — server + DB status","timestamp":"2026-03-07T08:42:50.615Z"}
{"context":"API","level":"info","message":"Shutting down...","timestamp":"2026-03-07T09:22:35.963Z"}
{"context":"API","level":"info","message":"🚀 Report API running → http://localhost:3001","timestamp":"2026-03-07T10:18:53.336Z"}
{"context":"API","level":"info","message":"   GET  /api/reports                — list all reports","timestamp":"2026-03-07T10:18:53.336Z"}
{"context":"API","level":"info","message":"   GET  /api/reports/:uuid/pdf      — download PDF","timestamp":"2026-03-07T10:18:53.337Z"}
{"context":"API","level":"info","message":"   GET  /api/reports/:uuid/view     — view PDF in browser","timestamp":"2026-03-07T10:18:53.337Z"}
{"context":"API","level":"info","message":"   GET  /api/health                 — server + DB status","timestamp":"2026-03-07T10:18:53.338Z"}
{"context":"API","level":"info","message":"Shutting down...","timestamp":"2026-03-07T10:24:19.284Z"}
{"context":"InitDb","level":"info","message":"Initializing database...","timestamp":"2026-03-07T10:25:25.940Z"}
{"context":"db","level":"info","message":"Database connected — server time: Sat Mar 07 2026 15:55:26 GMT+0530 (India Standard Time)","timestamp":"2026-03-07T10:25:26.863Z"}
{"context":"InitDb","level":"info","message":"No competitors found. Seeding initial data...","timestamp":"2026-03-07T10:25:27.434Z"}
{"context":"InitDb","level":"info","message":"Successfully seeded 3 competitors.","timestamp":"2026-03-07T10:25:27.814Z"}
{"context":"InitDb","level":"info","message":"Database initialization complete.","timestamp":"2026-03-07T10:25:27.816Z"}
{"context":"db","level":"info","message":"Database pool closed","timestamp":"2026-03-07T10:25:27.819Z"}
{"context":"API","level":"info","message":"🚀 Report API running → http://localhost:3001","timestamp":"2026-03-07T10:32:04.613Z"}
{"context":"API","level":"info","message":"   GET  /api/reports                — list all reports","timestamp":"2026-03-07T10:32:04.614Z"}
{"context":"API","level":"info","message":"   GET  /api/reports/:uuid/pdf      — download PDF","timestamp":"2026-03-07T10:32:04.615Z"}
{"context":"API","level":"info","message":"   GET  /api/reports/:uuid/view     — view PDF in browser","timestamp":"2026-03-07T10:32:04.616Z"}
{"context":"API","level":"info","message":"   GET  /api/health                 — server + DB status","timestamp":"2026-03-07T10:32:04.616Z"}
{"context":"API","level":"info","message":"GET /api/health/market","timestamp":"2026-03-07T10:32:29.042Z"}
{"context":"API","level":"info","message":"GET /api/health/leaderboard","timestamp":"2026-03-07T10:32:29.055Z"}
{"context":"API","level":"info","message":"GET /api/alerts","timestamp":"2026-03-07T10:32:29.444Z"}
{"context":"API","level":"info","message":"GET /api/competitors","timestamp":"2026-03-07T10:32:46.439Z"}
{"context":"API","level":"info","message":"GET /api/competitors","timestamp":"2026-03-07T10:32:46.668Z"}
{"context":"API","level":"info","message":"DELETE /api/competitors/3","timestamp":"2026-03-07T10:32:55.686Z"}
{"context":"queries","level":"info","message":"Deleted competitor id=3 (cascade)","timestamp":"2026-03-07T10:32:56.230Z"}
{"context":"API","level":"info","message":"GET /api/competitors","timestamp":"2026-03-07T10:32:56.237Z"}
{"context":"API","level":"info","message":"DELETE /api/competitors/1","timestamp":"2026-03-07T10:32:57.954Z"}
{"context":"queries","level":"info","message":"Deleted competitor id=1 (cascade)","timestamp":"2026-03-07T10:32:57.958Z"}
{"context":"API","level":"info","message":"GET /api/competitors","timestamp":"2026-03-07T10:32:57.961Z"}
{"context":"API","level":"info","message":"DELETE /api/competitors/2","timestamp":"2026-03-07T10:33:00.054Z"}
{"context":"queries","level":"info","message":"Deleted competitor id=2 (cascade)","timestamp":"2026-03-07T10:33:00.056Z"}
{"context":"API","level":"info","message":"GET /api/competitors","timestamp":"2026-03-07T10:33:00.062Z"}
{"context":"API","level":"info","message":"GET /api/pipeline/runs","timestamp":"2026-03-07T10:33:03.882Z"}
{"context":"API","level":"info","message":"GET /api/pipeline/runs","timestamp":"2026-03-07T10:33:03.964Z"}
{"context":"API","level":"info","message":"GET /api/competitors","timestamp":"2026-03-07T10:33:05.711Z"}
{"context":"API","level":"info","message":"GET /api/competitors","timestamp":"2026-03-07T10:33:05.716Z"}
{"context":"API","level":"info","message":"POST /api/competitors","timestamp":"2026-03-07T10:37:39.399Z"}
{"context":"queries","level":"info","message":"Inserted competitor id=4 name=Oberoi Hotels","timestamp":"2026-03-07T10:37:39.921Z"}
{"context":"API","level":"info","message":"GET /api/competitors","timestamp":"2026-03-07T10:37:39.940Z"}
{"context":"API","level":"info","message":"POST /api/competitors","timestamp":"2026-03-07T10:41:09.958Z"}
{"context":"API","level":"info","message":"POST /api/competitors","timestamp":"2026-03-07T10:41:20.015Z"}
{"context":"API","level":"info","message":"POST /api/competitors","timestamp":"2026-03-07T10:41:43.633Z"}
{"context":"API","level":"info","message":"POST /api/competitors","timestamp":"2026-03-07T10:43:34.326Z"}
{"context":"API","level":"info","message":"Shutting down...","timestamp":"2026-03-07T10:47:24.632Z"}
{"context":"db","level":"debug","message":"Database pool initialized with SSL: false","timestamp":"2026-03-07T10:47:36.697Z"}
{"context":"API","level":"info","message":"🚀 Report API running → http://localhost:3001","timestamp":"2026-03-07T10:47:36.878Z"}
{"context":"API","level":"info","message":"   GET  /api/reports                — list all reports","timestamp":"2026-03-07T10:47:36.878Z"}
{"context":"API","level":"info","message":"   GET  /api/reports/:uuid/pdf      — download PDF","timestamp":"2026-03-07T10:47:36.879Z"}
{"context":"API","level":"info","message":"   GET  /api/reports/:uuid/view     — view PDF in browser","timestamp":"2026-03-07T10:47:36.879Z"}
{"context":"API","level":"info","message":"   GET  /api/health                 — server + DB status","timestamp":"2026-03-07T10:47:36.880Z"}
{"context":"API","level":"info","message":"POST /api/competitors","timestamp":"2026-03-07T10:47:44.534Z"}
{"context":"db","level":"debug","message":"New pool client connected","timestamp":"2026-03-07T10:47:44.723Z"}
{"context":"API","level":"info","message":"GET /api/competitors","timestamp":"2026-03-07T10:47:49.146Z"}
{"context":"queries","level":"debug","message":"Fetching all active competitors","timestamp":"2026-03-07T10:47:49.147Z"}
{"context":"db","level":"debug","message":"New pool client connected","timestamp":"2026-03-07T10:47:49.245Z"}
{"context":"API","level":"info","message":"POST /api/competitors","timestamp":"2026-03-07T10:48:18.881Z"}
{"context":"API","level":"info","message":"Shutting down...","timestamp":"2026-03-07T10:53:35.246Z"}
{"context":"db","level":"debug","message":"Database pool initialized with SSL: false","timestamp":"2026-03-07T10:53:41.582Z"}
{"context":"API","level":"info","message":"🚀 Report API running → http://localhost:3001","timestamp":"2026-03-07T10:53:41.732Z"}
{"context":"API","level":"info","message":"   GET  /api/reports                — list all reports","timestamp":"2026-03-07T10:53:41.732Z"}
{"context":"API","level":"info","message":"   GET  /api/reports/:uuid/pdf      — download PDF","timestamp":"2026-03-07T10:53:41.733Z"}
{"context":"API","level":"info","message":"   GET  /api/reports/:uuid/view     — view PDF in browser","timestamp":"2026-03-07T10:53:41.733Z"}
{"context":"API","level":"info","message":"   GET  /api/health                 — server + DB status","timestamp":"2026-03-07T10:53:41.734Z"}
{"context":"API","level":"info","message":"POST /api/competitors","timestamp":"2026-03-07T10:54:16.293Z"}
{"context":"db","level":"debug","message":"New pool client connected","timestamp":"2026-03-07T10:54:16.359Z"}
{"context":"queries","level":"info","message":"Inserted competitor id=11 name=Kaldan Samudhra Palace ","timestamp":"2026-03-07T10:54:16.454Z"}
{"context":"API","level":"info","message":"GET /api/competitors","timestamp":"2026-03-07T10:54:16.458Z"}
{"context":"queries","level":"debug","message":"Fetching all active competitors","timestamp":"2026-03-07T10:54:16.459Z"}
{"context":"API","level":"info","message":"GET /api/pipeline/runs","timestamp":"2026-03-07T10:54:28.013Z"}
{"context":"API","level":"info","message":"GET /api/pipeline/runs","timestamp":"2026-03-07T10:54:28.097Z"}
{"context":"API","level":"info","message":"POST /api/pipeline/run","timestamp":"2026-03-07T10:54:31.103Z"}
{"context":"API","level":"info","message":"GET /api/pipeline/runs","timestamp":"2026-03-07T10:54:31.262Z"}
{"context":"PipelineAPI","level":"info","message":"Pipeline run_1772880871103: starting scrape","timestamp":"2026-03-07T10:54:31.265Z"}
{"context":"db","level":"debug","message":"New pool client connected","timestamp":"2026-03-07T10:54:31.576Z"}
{"context":"ScrapeService","dryRun":false,"force":false,"level":"info","message":"ScrapeService.run starting","timestamp":"2026-03-07T10:54:33.958Z"}
{"context":"queries","level":"debug","message":"Fetching all active competitors","timestamp":"2026-03-07T10:54:33.958Z"}
{"context":"ScrapeService","dryRun":false,"level":"info","message":"Scraping 2 competitors","timestamp":"2026-03-07T10:54:33.961Z"}
{"context":"ScrapeService","level":"info","message":"=== Stage: Meta Ads (Apify) ===","timestamp":"2026-03-07T10:54:33.961Z"}
{"context":"MetaAdsScraper","level":"info","message":"Starting Meta Ads scrape for 2 competitor(s)","timestamp":"2026-03-07T10:54:33.962Z"}
{"context":"MetaAdsScraper","level":"info","message":"Scraping Meta Ads for \"Kaldan Samudhra Palace \"","timestamp":"2026-03-07T10:54:34.029Z","url":"https://www.facebook.com/kaldansamudhra/"}
{"context":"ApifyService","inputKeys":["startUrls","country","adType","includeInactive"],"level":"info","message":"Running actor \"leadsbrary~meta-ads-library-scraper\"","timeout":300,"timestamp":"2026-03-07T10:54:34.030Z"}
{"context":"MetaAdsScraper","level":"info","message":"Scraping Meta Ads for \"Oberoi Hotels\"","timestamp":"2026-03-07T10:54:34.103Z","url":"https://www.facebook.com/OberoiHotels/"}
{"context":"ApifyService","inputKeys":["startUrls","country","adType","includeInactive"],"level":"info","message":"Running actor \"leadsbrary~meta-ads-library-scraper\"","timeout":300,"timestamp":"2026-03-07T10:54:34.103Z"}
{"context":"API","level":"info","message":"GET /api/pipeline/runs","timestamp":"2026-03-07T10:54:34.584Z"}
{"context":"API","level":"info","message":"GET /api/pipeline/status/run_1772880871103","timestamp":"2026-03-07T10:54:34.618Z"}
{"context":"API","level":"info","message":"GET /api/pipeline/runs","timestamp":"2026-03-07T10:54:38.118Z"}
{"context":"API","level":"info","message":"GET /api/pipeline/status/run_1772880871103","timestamp":"2026-03-07T10:54:38.119Z"}
{"context":"ApifyService","itemCount":0,"level":"info","message":"Actor \"leadsbrary~meta-ads-library-scraper\" completed","timestamp":"2026-03-07T10:54:39.347Z"}
{"context":"MetaAdsScraper","level":"info","message":"✓ Kaldan Samudhra Palace : fetched 0 ad(s)","timestamp":"2026-03-07T10:54:39.347Z"}
{"context":"ApifyService","itemCount":10,"level":"info","message":"Actor \"leadsbrary~meta-ads-library-scraper\" completed","timestamp":"2026-03-07T10:54:40.881Z"}
{"context":"MetaAdsScraper","level":"info","message":"✓ Oberoi Hotels: fetched 10 ad(s)","timestamp":"2026-03-07T10:54:40.882Z"}
{"context":"MetaAdsScraper","level":"info","message":"Meta Ads scrape complete: 2/2 succeeded, 10 total ads collected","timestamp":"2026-03-07T10:54:40.882Z"}
{"context":"ScrapeService","level":"info","message":"  0 ads for competitor 11 (Kaldan Samudhra Palace )","timestamp":"2026-03-07T10:54:40.882Z"}
{"context":"queries","level":"debug","message":"Batch inserting 10 ads","timestamp":"2026-03-07T10:54:40.883Z"}
{"context":"API","level":"info","message":"GET /api/pipeline/status/run_1772880871103","timestamp":"2026-03-07T10:54:41.133Z"}
{"context":"queries","level":"info","message":"Upserted 10 ads","timestamp":"2026-03-07T10:54:41.830Z"}
{"context":"queries","level":"debug","message":"Marked ads inactive for competitor 4 (kept 10 active)","timestamp":"2026-03-07T10:54:42.138Z"}
{"context":"ScrapeService","level":"info","message":"  10 ads for competitor 4 (Oberoi Hotels)","timestamp":"2026-03-07T10:54:42.139Z"}
{"context":"ScrapeService","level":"info","message":"=== Stage: Facebook Pages (Playwright) ===","timestamp":"2026-03-07T10:54:42.139Z"}
{"context":"FacebookPageScraper","level":"info","message":"Launching Chromium browser...","timestamp":"2026-03-07T10:54:42.140Z"}
{"context":"API","level":"info","message":"GET /api/pipeline/runs","timestamp":"2026-03-07T10:54:43.132Z"}
{"context":"FacebookPageScraper","level":"info","message":"Browser launched","timestamp":"2026-03-07T10:54:43.395Z"}
{"context":"FacebookPageScraper","level":"info","message":"Starting page scrape for 2 competitors","timestamp":"2026-03-07T10:54:43.679Z"}
{"context":"FacebookPageScraper","level":"info","message":"[1/2] Scraping page: Kaldan Samudhra Palace ...","timestamp":"2026-03-07T10:54:43.679Z"}
{"context":"FacebookPageScraper","level":"debug","message":"  Navigating to: https://www.facebook.com/kaldansamudhra/","timestamp":"2026-03-07T10:54:43.726Z"}
{"context":"API","level":"info","message":"GET /api/pipeline/status/run_1772880871103","timestamp":"2026-03-07T10:54:44.117Z"}
{"context":"API","level":"info","message":"GET /api/pipeline/status/run_1772880871103","timestamp":"2026-03-07T10:54:47.127Z"}
{"context":"API","level":"info","message":"GET /api/pipeline/runs","timestamp":"2026-03-07T10:54:48.016Z"}
{"context":"API","level":"info","message":"GET /api/pipeline/status/run_1772880871103","timestamp":"2026-03-07T10:54:49.690Z"}
{"context":"FacebookPageScraper","level":"debug","message":"  Dismissed login/banner dialog","timestamp":"2026-03-07T10:54:52.258Z"}
{"context":"API","level":"info","message":"GET /api/pipeline/status/run_1772880871103","timestamp":"2026-03-07T10:54:53.129Z"}
{"context":"API","level":"info","message":"GET /api/pipeline/runs","timestamp":"2026-03-07T10:54:53.130Z"}
{"context":"API","level":"info","message":"GET /api/pipeline/status/run_1772880871103","timestamp":"2026-03-07T10:54:56.116Z"}
{"context":"API","level":"info","message":"GET /api/pipeline/runs","timestamp":"2026-03-07T10:54:58.130Z"}
{"context":"API","level":"info","message":"GET /api/pipeline/status/run_1772880871103","timestamp":"2026-03-07T10:54:59.127Z"}
{"context":"API","level":"info","message":"GET /api/pipeline/status/run_1772880871103","timestamp":"2026-03-07T10:55:02.116Z"}
{"context":"API","level":"info","message":"GET /api/pipeline/runs","timestamp":"2026-03-07T10:55:03.121Z"}
{"context":"API","level":"info","message":"GET /api/pipeline/status/run_1772880871103","timestamp":"2026-03-07T10:55:05.131Z"}
{"context":"API","level":"info","message":"GET /api/pipeline/status/run_1772880871103","timestamp":"2026-03-07T10:55:08.125Z"}
{"context":"API","level":"info","message":"GET /api/pipeline/runs","timestamp":"2026-03-07T10:55:08.126Z"}
{"context":"API","level":"info","message":"GET /api/pipeline/status/run_1772880871103","timestamp":"2026-03-07T10:55:11.123Z"}
{"context":"API","level":"info","message":"GET /api/pipeline/runs","timestamp":"2026-03-07T10:55:13.135Z"}
{"context":"API","level":"info","message":"GET /api/pipeline/status/run_1772880871103","timestamp":"2026-03-07T10:55:14.130Z"}
{"context":"API","level":"info","message":"GET /api/pipeline/status/run_1772880871103","timestamp":"2026-03-07T10:55:17.131Z"}
{"context":"API","level":"info","message":"GET /api/pipeline/runs","timestamp":"2026-03-07T10:55:18.130Z"}
{"context":"API","level":"info","message":"GET /api/pipeline/status/run_1772880871103","timestamp":"2026-03-07T10:55:20.123Z"}
{"context":"API","level":"info","message":"GET /api/pipeline/status/run_1772880871103","timestamp":"2026-03-07T10:55:23.135Z"}
{"context":"API","level":"info","message":"GET /api/pipeline/runs","timestamp":"2026-03-07T10:55:23.136Z"}
{"context":"API","level":"info","message":"GET /api/pipeline/status/run_1772880871103","timestamp":"2026-03-07T10:55:26.132Z"}
{"context":"API","level":"info","message":"GET /api/pipeline/runs","timestamp":"2026-03-07T10:55:28.133Z"}
{"context":"API","level":"info","message":"GET /api/pipeline/status/run_1772880871103","timestamp":"2026-03-07T10:55:29.118Z"}
{"context":"API","level":"info","message":"GET /api/pipeline/status/run_1772880871103","timestamp":"2026-03-07T10:55:32.116Z"}
{"context":"API","level":"info","message":"GET /api/pipeline/runs","timestamp":"2026-03-07T10:55:33.116Z"}
{"context":"API","level":"info","message":"GET /api/pipeline/status/run_1772880871103","timestamp":"2026-03-07T10:55:35.127Z"}
{"context":"API","level":"info","message":"GET /api/pipeline/status/run_1772880871103","timestamp":"2026-03-07T10:55:38.126Z"}
{"context":"API","level":"info","message":"GET /api/pipeline/runs","timestamp":"2026-03-07T10:55:38.130Z"}
{"context":"API","level":"info","message":"GET /api/pipeline/status/run_1772880871103","timestamp":"2026-03-07T10:55:41.130Z"}
{"context":"API","level":"info","message":"GET /api/pipeline/runs","timestamp":"2026-03-07T10:55:43.130Z"}
{"context":"API","level":"info","message":"GET /api/pipeline/status/run_1772880871103","timestamp":"2026-03-07T10:55:44.132Z"}
{"context":"API","level":"info","message":"GET /api/pipeline/status/run_1772880871103","timestamp":"2026-03-07T10:55:47.123Z"}
{"context":"API","level":"info","message":"GET /api/pipeline/runs","timestamp":"2026-03-07T10:55:48.118Z"}
{"context":"API","level":"info","message":"GET /api/pipeline/status/run_1772880871103","timestamp":"2026-03-07T10:55:50.115Z"}
{"context":"API","level":"info","message":"GET /api/pipeline/status/run_1772880871103","timestamp":"2026-03-07T10:56:06.127Z"}
{"context":"API","level":"info","message":"GET /api/pipeline/runs","timestamp":"2026-03-07T10:56:06.128Z"}
{"context":"API","level":"info","message":"GET /api/pipeline/status/run_1772880871103","timestamp":"2026-03-07T10:57:06.137Z"}
{"context":"API","level":"info","message":"GET /api/pipeline/runs","timestamp":"2026-03-07T10:57:06.138Z"}
{"context":"db","level":"debug","message":"New pool client connected","timestamp":"2026-03-07T10:57:06.176Z"}
{"context":"db","level":"debug","message":"New pool client connected","timestamp":"2026-03-07T10:57:06.291Z"}
{"context":"FacebookPageScraper","level":"info","message":"  ✔ Kaldan Samudhra Palace : 15000 followers, 7 likes, rating N/A (2m 47s)","timestamp":"2026-03-07T10:57:30.782Z"}
{"context":"FacebookPageScraper","level":"info","message":"  Waiting 27s before next competitor...","timestamp":"2026-03-07T10:57:30.782Z"}
{"context":"API","level":"info","message":"GET /api/pipeline/status/run_1772880871103","timestamp":"2026-03-07T10:57:48.935Z"}
{"context":"API","level":"info","message":"GET /api/pipeline/runs","timestamp":"2026-03-07T10:57:48.936Z"}
{"context":"db","level":"debug","message":"New pool client connected","timestamp":"2026-03-07T10:57:49.030Z"}
{"context":"db","level":"debug","message":"New pool client connected","timestamp":"2026-03-07T10:57:49.039Z"}
{"context":"API","level":"info","message":"GET /api/pipeline/status/run_1772880871103","timestamp":"2026-03-07T10:57:49.612Z"}
{"context":"API","level":"info","message":"GET /api/pipeline/status/run_1772880871103","timestamp":"2026-03-07T10:57:53.124Z"}
{"context":"API","level":"info","message":"GET /api/pipeline/runs","timestamp":"2026-03-07T10:57:53.125Z"}
{"context":"API","level":"info","message":"GET /api/pipeline/status/run_1772880871103","timestamp":"2026-03-07T10:57:56.134Z"}
{"context":"FacebookPageScraper","level":"info","message":"[2/2] Scraping page: Oberoi Hotels...","timestamp":"2026-03-07T10:57:57.784Z"}
{"context":"FacebookPageScraper","level":"debug","message":"  Navigating to: https://www.facebook.com/OberoiHotels/","timestamp":"2026-03-07T10:57:57.883Z"}
{"context":"API","level":"info","message":"GET /api/pipeline/runs","timestamp":"2026-03-07T10:57:58.122Z"}
{"context":"API","level":"info","message":"GET /api/pipeline/status/run_1772880871103","timestamp":"2026-03-07T10:57:59.128Z"}
{"context":"API","level":"info","message":"GET /api/pipeline/status/run_1772880871103","timestamp":"2026-03-07T10:58:02.129Z"}
{"context":"FacebookPageScraper","level":"debug","message":"  Dismissed login/banner dialog","timestamp":"2026-03-07T10:58:02.904Z"}
{"context":"API","level":"info","message":"GET /api/pipeline/runs","timestamp":"2026-03-07T10:58:03.128Z"}
{"context":"API","level":"info","message":"GET /api/pipeline/status/run_1772880871103","timestamp":"2026-03-07T10:58:05.124Z"}
{"context":"API","level":"info","message":"GET /api/pipeline/status/run_1772880871103","timestamp":"2026-03-07T10:58:08.130Z"}
{"context":"API","level":"info","message":"GET /api/pipeline/runs","timestamp":"2026-03-07T10:58:08.131Z"}
{"context":"API","level":"info","message":"GET /api/pipeline/status/run_1772880871103","timestamp":"2026-03-07T10:58:11.123Z"}
{"context":"API","level":"info","message":"GET /api/pipeline/runs","timestamp":"2026-03-07T10:58:13.129Z"}
{"context":"API","level":"info","message":"GET /api/pipeline/status/run_1772880871103","timestamp":"2026-03-07T10:58:14.134Z"}
{"context":"API","level":"info","message":"GET /api/pipeline/status/run_1772880871103","timestamp":"2026-03-07T10:58:17.129Z"}
{"context":"API","level":"info","message":"GET /api/pipeline/runs","timestamp":"2026-03-07T10:58:18.125Z"}
{"context":"API","level":"info","message":"GET /api/pipeline/status/run_1772880871103","timestamp":"2026-03-07T10:58:20.119Z"}
{"context":"API","level":"info","message":"GET /api/pipeline/status/run_1772880871103","timestamp":"2026-03-07T10:58:23.135Z"}
{"context":"API","level":"info","message":"GET /api/pipeline/runs","timestamp":"2026-03-07T10:58:23.137Z"}
{"context":"API","level":"info","message":"GET /api/pipeline/status/run_1772880871103","timestamp":"2026-03-07T10:58:26.134Z"}
{"context":"API","level":"info","message":"GET /api/pipeline/runs","timestamp":"2026-03-07T10:58:28.125Z"}
{"context":"API","level":"info","message":"GET /api/pipeline/status/run_1772880871103","timestamp":"2026-03-07T10:58:29.132Z"}
{"context":"API","level":"info","message":"GET /api/pipeline/status/run_1772880871103","timestamp":"2026-03-07T10:58:32.122Z"}
{"context":"API","level":"info","message":"GET /api/pipeline/runs","timestamp":"2026-03-07T10:58:33.126Z"}
{"context":"API","level":"info","message":"GET /api/pipeline/status/run_1772880871103","timestamp":"2026-03-07T10:58:35.129Z"}
{"context":"API","level":"info","message":"GET /api/pipeline/runs","timestamp":"2026-03-07T10:58:38.124Z"}
{"context":"API","level":"info","message":"GET /api/pipeline/status/run_1772880871103","timestamp":"2026-03-07T10:58:38.125Z"}
{"context":"API","level":"info","message":"GET /api/pipeline/status/run_1772880871103","timestamp":"2026-03-07T10:58:41.126Z"}
{"context":"API","level":"info","message":"GET /api/pipeline/runs","timestamp":"2026-03-07T10:58:43.133Z"}
{"context":"API","level":"info","message":"GET /api/pipeline/status/run_1772880871103","timestamp":"2026-03-07T10:58:44.130Z"}
{"context":"API","level":"info","message":"GET /api/pipeline/status/run_1772880871103","timestamp":"2026-03-07T10:58:47.130Z"}
{"context":"API","level":"info","message":"GET /api/pipeline/runs","timestamp":"2026-03-07T10:58:48.127Z"}
{"context":"API","level":"info","message":"GET /api/pipeline/status/run_1772880871103","timestamp":"2026-03-07T10:59:06.121Z"}
{"context":"API","level":"info","message":"GET /api/pipeline/runs","timestamp":"2026-03-07T10:59:06.122Z"}
{"context":"API","level":"info","message":"GET /api/pipeline/status/run_1772880871103","timestamp":"2026-03-07T10:59:25.863Z"}
{"context":"API","level":"info","message":"GET /api/pipeline/runs","timestamp":"2026-03-07T10:59:25.866Z"}
{"context":"API","level":"info","message":"GET /api/pipeline/runs","timestamp":"2026-03-07T10:59:28.116Z"}
{"context":"API","level":"info","message":"GET /api/pipeline/status/run_1772880871103","timestamp":"2026-03-07T10:59:29.132Z"}
{"context":"API","level":"info","message":"GET /api/pipeline/status/run_1772880871103","timestamp":"2026-03-07T10:59:31.613Z"}
{"context":"API","level":"info","message":"GET /api/pipeline/runs","timestamp":"2026-03-07T10:59:33.021Z"}
{"context":"API","level":"info","message":"GET /api/pipeline/status/run_1772880871103","timestamp":"2026-03-07T10:59:35.128Z"}
{"context":"API","level":"info","message":"GET /api/pipeline/status/run_1772880871103","timestamp":"2026-03-07T10:59:38.132Z"}
{"context":"API","level":"info","message":"GET /api/pipeline/runs","timestamp":"2026-03-07T10:59:38.133Z"}
{"context":"API","level":"info","message":"GET /api/pipeline/status/run_1772880871103","timestamp":"2026-03-07T10:59:41.133Z"}
{"context":"API","level":"info","message":"GET /api/pipeline/runs","timestamp":"2026-03-07T10:59:43.121Z"}
{"context":"API","level":"info","message":"GET /api/pipeline/status/run_1772880871103","timestamp":"2026-03-07T10:59:44.130Z"}
{"context":"API","level":"info","message":"GET /api/pipeline/status/run_1772880871103","timestamp":"2026-03-07T10:59:47.124Z"}
{"context":"API","level":"info","message":"GET /api/pipeline/runs","timestamp":"2026-03-07T10:59:48.122Z"}
{"context":"API","level":"info","message":"GET /api/pipeline/status/run_1772880871103","timestamp":"2026-03-07T10:59:50.130Z"}
{"context":"API","level":"info","message":"GET /api/pipeline/runs","timestamp":"2026-03-07T10:59:53.120Z"}
{"context":"API","level":"info","message":"GET /api/pipeline/status/run_1772880871103","timestamp":"2026-03-07T10:59:53.121Z"}
{"context":"API","level":"info","message":"GET /api/pipeline/status/run_1772880871103","timestamp":"2026-03-07T10:59:56.127Z"}
{"context":"API","level":"info","message":"GET /api/pipeline/runs","timestamp":"2026-03-07T10:59:58.127Z"}
{"context":"API","level":"info","message":"GET /api/pipeline/status/run_1772880871103","timestamp":"2026-03-07T10:59:59.127Z"}
{"context":"API","level":"info","message":"GET /api/pipeline/status/run_1772880871103","timestamp":"2026-03-07T11:00:02.127Z"}
{"context":"API","level":"info","message":"GET /api/pipeline/runs","timestamp":"2026-03-07T11:00:03.123Z"}
{"context":"API","level":"info","message":"GET /api/pipeline/status/run_1772880871103","timestamp":"2026-03-07T11:00:05.129Z"}
{"context":"API","level":"info","message":"GET /api/pipeline/status/run_1772880871103","timestamp":"2026-03-07T11:00:08.125Z"}
{"context":"API","level":"info","message":"GET /api/pipeline/runs","timestamp":"2026-03-07T11:00:08.126Z"}
{"context":"API","level":"info","message":"GET /api/pipeline/status/run_1772880871103","timestamp":"2026-03-07T11:00:11.120Z"}
{"context":"API","level":"info","message":"GET /api/pipeline/runs","timestamp":"2026-03-07T11:00:13.124Z"}
{"context":"API","level":"info","message":"GET /api/pipeline/status/run_1772880871103","timestamp":"2026-03-07T11:00:14.127Z"}
{"context":"API","level":"info","message":"GET /api/pipeline/status/run_1772880871103","timestamp":"2026-03-07T11:00:17.128Z"}
{"context":"API","level":"info","message":"GET /api/pipeline/runs","timestamp":"2026-03-07T11:00:18.128Z"}
{"context":"API","level":"info","message":"GET /api/pipeline/status/run_1772880871103","timestamp":"2026-03-07T11:00:20.133Z"}
{"context":"API","level":"info","message":"GET /api/pipeline/status/run_1772880871103","timestamp":"2026-03-07T11:00:23.128Z"}
{"context":"API","level":"info","message":"GET /api/pipeline/runs","timestamp":"2026-03-07T11:00:23.129Z"}
{"context":"API","level":"info","message":"GET /api/pipeline/status/run_1772880871103","timestamp":"2026-03-07T11:00:26.127Z"}
{"context":"API","level":"info","message":"GET /api/pipeline/runs","timestamp":"2026-03-07T11:00:28.128Z"}
{"context":"API","level":"info","message":"GET /api/pipeline/status/run_1772880871103","timestamp":"2026-03-07T11:00:29.126Z"}
{"context":"API","level":"info","message":"GET /api/pipeline/status/run_1772880871103","timestamp":"2026-03-07T11:00:32.128Z"}
{"context":"API","level":"info","message":"GET /api/pipeline/runs","timestamp":"2026-03-07T11:00:33.115Z"}
{"context":"API","level":"info","message":"GET /api/pipeline/status/run_1772880871103","timestamp":"2026-03-07T11:00:35.125Z"}
{"context":"API","level":"info","message":"GET /api/pipeline/status/run_1772880871103","timestamp":"2026-03-07T11:00:38.121Z"}
{"context":"API","level":"info","message":"GET /api/pipeline/runs","timestamp":"2026-03-07T11:00:38.123Z"}
{"context":"FacebookPageScraper","level":"info","message":"  ✔ Oberoi Hotels: 263000 followers, 5 likes, rating N/A (2m 43s)","timestamp":"2026-03-07T11:00:40.975Z"}
{"context":"FacebookPageScraper","level":"info","message":"Page scrape complete: 2/2 succeeded","timestamp":"2026-03-07T11:00:40.976Z"}
{"context":"queries","level":"debug","message":"Inserted page metrics id=1 for competitor=11","timestamp":"2026-03-07T11:00:41.032Z"}
{"context":"queries","level":"debug","message":"Recorded follower history for competitor=11: 15000","timestamp":"2026-03-07T11:00:41.054Z"}
{"context":"ScrapeService","level":"info","message":"  Page metrics for competitor 11: 15000 followers","timestamp":"2026-03-07T11:00:41.054Z"}
{"context":"queries","level":"debug","message":"Inserted page metrics id=2 for competitor=4","timestamp":"2026-03-07T11:00:41.055Z"}
{"context":"queries","level":"debug","message":"Recorded follower history for competitor=4: 263000","timestamp":"2026-03-07T11:00:41.057Z"}
{"context":"ScrapeService","level":"info","message":"  Page metrics for competitor 4: 263000 followers","timestamp":"2026-03-07T11:00:41.058Z"}
{"context":"API","level":"info","message":"GET /api/pipeline/status/run_1772880871103","timestamp":"2026-03-07T11:00:41.126Z"}
{"context":"FacebookPageScraper","level":"info","message":"Browser closed","timestamp":"2026-03-07T11:00:42.174Z"}
{"context":"ScrapeService","level":"info","message":"=== Stage: Facebook Posts (Apify) ===","timestamp":"2026-03-07T11:00:42.175Z"}
{"context":"FacebookPostsScraper","level":"info","message":"Starting Facebook posts scrape for 2 competitor(s)","timestamp":"2026-03-07T11:00:42.175Z"}
{"context":"FacebookPostsScraper","level":"info","message":"Scraping Facebook posts for \"Kaldan Samudhra Palace \"","timestamp":"2026-03-07T11:00:42.193Z","url":"https://www.facebook.com/kaldansamudhra/"}
{"context":"ApifyService","inputKeys":["startUrls","maxPosts","maxPostComments","maxReviews","scrapeAbout","scrapeReviews","scrapeServices"],"level":"info","message":"Running actor \"apify~facebook-posts-scraper\"","timeout":300,"timestamp":"2026-03-07T11:00:42.200Z"}
{"context":"FacebookPostsScraper","level":"info","message":"Scraping Facebook posts for \"Oberoi Hotels\"","timestamp":"2026-03-07T11:00:42.203Z","url":"https://www.facebook.com/OberoiHotels/"}
{"context":"ApifyService","inputKeys":["startUrls","maxPosts","maxPostComments","maxReviews","scrapeAbout","scrapeReviews","scrapeServices"],"level":"info","message":"Running actor \"apify~facebook-posts-scraper\"","timeout":300,"timestamp":"2026-03-07T11:00:42.204Z"}
{"context":"API","level":"info","message":"GET /api/pipeline/runs","timestamp":"2026-03-07T11:00:43.125Z"}
{"context":"API","level":"info","message":"GET /api/pipeline/status/run_1772880871103","timestamp":"2026-03-07T11:00:44.133Z"}
{"context":"API","level":"info","message":"GET /api/pipeline/status/run_1772880871103","timestamp":"2026-03-07T11:00:47.127Z"}
{"context":"API","level":"info","message":"GET /api/pipeline/runs","timestamp":"2026-03-07T11:00:48.131Z"}
{"context":"API","level":"info","message":"GET /api/pipeline/status/run_1772880871103","timestamp":"2026-03-07T11:00:50.123Z"}
{"context":"ApifyService","itemCount":3,"level":"info","message":"Actor \"apify~facebook-posts-scraper\" completed","timestamp":"2026-03-07T11:00:50.203Z"}
{"context":"FacebookPostsScraper","level":"info","message":"Scraped 3 post(s) for \"Oberoi Hotels\"","timestamp":"2026-03-07T11:00:50.204Z"}
{"context":"API","level":"info","message":"GET /api/pipeline/status/run_1772880871103","timestamp":"2026-03-07T11:00:53.124Z"}
{"context":"API","level":"info","message":"GET /api/pipeline/runs","timestamp":"2026-03-07T11:00:53.125Z"}
{"context":"ApifyService","itemCount":3,"level":"info","message":"Actor \"apify~facebook-posts-scraper\" completed","timestamp":"2026-03-07T11:00:53.171Z"}
{"context":"FacebookPostsScraper","level":"info","message":"Scraped 3 post(s) for \"Kaldan Samudhra Palace \"","timestamp":"2026-03-07T11:00:53.172Z"}
{"context":"ScrapeService","level":"info","message":"  3 posts for competitor 11 (Kaldan Samudhra Palace )","timestamp":"2026-03-07T11:00:53.322Z"}
{"context":"ScrapeService","level":"info","message":"  Partial page data from posts: 3 posts, avg engagement: 6, last post: 2026-03-06T06:56:16.000Z","timestamp":"2026-03-07T11:00:53.323Z"}
{"context":"ScrapeService","level":"info","message":"  3 posts for competitor 4 (Oberoi Hotels)","timestamp":"2026-03-07T11:00:53.326Z"}
{"context":"ScrapeService","level":"info","message":"  Partial page data from posts: 3 posts, avg engagement: 342, last post: 2026-03-05T11:30:36.000Z","timestamp":"2026-03-07T11:00:53.327Z"}
{"context":"ScrapeService","level":"info","message":"=== Stage: Google Trends ===","timestamp":"2026-03-07T11:00:53.327Z"}
{"context":"GoogleTrendsFetcher","level":"info","message":"Fetching Google Trends data for 10 keywords (geo: TH, 90d)","timestamp":"2026-03-07T11:00:53.327Z"}
{"context":"GoogleTrendsFetcher","level":"info","message":"  Batch 1/2: [hua hin hotel, hua hin resort, hua hin pool villa, hua hin beachfront, hua hin wedding venue]","timestamp":"2026-03-07T11:00:53.328Z"}
{"context":"GoogleTrendsFetcher","level":"error","message":"Google Trends fetch failed: Unexpected token 'L', \"L><HEAD><m\"... is not valid JSON","timestamp":"2026-03-07T11:00:54.593Z"}
{"adsScraped":10,"context":"ScrapeService","errors":["Trends: Unexpected token 'L', \"L><HEAD><m\"... is not valid JSON"],"level":"info","message":"ScrapeService.run complete","pagesScraped":2,"postsScraped":6,"timestamp":"2026-03-07T11:00:54.595Z","totalCompetitors":2,"trendsScraped":0}
{"context":"PipelineAPI","level":"info","message":"Pipeline run_1772880871103: completed","timestamp":"2026-03-07T11:00:54.604Z"}
{"context":"API","level":"info","message":"GET /api/pipeline/status/run_1772880871103","timestamp":"2026-03-07T11:00:56.128Z"}
{"context":"API","level":"info","message":"GET /api/pipeline/runs","timestamp":"2026-03-07T11:00:56.142Z"}
{"context":"API","level":"info","message":"GET /api/pipeline/runs","timestamp":"2026-03-07T11:00:58.131Z"}
{"context":"API","level":"info","message":"GET /api/pipeline/runs","timestamp":"2026-03-07T11:01:03.117Z"}
{"context":"API","level":"info","message":"GET /api/pipeline/runs","timestamp":"2026-03-07T11:01:08.129Z"}
{"context":"API","level":"info","message":"GET /api/pipeline/runs","timestamp":"2026-03-07T11:01:30.651Z"}
{"context":"API","level":"info","message":"POST /api/pipeline/run","timestamp":"2026-03-07T11:01:32.782Z"}
{"context":"PipelineAPI","level":"info","message":"Pipeline run_1772881292782: starting analyze","timestamp":"2026-03-07T11:01:32.784Z"}
{"context":"API","level":"info","message":"GET /api/pipeline/runs","timestamp":"2026-03-07T11:01:32.786Z"}
{"context":"API","level":"info","message":"GET /api/pipeline/runs","timestamp":"2026-03-07T11:01:33.023Z"}
{"context":"AnalysisService","dryRun":false,"level":"info","message":"AnalysisService.run starting","timestamp":"2026-03-07T11:01:33.485Z"}
{"context":"queries","level":"debug","message":"Fetching all active competitors","timestamp":"2026-03-07T11:01:33.485Z"}
{"context":"AnalysisService","level":"info","message":"Loading data for 2 competitors...","timestamp":"2026-03-07T11:01:33.487Z"}
{"context":"db","level":"debug","message":"New pool client connected","timestamp":"2026-03-07T11:01:33.563Z"}
{"context":"db","level":"debug","message":"New pool client connected","timestamp":"2026-03-07T11:01:33.572Z"}
{"context":"db","level":"debug","message":"New pool client connected","timestamp":"2026-03-07T11:01:33.581Z"}
{"context":"db","level":"debug","message":"New pool client connected","timestamp":"2026-03-07T11:01:33.590Z"}
{"context":"db","level":"debug","message":"New pool client connected","timestamp":"2026-03-07T11:01:33.626Z"}
{"context":"db","level":"debug","message":"New pool client connected","timestamp":"2026-03-07T11:01:33.643Z"}
{"context":"db","level":"debug","message":"New pool client connected","timestamp":"2026-03-07T11:01:33.644Z"}
{"context":"AnalysisService","level":"info","message":"=== Stage: Health Scores ===","timestamp":"2026-03-07T11:01:33.651Z"}
{"context":"HealthScoreCalculator","level":"debug","message":"  Kaldan Samudhra Palace : total=8.2 (paid=0, organic=16.4) [new]","timestamp":"2026-03-07T11:01:33.653Z"}
{"context":"HealthScoreCalculator","level":"debug","message":"  Oberoi Hotels: total=47.7 (paid=69, organic=26.3) [new]","timestamp":"2026-03-07T11:01:33.654Z"}
{"context":"HealthScoreCalculator","level":"info","message":"Calculated health scores for 2 competitors (avg: 28)","timestamp":"2026-03-07T11:01:33.654Z"}
{"context":"AnalysisService","level":"info","message":"  Calculated 2 health scores","timestamp":"2026-03-07T11:01:33.654Z"}
{"context":"AnalysisService","level":"info","message":"=== Stage: Strategy Classification ===","timestamp":"2026-03-07T11:01:33.655Z"}
{"context":"StrategyClassifier","level":"info","message":"Classifying strategy for 2 competitors using anthropic/claude-3.5-haiku","timestamp":"2026-03-07T11:01:33.656Z"}
{"context":"StrategyClassifier","level":"warn","message":"  Claude API attempt 1/3 failed: 404 <!DOCTYPE html><html lang=\"en\"><head><meta charSet=\"utf-8\"/><meta name=\"viewport\" content=\"width=device-width, initial-scale=1, minimum-scale=1\"/><link rel=\"stylesheet\" href=\"/_next/static/css/cda3af16020f96ba.css\" data-precedence=\"next\"/><link rel=\"stylesheet\" href=\"/_next/static/css/23565049b3597e0b.css\" data-precedence=\"next\"/><link rel=\"stylesheet\" href=\"/_next/static/css/7f803c4ba0b62a29.css\" data-precedence=\"next\"/><link rel=\"preload\" as=\"script\" fetchPriority=\"low\" href=\"/_next/static/chunks/webpack-10ba58d93e371456.js\"/><script src=\"/_next/static/chunks/9ba4270a-e6f67529ac26615d.js\" async=\"\"></script><script src=\"/_next/static/chunks/92a4cbe8-e405d44926c37b73.js\" async=\"\"></script><script src=\"/_next/static/chunks/60384-70e3fa1342d029c7.js\" async=\"\"></script><script src=\"/_next/static/chunks/46437-de717c850179876b.js\" async=\"\"></script><script src=\"/_next/static/chunks/main-app-0bba5adccdad5b04.js\" async=\"\"></script><script src=\"/_next/static/chunks/25170-0e6181b2ccbbb6c4.js\" async=\"\"></script><script src=\"/_next/static/chunks/3888-1b80ac3e66e8a62f.js\" async=\"\"></script><script src=\"/_next/static/chunks/71106-b7535260a328d1a8.js\" async=\"\"></script><script src=\"/_next/static/chunks/3144-31c3de663d43a81f.js\" async=\"\"></script><script src=\"/_next/static/chunks/1734-d5af36f0b162a573.js\" async=\"\"></script><script src=\"/_next/static/chunks/45079-024b7107b15d4084.js\" async=\"\"></script><script src=\"/_next/static/chunks/5985-c1dc926d4d436766.js\" async=\"\"></script><script src=\"/_next/static/chunks/10756-daa34ab87965281e.js\" async=\"\"></script><script src=\"/_next/static/chunks/65088-8591857f52c4c13f.js\" async=\"\"></script><script src=\"/_next/static/chunks/6829-df03642e9cfbc8f4.js\" async=\"\"></script><script src=\"/_next/static/chunks/40331-459dbea7989a248e.js\" async=\"\"></script><script src=\"/_next/static/chunks/57028-3214d72e2a7c9de0.js\" async=\"\"></script><script src=\"/_next/static/chunks/28464-1f4a9b148a86c8af.js\" async=\"\"></script><script src=\"/_next/static/chunks/13557-d8c6f4320672188d.js\" async=\"\"></script><script src=\"/_next/static/chunks/57518-354d9d9eed155c41.js\" async=\"\"></script><script src=\"/_next/static/chunks/56873-2d1079b450e7f242.js\" async=\"\"></script><script src=\"/_next/static/chunks/80212-b72efa8ae64f19b5.js\" async=\"\"></script><script src=\"/_next/static/chunks/3556-d73559aa65408ef1.js\" async=\"\"></script><script src=\"/_next/static/chunks/5590-d9fabde5f7ff1a3e.js\" async=\"\"></script><script src=\"/_next/static/chunks/51822-78ff3a66cbc8c8da.js\" async=\"\"></script><script src=\"/_next/static/chunks/81729-516046754f560fe3.js\" async=\"\"></script><script src=\"/_next/static/chunks/97045-3066625d43510da3.js\" async=\"\"></script><script src=\"/_next/static/chunks/app/layout-e98b45b309fcb7a3.js\" async=\"\"></script><script src=\"/_next/static/chunks/28151-9b975e06dd078d6b.js\" async=\"\"></script><script src=\"/_next/static/chunks/98761-1f1e4035f9cea0b6.js\" async=\"\"></script><script src=\"/_next/static/chunks/app/not-found-f7bb3c9b82a096e3.js\" async=\"\"></script><script src=\"/_next/static/chunks/32584-2052ed6c9ce94184.js\" async=\"\"></script><script src=\"/_next/static/chunks/5630-2ea83c9c3d616ebc.js\" async=\"\"></script><script src=\"/_next/static/chunks/32304-a9fecde38fba538e.js\" async=\"\"></script><script src=\"/_next/static/chunks/app/(user)/layout-3c15428b358026f7.js\" async=\"\"></script><script src=\"/_next/static/chunks/app/(static)/layout-007d563104356e66.js\" async=\"\"></script><script src=\"/_next/static/chunks/app/global-error-f927dfe9743bca16.js\" async=\"\"></script><script src=\"https://clerk.openrouter.ai/npm/@clerk/clerk-js@5/dist/clerk.browser.js\" data-clerk-js-script=\"true\" async=\"\" crossorigin=\"anonymous\" data-clerk-publishable-key=\"pk_live_Y2xlcmsub3BlbnJvdXRlci5haSQ\"></script><meta name=\"robots\" content=\"noindex\"/><meta name=\"next-size-adjust\" content=\"\"/><meta name=\"theme-color\" media=\"(prefers-color-scheme: light)\" content=\"rgb(255, 255, 255)\"/><meta name=\"theme-color\" media=\"(prefers-color-scheme: dark)\" content=\"rgb(9, 10, 11)\"/><title>Not Found | OpenRouter</title><meta name=\"description\" content=\"The page you are looking for does not exist\"/><link rel=\"manifest\" href=\"/manifest.webmanifest\"/><meta name=\"openrouter:commit-sha\" content=\"20b0d44554f8066370e22e60c99dd6436acd860c\"/><meta property=\"og:title\" content=\"Not Found | OpenRouter\"/><meta property=\"og:description\" content=\"The page you are looking for does not exist\"/><meta property=\"og:url\" content=\"https://openrouter.ai\"/><meta property=\"og:site_name\" content=\"OpenRouter\"/><meta property=\"og:image\" content=\"https://openrouter.ai/dynamic-og?pathname=not-found&amp;title=Not+Found&amp;description=The+page+you+are+looking+for+does+not+exist\"/><meta name=\"twitter:card\" content=\"summary_large_image\"/><meta name=\"twitter:site\" content=\"@openrouter\"/><meta name=\"twitter:title\" content=\"Not Found | OpenRouter\"/><meta name=\"twitter:description\" content=\"The page you are looking for does not exist\"/><meta name=\"twitter:image\" content=\"https://openrouter.ai/dynamic-og?pathname=not-found&amp;title=Not+Found&amp;description=The+page+you+are+looking+for+does+not+exist\"/><link rel=\"icon\" href=\"/favicon.ico\" type=\"image/x-icon\" sizes=\"16x16\"/><link rel=\"icon\" href=\"/favicon.ico\"/><script async=\"\" src=\"https://www.googletagmanager.com/gtag/js?id=G-R8YZRJS2XN\"></script><script src=\"/_next/static/chunks/polyfills-42372ed130431b0a.js\" noModule=\"\"></script><script>\n            window.dataLayer = window.dataLayer || [];\n            function gtag(){dataLayer.push(arguments);}\n            gtag('js', new Date());\n            gtag('config', 'G-R8YZRJS2XN');\n          </script></head><body class=\"__variable_f367f3 __variable_f910ec font-sans\"><style>\n:root {\n  --bprogress-color: hsl(var(--primary));\n  --bprogress-height: 2px;\n  --bprogress-spinner-size: 18px;\n  --bprogress-spinner-animation-duration: 400ms;\n  --bprogress-spinner-border-size: 2px;\n  --bprogress-box-shadow: 0 0 10px hsl(var(--primary)), 0 0 5px hsl(var(--primary));\n  --bprogress-z-index: 99999;\n  --bprogress-spinner-top: 15px;\n  --bprogress-spinner-bottom: auto;\n  --bprogress-spinner-right: 15px;\n  --bprogress-spinner-left: auto;\n}\n\n.bprogress {\n  width: 0;\n  height: 0;\n  pointer-events: none;\n  z-index: var(--bprogress-z-index);\n}\n\n.bprogress .bar {\n  background: var(--bprogress-color);\n  position: fixed;\n  z-index: var(--bprogress-z-index);\n  top: 0;\n  left: 0;\n  width: 100%;\n  height: var(--bprogress-height);\n}\n\n/* Fancy blur effect */\n.bprogress .peg {\n  display: block;\n  position: absolute;\n  right: 0;\n  width: 100px;\n  height: 100%;\n  box-shadow: var(--bprogress-box-shadow);\n  opacity: 1.0;\n  transform: rotate(3deg) translate(0px, -4px);\n}\n\n/* Remove these to get rid of the spinner */\n.bprogress .spinner {\n  display: block;\n  position: fixed;\n  z-index: var(--bprogress-z-index);\n  top: var(--bprogress-spinner-top);\n  bottom: var(--bprogress-spinner-bottom);\n  right: var(--bprogress-spinner-right);\n  left: var(--bprogress-spinner-left);\n}\n\n.bprogress .spinner-icon {\n  width: var(--bprogress-spinner-size);\n  height: var(--bprogress-spinner-size);\n  box-sizing: border-box;\n  border: solid var(--bprogress-spinner-border-size) transparent;\n  border-top-color: var(--bprogress-color);\n  border-left-color: var(--bprogress-color);\n  border-radius: 50%;\n  -webkit-animation: bprogress-spinner var(--bprogress-spinner-animation-duration) linear infinite;\n  animation: bprogress-spinner var(--bprogress-spinner-animation-duration) linear infinite;\n}\n\n.bprogress-custom-parent {\n  overflow: hidden;\n  position: relative;\n}\n\n.bprogress-custom-parent .bprogress .spinner,\n.bprogress-custom-parent .bprogress .bar {\n  position: absolute;\n}\n\n.bprogress .indeterminate {\n  position: fixed;\n  top: 0;\n  left: 0;\n  width: 100%;\n  height: var(--bprogress-height);\n  overflow: hidden;\n}\n\n.bprogress .indeterminate .inc,\n.bprogress .indeterminate .dec {\n  position: absolute;\n  top: 0;\n  height: 100%;\n  background-color: var(--bprogress-color);\n}\n\n.bprogress .indeterminate .inc {\n  animation: bprogress-indeterminate-increase 2s infinite;\n}\n\n.bprogress .indeterminate .dec {\n  animation: bprogress-indeterminate-decrease 2s 0.5s infinite;\n}\n\n@-webkit-keyframes bprogress-spinner {\n  0%   { -webkit-transform: rotate(0deg); transform: rotate(0deg); }\n  100% { -webkit-transform: rotate(360deg); transform: rotate(360deg); }\n}\n\n@keyframes bprogress-spinner {\n  0%   { transform: rotate(0deg); }\n  100% { transform: rotate(360deg); }\n}\n\n@keyframes bprogress-indeterminate-increase {\n  from { left: -5%; width: 5%; }\n  to { left: 130%; width: 100%; }\n}\n\n@keyframes bprogress-indeterminate-decrease {\n  from { left: -80%; width: 80%; }\n  to { left: 110%; width: 10%; }\n}\n</style><!--$--><!--/$--><script>((a,b,c,d,e,f,g,h)=>{let i=document.documentElement,j=[\"light\",\"dark\"];function k(b){var c;(Array.isArray(a)?a:[a]).forEach(a=>{let c=\"class\"===a,d=c&&f?e.map(a=>f[a]||a):e;c?(i.classList.remove(...d),i.classList.add(f&&f[b]?f[b]:b)):i.setAttribute(a,b)}),c=b,h&&j.includes(c)&&(i.style.colorScheme=c)}if(d)k(d);else try{let a=localStorage.getItem(b)||c,d=g&&\"system\"===a?window.matchMedia(\"(prefers-color-scheme: dark)\").matches?\"dark\":\"light\":a;k(d)}catch(a){}})(\"class\",\"theme\",\"light\",null,[\"light\",\"dark\"],null,true,true)</script><!--$--><!--/$--><main class=\"tabular-nums\"><!--$?--><template id=\"B:0\"></template><nav id=\"main-nav\" class=\"sticky top-0 z-40 bg-background w-full\"><div class=\"mx-auto w-full px-6 py-3.5 lg:py-6 max-w-screen-4xl\"><div class=\"align-center relative flex flex-row justify-between text-sm md:text-base\"><div class=\"flex flex-1 items-center gap-4\"><a class=\"text-muted-foreground\" href=\"/\"><button class=\"inline-flex items-center whitespace-nowrap font-medium transition-colors focus-visible:outline-none disabled:pointer-events-none disabled:opacity-50 focus-visible:ring-1 focus-visible:ring-ring gap-2 leading-6 hover:bg-accent hover:text-accent-foreground border border-transparent h-9 rounded-md w-auto justify-center text-muted-foreground px-2\"><span class=\"flex items-center gap-2 text-base transform cursor-pointer font-medium duration-100 ease-in-out fill-current stroke-current\"><svg width=\"100%\" height=\"100%\" viewBox=\"0 0 512 512\" xmlns=\"http://www.w3.org/2000/svg\" class=\"size-4\" fill=\"currentColor\" stroke=\"currentColor\" role=\"img\" aria-label=\"Logo\"><path d=\"M3 248.945C18 248.945 76 236 106 219C136 202 136 202 198 158C276.497 102.293 332 120.945 423 120.945\" stroke-width=\"90\"></path><path d=\"M511 121.5L357.25 210.268L357.25 32.7324L511 121.5Z\"></path><path d=\"M0 249C15 249 73 261.945 103 278.945C133 295.945 133 295.945 195 339.945C273.497 395.652 329 377 420 377\" stroke-width=\"90\"></path><path d=\"M508 376.445L354.25 287.678L354.25 465.213L508 376.445Z\"></path></svg>OpenRouter</span></button></a><div class=\"hidden md:flex h-9 w-[386px] items-center gap-2 rounded-md bg-slate-3 text-slate-11 opacity-60\"><svg xmlns=\"http://www.w3.org/2000/svg\" viewBox=\"0 0 24 24\" fill=\"currentColor\" aria-hidden=\"true\" data-slot=\"icon\" class=\"ml-3 size-4 shrink-0 text-muted-foreground\"><path fill-rule=\"evenodd\" d=\"M10.5 3.75a6.75 6.75 0 1 0 0 13.5 6.75 6.75 0 0 0 0-13.5ZM2.25 10.5a8.25 8.25 0 1 1 14.59 5.28l4.69 4.69a.75.75 0 1 1-1.06 1.06l-4.69-4.69A8.25 8.25 0 0 1 2.25 10.5Z\" clip-rule=\"evenodd\"></path></svg><span class=\"flex-1 text-sm text-muted-foreground\">Search</span><kbd class=\"flex items-center justify-center aspect-square h-4 w-4 p-1 pointer-events-none rounded-sm bg-border text-xs text-muted-foreground mr-3.5\">/</kbd></div><div class=\"md:hidden flex size-9 items-center justify-center opacity-60\"><svg xmlns=\"http://www.w3.org/2000/svg\" viewBox=\"0 0 24 24\" fill=\"currentColor\" aria-hidden=\"true\" data-slot=\"icon\" class=\"size-4 text-muted-foreground\"><path fill-rule=\"evenodd\" d=\"M10.5 3.75a6.75 6.75 0 1 0 0 13.5 6.75 6.75 0 0 0 0-13.5ZM2.25 10.5a8.25 8.25 0 1 1 14.59 5.28l4.69 4.69a.75.75 0 1 1-1.06 1.06l-4.69-4.69A8.25 8.25 0 0 1 2.25 10.5Z\" clip-rule=\"evenodd\"></path></svg></div></div><div class=\"hidden lg:flex lg:gap-1 text-sm items-center\"><a class=\"text-muted-foreground\" href=\"/models\"><button class=\"inline-flex items-center whitespace-nowrap font-medium transition-colors focus-visible:outline-none disabled:pointer-events-none disabled:opacity-50 focus-visible:ring-1 focus-visible:ring-ring gap-2 leading-6 hover:bg-accent hover:text-accent-foreground border border-transparent h-9 rounded-md w-auto justify-center text-muted-foreground px-2\">Models</button></a><a class=\"text-muted-foreground\" href=\"/chat\"><button class=\"inline-flex items-center whitespace-nowrap font-medium transition-colors focus-visible:outline-none disabled:pointer-events-none disabled:opacity-50 focus-visible:ring-1 focus-visible:ring-ring gap-2 leading-6 hover:bg-accent hover:text-accent-foreground border border-transparent h-9 rounded-md w-auto justify-center text-muted-foreground px-2\">Chat</button></a><a class=\"text-muted-foreground\" href=\"/rankings\"><button class=\"inline-flex items-center whitespace-nowrap font-medium transition-colors focus-visible:outline-none disabled:pointer-events-none disabled:opacity-50 focus-visible:ring-1 focus-visible:ring-ring gap-2 leading-6 hover:bg-accent hover:text-accent-foreground border border-transparent h-9 rounded-md w-auto justify-center text-muted-foreground px-2\">Rankings</button></a><a class=\"text-muted-foreground\" href=\"/apps\"><button class=\"inline-flex items-center whitespace-nowrap font-medium transition-colors focus-visible:outline-none disabled:pointer-events-none disabled:opacity-50 focus-visible:ring-1 focus-visible:ring-ring gap-2 leading-6 hover:bg-accent hover:text-accent-foreground border border-transparent h-9 rounded-md w-auto justify-center text-muted-foreground px-2\">Apps</button></a><a class=\"text-muted-foreground\" href=\"/enterprise\"><button class=\"inline-flex items-center whitespace-nowrap font-medium transition-colors focus-visible:outline-none disabled:pointer-events-none disabled:opacity-50 focus-visible:ring-1 focus-visible:ring-ring gap-2 leading-6 hover:bg-accent hover:text-accent-foreground border border-transparent h-9 rounded-md w-auto justify-center text-muted-foreground px-2\">Enterprise</button></a><a class=\"text-muted-foreground\" href=\"/pricing\"><button class=\"inline-flex items-center whitespace-nowrap font-medium transition-colors focus-visible:outline-none disabled:pointer-events-none disabled:opacity-50 focus-visible:ring-1 focus-visible:ring-ring gap-2 leading-6 hover:bg-accent hover:text-accent-foreground border border-transparent h-9 rounded-md w-auto justify-center text-muted-foreground px-2\">Pricing</button></a><a href=\"/docs/quickstart\" class=\"text-muted-foreground\"><button class=\"inline-flex items-center whitespace-nowrap font-medium transition-colors focus-visible:outline-none disabled:pointer-events-none disabled:opacity-50 focus-visible:ring-1 focus-visible:ring-ring gap-2 leading-6 hover:bg-accent hover:text-accent-foreground border border-transparent h-9 rounded-md w-auto justify-center text-muted-foreground px-2\">Docs</button></a><div class=\"flex w-24 justify-end\"><div class=\"animate-pulse bg-muted h-9 w-full rounded-full\"></div></div></div><div class=\"lg:hidden flex flex-1 justify-end gap-1\"><div class=\"flex w-24 justify-end\"><div class=\"animate-pulse rounded-md bg-muted h-9 flex-1 rounded-l-full\"></div><div class=\"animate-pulse rounded-md bg-muted h-9 w-10 rounded-r-full\"></div></div></div></div></div></nav><!--/$--><!--$--><!--/$--><!--$?--><template id=\"B:1\"></template><div class=\"flex flex-col items-center min-h-[calc(100vh-80px)] w-full md:min-h-screen\"></div><!--/$--></main><div id=\"portal-container\"></div><section aria-label=\"Notifications alt+T\" tabindex=\"-1\" aria-live=\"polite\" aria-relevant=\"additions text\" aria-atomic=\"false\"></section><script>requestAnimationFrame(function(){$RT=performance.now()});</script><script src=\"/_next/static/chunks/webpack-10ba58d93e371456.js\" id=\"_R_\" async=\"\"></script><div hidden id=\"S:0\"><nav id=\"main-nav\" class=\"sticky top-0 z-40 transition-all duration-150 bg-background w-full\"><div class=\"mx-auto w-full transition-all duration-150 px-6 py-3.5 lg:py-6\"><span style=\"position:absolute;border:0;width:1px;height:1px;padding:0;margin:-1px;overflow:hidden;clip:rect(0, 0, 0, 0);white-space:nowrap;word-wrap:normal\"><a href=\"#skip\" class=\"sr-only absolute left-0 top-0 bg-background text-primary focus:not-sr-only\">Skip to content</a></span><div class=\"align-center relative flex flex-row justify-between text-sm md:text-base\"><div class=\"flex flex-1 items-center gap-4\"><a class=\"text-muted-foreground\" href=\"/\"><button class=\"inline-flex items-center whitespace-nowrap font-medium transition-colors focus-visible:outline-none disabled:pointer-events-none disabled:opacity-50 focus-visible:ring-1 focus-visible:ring-ring gap-2 leading-6 hover:bg-accent hover:text-accent-foreground border border-transparent h-9 rounded-md w-auto justify-center text-muted-foreground px-2\"><span class=\"flex items-center gap-2 text-base transform cursor-pointer font-medium duration-100 ease-in-out fill-current stroke-current\"><svg width=\"100%\" height=\"100%\" viewBox=\"0 0 512 512\" xmlns=\"http://www.w3.org/2000/svg\" class=\"size-4\" fill=\"currentColor\" stroke=\"currentColor\" role=\"img\" aria-label=\"Logo\"><path d=\"M3 248.945C18 248.945 76 236 106 219C136 202 136 202 198 158C276.497 102.293 332 120.945 423 120.945\" stroke-width=\"90\"></path><path d=\"M511 121.5L357.25 210.268L357.25 32.7324L511 121.5Z\"></path><path d=\"M0 249C15 249 73 261.945 103 278.945C133 295.945 133 295.945 195 339.945C273.497 395.652 329 377 420 377\" stroke-width=\"90\"></path><path d=\"M508 376.445L354.25 287.678L354.25 465.213L508 376.445Z\"></path></svg>OpenRouter</span></button></a><div class=\"hidden md:block\"><div tabindex=\"-1\" class=\"flex h-full w-full flex-col overflow-hidden rounded-md bg-popover text-popover-foreground\" cmdk-root=\"\"><label cmdk-label=\"\" for=\"radix-_R_6cjdl9bH2_\" id=\"radix-_R_6cjdl9bH1_\" style=\"position:absolute;width:1px;height:1px;padding:0;margin:-1px;overflow:hidden;clip:rect(0, 0, 0, 0);white-space:nowrap;border-width:0\"></label><div role=\"combobox\" aria-controls=\"search-command-list\" aria-expanded=\"false\" class=\"relative flex h-9 w-[386px] items-center gap-2 rounded-md ring-ring transition-colors bg-slate-3 text-slate-11 focus-within:bg-slate-4 focus-within:text-slate-12\" type=\"button\" aria-haspopup=\"dialog\" data-state=\"closed\"><div class=\"flex items-center border-b px-3 w-full focus-visible:outline-none\" cmdk-input-wrapper=\"\"><svg xmlns=\"http://www.w3.org/2000/svg\" viewBox=\"0 0 24 24\" fill=\"currentColor\" aria-hidden=\"true\" data-slot=\"icon\" class=\"mr-2 h-4 w-4 shrink-0 opacity-50\"><path fill-rule=\"evenodd\" d=\"M10.5 3.75a6.75 6.75 0 1 0 0 13.5 6.75 6.75 0 0 0 0-13.5ZM2.25 10.5a8.25 8.25 0 1 1 14.59 5.28l4.69 4.69a.75.75 0 1 1-1.06 1.06l-4.69-4.69A8.25 8.25 0 0 1 2.25 10.5Z\" clip-rule=\"evenodd\"></path></svg><input class=\"flex h-10 w-full rounded-md bg-transparent py-3 text-sm outline-none placeholder:text-muted-foreground disabled:cursor-not-allowed disabled:opacity-50\" placeholder=\"Search\" disabled=\"\" cmdk-input=\"\" autoComplete=\"off\" autoCorrect=\"off\" spellCheck=\"false\" aria-autocomplete=\"list\" role=\"combobox\" aria-expanded=\"true\" aria-controls=\"radix-_R_6cjdl9b_\" aria-labelledby=\"radix-_R_6cjdl9bH1_\" id=\"radix-_R_6cjdl9bH2_\" type=\"text\" value=\"\"/></div><kbd class=\"flex items-center justify-center aspect-square h-4 w-4 p-1 pointer-events-none rounded-sm bg-border text-xs text-muted-foreground absolute right-3.5 transition-opacity duration-200\">/</kbd></div></div></div><div class=\"md:hidden\"><button class=\"inline-flex items-center justify-center whitespace-nowrap rounded-md font-medium transition-colors focus-visible:outline-none disabled:pointer-events-none disabled:opacity-50 focus-visible:ring-1 focus-visible:ring-ring gap-2 leading-6 text-muted-foreground hover:bg-accent hover:text-accent-foreground border border-transparent h-9 w-9\" role=\"combobox\" aria-expanded=\"false\" title=\"Search\" type=\"button\" aria-haspopup=\"dialog\" aria-controls=\"radix-_R_acjdl9b_\" data-state=\"closed\" data-slot=\"dialog-trigger\"><svg xmlns=\"http://www.w3.org/2000/svg\" viewBox=\"0 0 24 24\" fill=\"currentColor\" aria-hidden=\"true\" data-slot=\"icon\" class=\"size-4\"><path fill-rule=\"evenodd\" d=\"M10.5 3.75a6.75 6.75 0 1 0 0 13.5 6.75 6.75 0 0 0 0-13.5ZM2.25 10.5a8.25 8.25 0 1 1 14.59 5.28l4.69 4.69a.75.75 0 1 1-1.06 1.06l-4.69-4.69A8.25 8.25 0 0 1 2.25 10.5Z\" clip-rule=\"evenodd\"></path></svg></button></div></div><div class=\"hidden lg:flex lg:gap-1 text-sm\"><a class=\"text-muted-foreground\" href=\"/models\"><button class=\"inline-flex items-center whitespace-nowrap font-medium transition-colors focus-visible:outline-none disabled:pointer-events-none disabled:opacity-50 focus-visible:ring-1 focus-visible:ring-ring gap-2 leading-6 hover:bg-accent hover:text-accent-foreground border border-transparent h-9 rounded-md w-auto justify-center text-muted-foreground px-2\">Models</button></a><a class=\"text-muted-foreground\" href=\"/chat\"><button class=\"inline-flex items-center whitespace-nowrap font-medium transition-colors focus-visible:outline-none disabled:pointer-events-none disabled:opacity-50 focus-visible:ring-1 focus-visible:ring-ring gap-2 leading-6 hover:bg-accent hover:text-accent-foreground border border-transparent h-9 rounded-md w-auto justify-center text-muted-foreground px-2\">Chat</button></a><a class=\"text-muted-foreground\" href=\"/rankings\"><button class=\"inline-flex items-center whitespace-nowrap font-medium transition-colors focus-visible:outline-none disabled:pointer-events-none disabled:opacity-50 focus-visible:ring-1 focus-visible:ring-ring gap-2 leading-6 hover:bg-accent hover:text-accent-foreground border border-transparent h-9 rounded-md w-auto justify-center text-muted-foreground px-2\">Rankings</button></a><a class=\"text-muted-foreground\" href=\"/apps\"><button class=\"inline-flex items-center whitespace-nowrap font-medium transition-colors focus-visible:outline-none disabled:pointer-events-none disabled:opacity-50 focus-visible:ring-1 focus-visible:ring-ring gap-2 leading-6 hover:bg-accent hover:text-accent-foreground border border-transparent h-9 rounded-md w-auto justify-center text-muted-foreground px-2\">Apps</button></a><a class=\"text-muted-foreground\" href=\"/enterprise\"><button class=\"inline-flex items-center whitespace-nowrap font-medium transition-colors focus-visible:outline-none disabled:pointer-events-none disabled:opacity-50 focus-visible:ring-1 focus-visible:ring-ring gap-2 leading-6 hover:bg-accent hover:text-accent-foreground border border-transparent h-9 rounded-md w-auto justify-center text-muted-foreground px-2\">Enterprise</button></a><a class=\"text-muted-foreground\" href=\"/pricing\"><button class=\"inline-flex items-center whitespace-nowrap font-medium transition-colors focus-visible:outline-none disabled:pointer-events-none disabled:opacity-50 focus-visible:ring-1 focus-visible:ring-ring gap-2 leading-6 hover:bg-accent hover:text-accent-foreground border border-transparent h-9 rounded-md w-auto justify-center text-muted-foreground px-2\">Pricing</button></a><a href=\"/docs/quickstart\" class=\"text-muted-foreground\"><button class=\"inline-flex items-center whitespace-nowrap font-medium transition-colors focus-visible:outline-none disabled:pointer-events-none disabled:opacity-50 focus-visible:ring-1 focus-visible:ring-ring gap-2 leading-6 hover:bg-accent hover:text-accent-foreground border border-transparent h-9 rounded-md w-auto justify-center text-muted-foreground px-2\">Docs</button></a><div class=\"flex w-24 justify-end\"><div class=\"animate-pulse bg-muted h-9 w-full rounded-full\"></div></div></div><div class=\"lg:hidden\"><div class=\"flex flex-1 justify-end gap-1\"><div class=\"flex w-24 justify-end\"><div class=\"animate-pulse rounded-md bg-muted h-9 flex-1 rounded-l-full\"></div><div class=\"animate-pulse rounded-md bg-muted h-9 w-10 rounded-r-full\"></div></div></div></div></div></div></nav></div><script>$RB=[];$RV=function(a){$RT=performance.now();for(var b=0;b<a.length;b+=2){var c=a[b],e=a[b+1];null!==e.parentNode&&e.parentNode.removeChild(e);var f=c.parentNode;if(f){var g=c.previousSibling,h=0;do{if(c&&8===c.nodeType){var d=c.data;if(\"/$\"===d||\"/&\"===d)if(0===h)break;else h--;else\"$\"!==d&&\"$?\"!==d&&\"$~\"!==d&&\"$!\"!==d&&\"&\"!==d||h++}d=c.nextSibling;f.removeChild(c);c=d}while(c);for(;e.firstChild;)f.insertBefore(e.firstChild,c);g.data=\"$\";g._reactRetry&&requestAnimationFrame(g._reactRetry)}}a.length=0};\n$RC=function(a,b){if(b=document.getElementById(b))(a=document.getElementById(a))?(a.previousSibling.data=\"$~\",$RB.push(a,b),2===$RB.length&&(\"number\"!==typeof $RT?requestAnimationFrame($RV.bind(null,$RB)):(a=performance.now(),setTimeout($RV.bind(null,$RB),2300>a&&2E3<a?2300-a:$RT+300-a)))):b.parentNode.removeChild(b)};$RC(\"B:0\",\"S:0\")</script><div hidden id=\"S:1\"><div class=\"flex flex-col items-center justify-center bg-background text-foreground\"><div class=\"relative z-0 transition-all border-border/50 md:border-r h-[calc(100dvh-4rem)] md:h-[calc(100dvh-5.25rem)] main-content-container items-center justify-center flex flex-col gap-4\"><h2 class=\"flex w-96 items-center justify-between gap-2\"><div data-orientation=\"horizontal\" role=\"none\" class=\"h-px w-full flex-1 bg-gradient-to-r from-background via-background to-border\"></div><span>404: Not Found</span><div data-orientation=\"horizontal\" role=\"none\" class=\"h-px w-full flex-1 bg-gradient-to-l from-background via-background to-border\"></div></h2><div class=\"flex flex-col gap-8 md:flex-row\"><a class=\"self-start\" href=\"/\"><button class=\"items-center justify-center whitespace-nowrap font-medium transition-colors focus-visible:outline-none disabled:pointer-events-none disabled:opacity-50 focus-visible:ring-1 focus-visible:ring-ring bg-secondary text-secondary-foreground shadow-sm hover:bg-secondary/80 hover:text-secondary-foreground h-8 rounded-md px-3 text-xs group flex gap-2\"><svg xmlns=\"http://www.w3.org/2000/svg\" fill=\"none\" viewBox=\"0 0 24 24\" stroke-width=\"1.5\" stroke=\"currentColor\" aria-hidden=\"true\" data-slot=\"icon\" class=\"size-4 transition-transform group-hover:-translate-x-1\"><path stroke-linecap=\"round\" stroke-linejoin=\"round\" d=\"M10.5 19.5 3 12m0 0 7.5-7.5M3 12h18\"></path></svg>Go Home</button></a><a class=\"self-end\" href=\"/models\"><button class=\"items-center justify-center whitespace-nowrap font-medium transition-colors focus-visible:outline-none disabled:pointer-events-none disabled:opacity-50 focus-visible:ring-1 focus-visible:ring-ring bg-secondary text-secondary-foreground shadow-sm hover:bg-secondary/80 hover:text-secondary-foreground h-8 rounded-md px-3 text-xs group flex gap-2\">Browse Models<svg xmlns=\"http://www.w3.org/2000/svg\" fill=\"none\" viewBox=\"0 0 24 24\" stroke-width=\"1.5\" stroke=\"currentColor\" aria-hidden=\"true\" data-slot=\"icon\" class=\"size-4 transition-transform group-hover:translate-x-1\"><path stroke-linecap=\"round\" stroke-linejoin=\"round\" d=\"M13.5 4.5 21 12m0 0-7.5 7.5M21 12H3\"></path></svg></button></a></div></div><footer><div class=\"px-6 py-12 md:px-12 md:py-16 border-t bg-background font-medium\"><div class=\"mx-auto max-w-7xl grid gap-8 grid-cols-2 md:grid-cols-4 lg:grid-cols-5\"><div class=\"col-span-2 md:col-span-4 lg:col-span-1 flex flex-col gap-4\"><span data-state=\"closed\" style=\"-webkit-touch-callout:none\"><a class=\"flex items-center gap-2 text-foreground hover:text-foreground/80 transition-colors w-fit\" href=\"/\"><svg width=\"100%\" height=\"100%\" viewBox=\"0 0 512 512\" xmlns=\"http://www.w3.org/2000/svg\" class=\"size-5\" fill=\"currentColor\" stroke=\"currentColor\" role=\"img\" aria-label=\"OpenRouter Logo\"><path d=\"M3 248.945C18 248.945 76 236 106 219C136 202 136 202 198 158C276.497 102.293 332 120.945 423 120.945\" stroke-width=\"90\"></path><path d=\"M511 121.5L357.25 210.268L357.25 32.7324L511 121.5Z\"></path><path d=\"M0 249C15 249 73 261.945 103 278.945C133 295.945 133 295.945 195 339.945C273.497 395.652 329 377 420 377\" stroke-width=\"90\"></path><path d=\"M508 376.445L354.25 287.678L354.25 465.213L508 376.445Z\"></path></svg><span class=\"font-semibold\">OpenRouter</span></a></span><div class=\"text-sm text-muted-foreground\">© 2026 OpenRouter, Inc</div></div><div class=\"flex flex-col gap-3\"><h3 class=\"font-semibold text-foreground\">Product</h3><ul class=\"flex flex-col gap-2\"><li><a class=\"text-sm text-muted-foreground hover:text-foreground transition-colors flex items-center gap-2\" href=\"/chat\">Chat</a></li><li><a class=\"text-sm text-muted-foreground hover:text-foreground transition-colors flex items-center gap-2\" href=\"/rankings\">Rankings</a></li><li><a class=\"text-sm text-muted-foreground hover:text-foreground transition-colors flex items-center gap-2\" href=\"/apps\">Apps</a></li><li><a class=\"text-sm text-muted-foreground hover:text-foreground transition-colors flex items-center gap-2\" href=\"/models\">Models</a></li><li><a class=\"text-sm text-muted-foreground hover:text-foreground transition-colors flex items-center gap-2\" href=\"/providers\">Providers</a></li><li><a class=\"text-sm text-muted-foreground hover:text-foreground transition-colors flex items-center gap-2\" href=\"/pricing\">Pricing</a></li><li><a class=\"text-sm text-muted-foreground hover:text-foreground transition-colors flex items-center gap-2\" href=\"/redeem\">Redeem</a></li><li><a class=\"text-sm text-muted-foreground hover:text-foreground transition-colors flex items-center gap-2\" href=\"/enterprise\">Enterprise</a></li></ul></div><div class=\"flex flex-col gap-3\"><h3 class=\"font-semibold text-foreground\">Company</h3><ul class=\"flex flex-col gap-2\"><li><a class=\"text-sm text-muted-foreground hover:text-foreground transition-colors flex items-center gap-2\" href=\"/about\">About</a></li><li><a class=\"text-sm text-muted-foreground hover:text-foreground transition-colors flex items-center gap-2\" href=\"/announcements\">Announcements</a></li><li><a class=\"text-sm text-muted-foreground hover:text-foreground transition-colors flex items-center gap-2\" href=\"/careers\">Careers<span class=\"text-xs bg-primary/10 text-primary px-1.5 py-0.5 rounded\">Hiring</span></a></li><li><a class=\"text-sm text-muted-foreground hover:text-foreground transition-colors flex items-center gap-2\" href=\"/privacy\">Privacy</a></li><li><a class=\"text-sm text-muted-foreground hover:text-foreground transition-colors flex items-center gap-2\" href=\"/terms\">Terms of Service</a></li><li><a class=\"text-sm text-muted-foreground hover:text-foreground transition-colors flex items-center gap-2\" href=\"/support\">Support</a></li><li><a class=\"text-sm text-muted-foreground hover:text-foreground transition-colors flex items-center gap-2\" href=\"/state-of-ai\">State of AI</a></li><li><a class=\"text-sm text-muted-foreground hover:text-foreground transition-colors flex items-center gap-2\" href=\"/works-with-openrouter\">Works With OR</a></li></ul></div><div class=\"flex flex-col gap-3\"><h3 class=\"font-semibold text-foreground\">Developer</h3><ul class=\"flex flex-col gap-2\"><li><a href=\"/docs\" class=\"text-sm text-muted-foreground hover:text-foreground transition-colors flex items-center gap-2\" target=\"_blank\" rel=\"noopener noreferrer\">Documentation</a></li><li><a href=\"/docs/api-reference\" class=\"text-sm text-muted-foreground hover:text-foreground transition-colors flex items-center gap-2\" target=\"_blank\" rel=\"noopener noreferrer\">API Reference</a></li><li><a class=\"text-sm text-muted-foreground hover:text-foreground transition-colors flex items-center gap-2\" href=\"/sdk\">SDK</a></li><li><a href=\"https://status.openrouter.ai\" class=\"text-sm text-muted-foreground hover:text-foreground transition-colors flex items-center gap-2\" target=\"_blank\" rel=\"noopener noreferrer\">Status</a></li></ul></div><div class=\"flex flex-col gap-3\"><h3 class=\"font-semibold text-foreground\">Connect</h3><ul class=\"flex flex-col gap-2\"><li><a href=\"https://discord.gg/fVyRaUDgxW\" class=\"text-sm text-muted-foreground hover:text-foreground transition-colors flex items-center gap-2\" target=\"_blank\" rel=\"noopener noreferrer\">Discord</a></li><li><a href=\"https://github.com/OpenRouterTeam\" class=\"text-sm text-muted-foreground hover:text-foreground transition-colors flex items-center gap-2\" target=\"_blank\" rel=\"noopener noreferrer\">GitHub</a></li><li><a href=\"https://www.linkedin.com/company/104068329\" class=\"text-sm text-muted-foreground hover:text-foreground transition-colors flex items-center gap-2\" target=\"_blank\" rel=\"noopener noreferrer\">LinkedIn</a></li><li><a href=\"https://twitter.com/openrouter\" class=\"text-sm text-muted-foreground hover:text-foreground transition-colors flex items-center gap-2\" target=\"_blank\" rel=\"noopener noreferrer\">X</a></li><li><a href=\"https://www.youtube.com/@OpenRouterAI\" class=\"text-sm text-muted-foreground hover:text-foreground transition-colors flex items-center gap-2\" target=\"_blank\" rel=\"noopener noreferrer\">YouTube</a></li></ul></div></div></div></footer></div></div><script>$RC(\"B:1\",\"S:1\")</script><script>(self.__next_f=self.__next_f||[]).push([0])</script><script>self.__next_f.push([1,\"1:\\\"$Sreact.fragment\\\"\\n\"])</script><script>self.__next_f.push([1,\"2:I[40756,[\\\"25170\\\",\\\"static/chunks/25170-0e6181b2ccbbb6c4.js\\\",\\\"3888\\\",\\\"static/chunks/3888-1b80ac3e66e8a62f.js\\\",\\\"71106\\\",\\\"static/chunks/71106-b7535260a328d1a8.js\\\",\\\"3144\\\",\\\"static/chunks/3144-31c3de663d43a81f.js\\\",\\\"1734\\\",\\\"static/chunks/1734-d5af36f0b162a573.js\\\",\\\"45079\\\",\\\"static/chunks/45079-024b7107b15d4084.js\\\",\\\"5985\\\",\\\"static/chunks/5985-c1dc926d4d436766.js\\\",\\\"10756\\\",\\\"static/chunks/10756-daa34ab87965281e.js\\\",\\\"65088\\\",\\\"static/chunks/65088-8591857f52c4c13f.js\\\",\\\"6829\\\",\\\"static/chunks/6829-df03642e9cfbc8f4.js\\\",\\\"40331\\\",\\\"static/chunks/40331-459dbea7989a248e.js\\\",\\\"57028\\\",\\\"static/chunks/57028-3214d72e2a7c9de0.js\\\",\\\"28464\\\",\\\"static/chunks/28464-1f4a9b148a86c8af.js\\\",\\\"13557\\\",\\\"static/chunks/13557-d8c6f4320672188d.js\\\",\\\"57518\\\",\\\"static/chunks/57518-354d9d9eed155c41.js\\\",\\\"56873\\\",\\\"static/chunks/56873-2d1079b450e7f242.js\\\",\\\"80212\\\",\\\"static/chunks/80212-b72efa8ae64f19b5.js\\\",\\\"3556\\\",\\\"static/chunks/3556-d73559aa65408ef1.js\\\",\\\"5590\\\",\\\"static/chunks/5590-d9fabde5f7ff1a3e.js\\\",\\\"51822\\\",\\\"static/chunks/51822-78ff3a66cbc8c8da.js\\\",\\\"81729\\\",\\\"static/chunks/81729-516046754f560fe3.js\\\",\\\"97045\\\",\\\"static/chunks/97045-3066625d43510da3.js\\\",\\\"7177\\\",\\\"static/chunks/app/layout-e98b45b309fcb7a3.js\\\"],\\\"GoogleAnalytics\\\"]\\n\"])</script><script>self.__next_f.push([1,\"3:I[38519,[\\\"25170\\\",\\\"static/chunks/25170-0e6181b2ccbbb6c4.js\\\",\\\"3888\\\",\\\"static/chunks/3888-1b80ac3e66e8a62f.js\\\",\\\"71106\\\",\\\"static/chunks/71106-b7535260a328d1a8.js\\\",\\\"3144\\\",\\\"static/chunks/3144-31c3de663d43a81f.js\\\",\\\"1734\\\",\\\"static/chunks/1734-d5af36f0b162a573.js\\\",\\\"45079\\\",\\\"static/chunks/45079-024b7107b15d4084.js\\\",\\\"5985\\\",\\\"static/chunks/5985-c1dc926d4d436766.js\\\",\\\"10756\\\",\\\"static/chunks/10756-daa34ab87965281e.js\\\",\\\"65088\\\",\\\"static/chunks/65088-8591857f52c4c13f.js\\\",\\\"6829\\\",\\\"static/chunks/6829-df03642e9cfbc8f4.js\\\",\\\"40331\\\",\\\"static/chunks/40331-459dbea7989a248e.js\\\",\\\"57028\\\",\\\"static/chunks/57028-3214d72e2a7c9de0.js\\\",\\\"28464\\\",\\\"static/chunks/28464-1f4a9b148a86c8af.js\\\",\\\"13557\\\",\\\"static/chunks/13557-d8c6f4320672188d.js\\\",\\\"57518\\\",\\\"static/chunks/57518-354d9d9eed155c41.js\\\",\\\"56873\\\",\\\"static/chunks/56873-2d1079b450e7f242.js\\\",\\\"80212\\\",\\\"static/chunks/80212-b72efa8ae64f19b5.js\\\",\\\"3556\\\",\\\"static/chunks/3556-d73559aa65408ef1.js\\\",\\\"5590\\\",\\\"static/chunks/5590-d9fabde5f7ff1a3e.js\\\",\\\"51822\\\",\\\"static/chunks/51822-78ff3a66cbc8c8da.js\\\",\\\"81729\\\",\\\"static/chunks/81729-516046754f560fe3.js\\\",\\\"97045\\\",\\\"static/chunks/97045-3066625d43510da3.js\\\",\\\"7177\\\",\\\"static/chunks/app/layout-e98b45b309fcb7a3.js\\\"],\\\"DatadogRUM\\\"]\\n\"])</script><script>self.__next_f.push([1,\"4:I[37142,[\\\"25170\\\",\\\"static/chunks/25170-0e6181b2ccbbb6c4.js\\\",\\\"3888\\\",\\\"static/chunks/3888-1b80ac3e66e8a62f.js\\\",\\\"71106\\\",\\\"static/chunks/71106-b7535260a328d1a8.js\\\",\\\"3144\\\",\\\"static/chunks/3144-31c3de663d43a81f.js\\\",\\\"1734\\\",\\\"static/chunks/1734-d5af36f0b162a573.js\\\",\\\"45079\\\",\\\"static/chunks/45079-024b7107b15d4084.js\\\",\\\"5985\\\",\\\"static/chunks/5985-c1dc926d4d436766.js\\\",\\\"10756\\\",\\\"static/chunks/10756-daa34ab87965281e.js\\\",\\\"65088\\\",\\\"static/chunks/65088-8591857f52c4c13f.js\\\",\\\"6829\\\",\\\"static/chunks/6829-df03642e9cfbc8f4.js\\\",\\\"40331\\\",\\\"static/chunks/40331-459dbea7989a248e.js\\\",\\\"57028\\\",\\\"static/chunks/57028-3214d72e2a7c9de0.js\\\",\\\"28464\\\",\\\"static/chunks/28464-1f4a9b148a86c8af.js\\\",\\\"13557\\\",\\\"static/chunks/13557-d8c6f4320672188d.js\\\",\\\"57518\\\",\\\"static/chunks/57518-354d9d9eed155c41.js\\\",\\\"56873\\\",\\\"static/chunks/56873-2d1079b450e7f242.js\\\",\\\"80212\\\",\\\"static/chunks/80212-b72efa8ae64f19b5.js\\\",\\\"3556\\\",\\\"static/chunks/3556-d73559aa65408ef1.js\\\",\\\"5590\\\",\\\"static/chunks/5590-d9fabde5f7ff1a3e.js\\\",\\\"51822\\\",\\\"static/chunks/51822-78ff3a66cbc8c8da.js\\\",\\\"81729\\\",\\\"static/chunks/81729-516046754f560fe3.js\\\",\\\"97045\\\",\\\"static/chunks/97045-3066625d43510da3.js\\\",\\\"7177\\\",\\\"static/chunks/app/layout-e98b45b309fcb7a3.js\\\"],\\\"ConsentManager\\\"]\\n\"])</script><script>self.__next_f.push([1,\"5:I[16783,[\\\"25170\\\",\\\"static/chunks/25170-0e6181b2ccbbb6c4.js\\\",\\\"3888\\\",\\\"static/chunks/3888-1b80ac3e66e8a62f.js\\\",\\\"71106\\\",\\\"static/chunks/71106-b7535260a328d1a8.js\\\",\\\"3144\\\",\\\"static/chunks/3144-31c3de663d43a81f.js\\\",\\\"1734\\\",\\\"static/chunks/1734-d5af36f0b162a573.js\\\",\\\"45079\\\",\\\"static/chunks/45079-024b7107b15d4084.js\\\",\\\"5985\\\",\\\"static/chunks/5985-c1dc926d4d436766.js\\\",\\\"10756\\\",\\\"static/chunks/10756-daa34ab87965281e.js\\\",\\\"65088\\\",\\\"static/chunks/65088-8591857f52c4c13f.js\\\",\\\"6829\\\",\\\"static/chunks/6829-df03642e9cfbc8f4.js\\\",\\\"40331\\\",\\\"static/chunks/40331-459dbea7989a248e.js\\\",\\\"57028\\\",\\\"static/chunks/57028-3214d72e2a7c9de0.js\\\",\\\"28464\\\",\\\"static/chunks/28464-1f4a9b148a86c8af.js\\\",\\\"13557\\\",\\\"static/chunks/13557-d8c6f4320672188d.js\\\",\\\"57518\\\",\\\"static/chunks/57518-354d9d9eed155c41.js\\\",\\\"56873\\\",\\\"static/chunks/56873-2d1079b450e7f242.js\\\",\\\"80212\\\",\\\"static/chunks/80212-b72efa8ae64f19b5.js\\\",\\\"3556\\\",\\\"static/chunks/3556-d73559aa65408ef1.js\\\",\\\"5590\\\",\\\"static/chunks/5590-d9fabde5f7ff1a3e.js\\\",\\\"51822\\\",\\\"static/chunks/51822-78ff3a66cbc8c8da.js\\\",\\\"81729\\\",\\\"static/chunks/81729-516046754f560fe3.js\\\",\\\"97045\\\",\\\"static/chunks/97045-3066625d43510da3.js\\\",\\\"7177\\\",\\\"static/chunks/app/layout-e98b45b309fcb7a3.js\\\"],\\\"ThemeProvider\\\"]\\n\"])</script><script>self.__next_f.push([1,\"6:I[27456,[\\\"25170\\\",\\\"static/chunks/25170-0e6181b2ccbbb6c4.js\\\",\\\"3888\\\",\\\"static/chunks/3888-1b80ac3e66e8a62f.js\\\",\\\"71106\\\",\\\"static/chunks/71106-b7535260a328d1a8.js\\\",\\\"3144\\\",\\\"static/chunks/3144-31c3de663d43a81f.js\\\",\\\"1734\\\",\\\"static/chunks/1734-d5af36f0b162a573.js\\\",\\\"45079\\\",\\\"static/chunks/45079-024b7107b15d4084.js\\\",\\\"5985\\\",\\\"static/chunks/5985-c1dc926d4d436766.js\\\",\\\"10756\\\",\\\"static/chunks/10756-daa34ab87965281e.js\\\",\\\"65088\\\",\\\"static/chunks/65088-8591857f52c4c13f.js\\\",\\\"6829\\\",\\\"static/chunks/6829-df03642e9cfbc8f4.js\\\",\\\"40331\\\",\\\"static/chunks/40331-459dbea7989a248e.js\\\",\\\"57028\\\",\\\"static/chunks/57028-3214d72e2a7c9de0.js\\\",\\\"28464\\\",\\\"static/chunks/28464-1f4a9b148a86c8af.js\\\",\\\"13557\\\",\\\"static/chunks/13557-d8c6f4320672188d.js\\\",\\\"57518\\\",\\\"static/chunks/57518-354d9d9eed155c41.js\\\",\\\"56873\\\",\\\"static/chunks/56873-2d1079b450e7f242.js\\\",\\\"80212\\\",\\\"static/chunks/80212-b72efa8ae64f19b5.js\\\",\\\"3556\\\",\\\"static/chunks/3556-d73559aa65408ef1.js\\\",\\\"5590\\\",\\\"static/chunks/5590-d9fabde5f7ff1a3e.js\\\",\\\"51822\\\",\\\"static/chunks/51822-78ff3a66cbc8c8da.js\\\",\\\"81729\\\",\\\"static/chunks/81729-516046754f560fe3.js\\\",\\\"97045\\\",\\\"static/chunks/97045-3066625d43510da3.js\\\",\\\"7177\\\",\\\"static/chunks/app/layout-e98b45b309fcb7a3.js\\\"],\\\"ExpandedErrorModalProvider\\\"]\\n\"])</script><script>self.__next_f.push([1,\"7:I[58604,[\\\"25170\\\",\\\"static/chunks/25170-0e6181b2ccbbb6c4.js\\\",\\\"3888\\\",\\\"static/chunks/3888-1b80ac3e66e8a62f.js\\\",\\\"71106\\\",\\\"static/chunks/71106-b7535260a328d1a8.js\\\",\\\"3144\\\",\\\"static/chunks/3144-31c3de663d43a81f.js\\\",\\\"1734\\\",\\\"static/chunks/1734-d5af36f0b162a573.js\\\",\\\"45079\\\",\\\"static/chunks/45079-024b7107b15d4084.js\\\",\\\"5985\\\",\\\"static/chunks/5985-c1dc926d4d436766.js\\\",\\\"10756\\\",\\\"static/chunks/10756-daa34ab87965281e.js\\\",\\\"65088\\\",\\\"static/chunks/65088-8591857f52c4c13f.js\\\",\\\"6829\\\",\\\"static/chunks/6829-df03642e9cfbc8f4.js\\\",\\\"40331\\\",\\\"static/chunks/40331-459dbea7989a248e.js\\\",\\\"57028\\\",\\\"static/chunks/57028-3214d72e2a7c9de0.js\\\",\\\"28464\\\",\\\"static/chunks/28464-1f4a9b148a86c8af.js\\\",\\\"13557\\\",\\\"static/chunks/13557-d8c6f4320672188d.js\\\",\\\"57518\\\",\\\"static/chunks/57518-354d9d9eed155c41.js\\\",\\\"56873\\\",\\\"static/chunks/56873-2d1079b450e7f242.js\\\",\\\"80212\\\",\\\"static/chunks/80212-b72efa8ae64f19b5.js\\\",\\\"3556\\\",\\\"static/chunks/3556-d73559aa65408ef1.js\\\",\\\"5590\\\",\\\"static/chunks/5590-d9fabde5f7ff1a3e.js\\\",\\\"51822\\\",\\\"static/chunks/51822-78ff3a66cbc8c8da.js\\\",\\\"81729\\\",\\\"static/chunks/81729-516046754f560fe3.js\\\",\\\"97045\\\",\\\"static/chunks/97045-3066625d43510da3.js\\\",\\\"7177\\\",\\\"static/chunks/app/layout-e98b45b309fcb7a3.js\\\"],\\\"GlobalErrorToastProvider\\\"]\\n\"])</script><script>self.__next_f.push([1,\"8:I[82761,[\\\"25170\\\",\\\"static/chunks/25170-0e6181b2ccbbb6c4.js\\\",\\\"3888\\\",\\\"static/chunks/3888-1b80ac3e66e8a62f.js\\\",\\\"71106\\\",\\\"static/chunks/71106-b7535260a328d1a8.js\\\",\\\"3144\\\",\\\"static/chunks/3144-31c3de663d43a81f.js\\\",\\\"1734\\\",\\\"static/chunks/1734-d5af36f0b162a573.js\\\",\\\"45079\\\",\\\"static/chunks/45079-024b7107b15d4084.js\\\",\\\"5985\\\",\\\"static/chunks/5985-c1dc926d4d436766.js\\\",\\\"10756\\\",\\\"static/chunks/10756-daa34ab87965281e.js\\\",\\\"65088\\\",\\\"static/chunks/65088-8591857f52c4c13f.js\\\",\\\"6829\\\",\\\"static/chunks/6829-df03642e9cfbc8f4.js\\\",\\\"40331\\\",\\\"static/chunks/40331-459dbea7989a248e.js\\\",\\\"57028\\\",\\\"static/chunks/57028-3214d72e2a7c9de0.js\\\",\\\"28464\\\",\\\"static/chunks/28464-1f4a9b148a86c8af.js\\\",\\\"13557\\\",\\\"static/chunks/13557-d8c6f4320672188d.js\\\",\\\"57518\\\",\\\"static/chunks/57518-354d9d9eed155c41.js\\\",\\\"56873\\\",\\\"static/chunks/56873-2d1079b450e7f242.js\\\",\\\"80212\\\",\\\"static/chunks/80212-b72efa8ae64f19b5.js\\\",\\\"3556\\\",\\\"static/chunks/3556-d73559aa65408ef1.js\\\",\\\"5590\\\",\\\"static/chunks/5590-d9fabde5f7ff1a3e.js\\\",\\\"51822\\\",\\\"static/chunks/51822-78ff3a66cbc8c8da.js\\\",\\\"81729\\\",\\\"static/chunks/81729-516046754f560fe3.js\\\",\\\"97045\\\",\\\"static/chunks/97045-3066625d43510da3.js\\\",\\\"7177\\\",\\\"static/chunks/app/layout-e98b45b309fcb7a3.js\\\"],\\\"GlobalProvider\\\"]\\n\"])</script><script>self.__next_f.push([1,\"9:I[88593,[\\\"25170\\\",\\\"static/chunks/25170-0e6181b2ccbbb6c4.js\\\",\\\"3888\\\",\\\"static/chunks/3888-1b80ac3e66e8a62f.js\\\",\\\"71106\\\",\\\"static/chunks/71106-b7535260a328d1a8.js\\\",\\\"3144\\\",\\\"static/chunks/3144-31c3de663d43a81f.js\\\",\\\"1734\\\",\\\"static/chunks/1734-d5af36f0b162a573.js\\\",\\\"45079\\\",\\\"static/chunks/45079-024b7107b15d4084.js\\\",\\\"5985\\\",\\\"static/chunks/5985-c1dc926d4d436766.js\\\",\\\"10756\\\",\\\"static/chunks/10756-daa34ab87965281e.js\\\",\\\"65088\\\",\\\"static/chunks/65088-8591857f52c4c13f.js\\\",\\\"6829\\\",\\\"static/chunks/6829-df03642e9cfbc8f4.js\\\",\\\"40331\\\",\\\"static/chunks/40331-459dbea7989a248e.js\\\",\\\"57028\\\",\\\"static/chunks/57028-3214d72e2a7c9de0.js\\\",\\\"28464\\\",\\\"static/chunks/28464-1f4a9b148a86c8af.js\\\",\\\"13557\\\",\\\"static/chunks/13557-d8c6f4320672188d.js\\\",\\\"57518\\\",\\\"static/chunks/57518-354d9d9eed155c41.js\\\",\\\"56873\\\",\\\"static/chunks/56873-2d1079b450e7f242.js\\\",\\\"80212\\\",\\\"static/chunks/80212-b72efa8ae64f19b5.js\\\",\\\"3556\\\",\\\"static/chunks/3556-d73559aa65408ef1.js\\\",\\\"5590\\\",\\\"static/chunks/5590-d9fabde5f7ff1a3e.js\\\",\\\"51822\\\",\\\"static/chunks/51822-78ff3a66cbc8c8da.js\\\",\\\"81729\\\",\\\"static/chunks/81729-516046754f560fe3.js\\\",\\\"97045\\\",\\\"static/chunks/97045-3066625d43510da3.js\\\",\\\"7177\\\",\\\"static/chunks/app/layout-e98b45b309fcb7a3.js\\\"],\\\"ClerkAuthProvider\\\"]\\n\"])</script><script>self.__next_f.push([1,\"a:I[5737,[\\\"25170\\\",\\\"static/chunks/25170-0e6181b2ccbbb6c4.js\\\",\\\"3888\\\",\\\"static/chunks/3888-1b80ac3e66e8a62f.js\\\",\\\"71106\\\",\\\"static/chunks/71106-b7535260a328d1a8.js\\\",\\\"3144\\\",\\\"static/chunks/3144-31c3de663d43a81f.js\\\",\\\"1734\\\",\\\"static/chunks/1734-d5af36f0b162a573.js\\\",\\\"45079\\\",\\\"static/chunks/45079-024b7107b15d4084.js\\\",\\\"5985\\\",\\\"static/chunks/5985-c1dc926d4d436766.js\\\",\\\"10756\\\",\\\"static/chunks/10756-daa34ab87965281e.js\\\",\\\"65088\\\",\\\"static/chunks/65088-8591857f52c4c13f.js\\\",\\\"6829\\\",\\\"static/chunks/6829-df03642e9cfbc8f4.js\\\",\\\"40331\\\",\\\"static/chunks/40331-459dbea7989a248e.js\\\",\\\"57028\\\",\\\"static/chunks/57028-3214d72e2a7c9de0.js\\\",\\\"28464\\\",\\\"static/chunks/28464-1f4a9b148a86c8af.js\\\",\\\"13557\\\",\\\"static/chunks/13557-d8c6f4320672188d.js\\\",\\\"57518\\\",\\\"static/chunks/57518-354d9d9eed155c41.js\\\",\\\"56873\\\",\\\"static/chunks/56873-2d1079b450e7f242.js\\\",\\\"80212\\\",\\\"static/chunks/80212-b72efa8ae64f19b5.js\\\",\\\"3556\\\",\\\"static/chunks/3556-d73559aa65408ef1.js\\\",\\\"5590\\\",\\\"static/chunks/5590-d9fabde5f7ff1a3e.js\\\",\\\"51822\\\",\\\"static/chunks/51822-78ff3a66cbc8c8da.js\\\",\\\"81729\\\",\\\"static/chunks/81729-516046754f560fe3.js\\\",\\\"97045\\\",\\\"static/chunks/97045-3066625d43510da3.js\\\",\\\"7177\\\",\\\"static/chunks/app/layout-e98b45b309fcb7a3.js\\\"],\\\"PostHogAnalyticsProvider\\\"]\\n\"])</script><script>self.__next_f.push([1,\"b:I[5630,[\\\"25170\\\",\\\"static/chunks/25170-0e6181b2ccbbb6c4.js\\\",\\\"3888\\\",\\\"static/chunks/3888-1b80ac3e66e8a62f.js\\\",\\\"71106\\\",\\\"static/chunks/71106-b7535260a328d1a8.js\\\",\\\"3144\\\",\\\"static/chunks/3144-31c3de663d43a81f.js\\\",\\\"1734\\\",\\\"static/chunks/1734-d5af36f0b162a573.js\\\",\\\"45079\\\",\\\"static/chunks/45079-024b7107b15d4084.js\\\",\\\"5985\\\",\\\"static/chunks/5985-c1dc926d4d436766.js\\\",\\\"10756\\\",\\\"static/chunks/10756-daa34ab87965281e.js\\\",\\\"65088\\\",\\\"static/chunks/65088-8591857f52c4c13f.js\\\",\\\"6829\\\",\\\"static/chunks/6829-df03642e9cfbc8f4.js\\\",\\\"40331\\\",\\\"static/chunks/40331-459dbea7989a248e.js\\\",\\\"57028\\\",\\\"static/chunks/57028-3214d72e2a7c9de0.js\\\",\\\"28464\\\",\\\"static/chunks/28464-1f4a9b148a86c8af.js\\\",\\\"13557\\\",\\\"static/chunks/13557-d8c6f4320672188d.js\\\",\\\"57518\\\",\\\"static/chunks/57518-354d9d9eed155c41.js\\\",\\\"56873\\\",\\\"static/chunks/56873-2d1079b450e7f242.js\\\",\\\"80212\\\",\\\"static/chunks/80212-b72efa8ae64f19b5.js\\\",\\\"3556\\\",\\\"static/chunks/3556-d73559aa65408ef1.js\\\",\\\"5590\\\",\\\"static/chunks/5590-d9fabde5f7ff1a3e.js\\\",\\\"51822\\\",\\\"static/chunks/51822-78ff3a66cbc8c8da.js\\\",\\\"81729\\\",\\\"static/chunks/81729-516046754f560fe3.js\\\",\\\"97045\\\",\\\"static/chunks/97045-3066625d43510da3.js\\\",\\\"7177\\\",\\\"static/chunks/app/layout-e98b45b309fcb7a3.js\\\"],\\\"UserContextProvider\\\"]\\n\"])</script><script>self.__next_f.push([1,\"c:I[54911,[\\\"25170\\\",\\\"static/chunks/25170-0e6181b2ccbbb6c4.js\\\",\\\"3888\\\",\\\"static/chunks/3888-1b80ac3e66e8a62f.js\\\",\\\"71106\\\",\\\"static/chunks/71106-b7535260a328d1a8.js\\\",\\\"3144\\\",\\\"static/chunks/3144-31c3de663d43a81f.js\\\",\\\"1734\\\",\\\"static/chunks/1734-d5af36f0b162a573.js\\\",\\\"45079\\\",\\\"static/chunks/45079-024b7107b15d4084.js\\\",\\\"5985\\\",\\\"static/chunks/5985-c1dc926d4d436766.js\\\",\\\"10756\\\",\\\"static/chunks/10756-daa34ab87965281e.js\\\",\\\"65088\\\",\\\"static/chunks/65088-8591857f52c4c13f.js\\\",\\\"6829\\\",\\\"static/chunks/6829-df03642e9cfbc8f4.js\\\",\\\"40331\\\",\\\"static/chunks/40331-459dbea7989a248e.js\\\",\\\"57028\\\",\\\"static/chunks/57028-3214d72e2a7c9de0.js\\\",\\\"28464\\\",\\\"static/chunks/28464-1f4a9b148a86c8af.js\\\",\\\"13557\\\",\\\"static/chunks/13557-d8c6f4320672188d.js\\\",\\\"57518\\\",\\\"static/chunks/57518-354d9d9eed155c41.js\\\",\\\"56873\\\",\\\"static/chunks/56873-2d1079b450e7f242.js\\\",\\\"80212\\\",\\\"static/chunks/80212-b72efa8ae64f19b5.js\\\",\\\"3556\\\",\\\"static/chunks/3556-d73559aa65408ef1.js\\\",\\\"5590\\\",\\\"static/chunks/5590-d9fabde5f7ff1a3e.js\\\",\\\"51822\\\",\\\"static/chunks/51822-78ff3a66cbc8c8da.js\\\",\\\"81729\\\",\\\"static/chunks/81729-516046754f560fe3.js\\\",\\\"97045\\\",\\\"static/chunks/97045-3066625d43510da3.js\\\",\\\"7177\\\",\\\"static/chunks/app/layout-e98b45b309fcb7a3.js\\\"],\\\"NuqsAdapter\\\"]\\n\"])</script><script>self.__next_f.push([1,\"d:I[79025,[\\\"25170\\\",\\\"static/chunks/25170-0e6181b2ccbbb6c4.js\\\",\\\"3888\\\",\\\"static/chunks/3888-1b80ac3e66e8a62f.js\\\",\\\"71106\\\",\\\"static/chunks/71106-b7535260a328d1a8.js\\\",\\\"3144\\\",\\\"static/chunks/3144-31c3de663d43a81f.js\\\",\\\"1734\\\",\\\"static/chunks/1734-d5af36f0b162a573.js\\\",\\\"45079\\\",\\\"static/chunks/45079-024b7107b15d4084.js\\\",\\\"5985\\\",\\\"static/chunks/5985-c1dc926d4d436766.js\\\",\\\"10756\\\",\\\"static/chunks/10756-daa34ab87965281e.js\\\",\\\"65088\\\",\\\"static/chunks/65088-8591857f52c4c13f.js\\\",\\\"6829\\\",\\\"static/chunks/6829-df03642e9cfbc8f4.js\\\",\\\"40331\\\",\\\"static/chunks/40331-459dbea7989a248e.js\\\",\\\"57028\\\",\\\"static/chunks/57028-3214d72e2a7c9de0.js\\\",\\\"28464\\\",\\\"static/chunks/28464-1f4a9b148a86c8af.js\\\",\\\"13557\\\",\\\"static/chunks/13557-d8c6f4320672188d.js\\\",\\\"57518\\\",\\\"static/chunks/57518-354d9d9eed155c41.js\\\",\\\"56873\\\",\\\"static/chunks/56873-2d1079b450e7f242.js\\\",\\\"80212\\\",\\\"static/chunks/80212-b72efa8ae64f19b5.js\\\",\\\"3556\\\",\\\"static/chunks/3556-d73559aa65408ef1.js\\\",\\\"5590\\\",\\\"static/chunks/5590-d9fabde5f7ff1a3e.js\\\",\\\"51822\\\",\\\"static/chunks/51822-78ff3a66cbc8c8da.js\\\",\\\"81729\\\",\\\"static/chunks/81729-516046754f560fe3.js\\\",\\\"97045\\\",\\\"static/chunks/97045-3066625d43510da3.js\\\",\\\"7177\\\",\\\"static/chunks/app/layout-e98b45b309fcb7a3.js\\\"],\\\"TooltipProvider\\\"]\\n\"])</script><script>self.__next_f.push([1,\"e:\\\"$Sreact.suspense\\\"\\n\"])</script><script>self.__next_f.push([1,\"11:I[90776,[\\\"25170\\\",\\\"static/chunks/25170-0e6181b2ccbbb6c4.js\\\",\\\"3888\\\",\\\"static/chunks/3888-1b80ac3e66e8a62f.js\\\",\\\"71106\\\",\\\"static/chunks/71106-b7535260a328d1a8.js\\\",\\\"3144\\\",\\\"static/chunks/3144-31c3de663d43a81f.js\\\",\\\"1734\\\",\\\"static/chunks/1734-d5af36f0b162a573.js\\\",\\\"45079\\\",\\\"static/chunks/45079-024b7107b15d4084.js\\\",\\\"5985\\\",\\\"static/chunks/5985-c1dc926d4d436766.js\\\",\\\"10756\\\",\\\"static/chunks/10756-daa34ab87965281e.js\\\",\\\"65088\\\",\\\"static/chunks/65088-8591857f52c4c13f.js\\\",\\\"6829\\\",\\\"static/chunks/6829-df03642e9cfbc8f4.js\\\",\\\"40331\\\",\\\"static/chunks/40331-459dbea7989a248e.js\\\",\\\"57028\\\",\\\"static/chunks/57028-3214d72e2a7c9de0.js\\\",\\\"28464\\\",\\\"static/chunks/28464-1f4a9b148a86c8af.js\\\",\\\"13557\\\",\\\"static/chunks/13557-d8c6f4320672188d.js\\\",\\\"57518\\\",\\\"static/chunks/57518-354d9d9eed155c41.js\\\",\\\"56873\\\",\\\"static/chunks/56873-2d1079b450e7f242.js\\\",\\\"80212\\\",\\\"static/chunks/80212-b72efa8ae64f19b5.js\\\",\\\"3556\\\",\\\"static/chunks/3556-d73559aa65408ef1.js\\\",\\\"5590\\\",\\\"static/chunks/5590-d9fabde5f7ff1a3e.js\\\",\\\"51822\\\",\\\"static/chunks/51822-78ff3a66cbc8c8da.js\\\",\\\"81729\\\",\\\"static/chunks/81729-516046754f560fe3.js\\\",\\\"97045\\\",\\\"static/chunks/97045-3066625d43510da3.js\\\",\\\"7177\\\",\\\"static/chunks/app/layout-e98b45b309fcb7a3.js\\\"],\\\"default\\\"]\\n\"])</script><script>self.__next_f.push([1,\"12:I[69707,[\\\"25170\\\",\\\"static/chunks/25170-0e6181b2ccbbb6c4.js\\\",\\\"3888\\\",\\\"static/chunks/3888-1b80ac3e66e8a62f.js\\\",\\\"71106\\\",\\\"static/chunks/71106-b7535260a328d1a8.js\\\",\\\"3144\\\",\\\"static/chunks/3144-31c3de663d43a81f.js\\\",\\\"1734\\\",\\\"static/chunks/1734-d5af36f0b162a573.js\\\",\\\"45079\\\",\\\"static/chunks/45079-024b7107b15d4084.js\\\",\\\"5985\\\",\\\"static/chunks/5985-c1dc926d4d436766.js\\\",\\\"10756\\\",\\\"static/chunks/10756-daa34ab87965281e.js\\\",\\\"65088\\\",\\\"static/chunks/65088-8591857f52c4c13f.js\\\",\\\"6829\\\",\\\"static/chunks/6829-df03642e9cfbc8f4.js\\\",\\\"40331\\\",\\\"static/chunks/40331-459dbea7989a248e.js\\\",\\\"57028\\\",\\\"static/chunks/57028-3214d72e2a7c9de0.js\\\",\\\"28464\\\",\\\"static/chunks/28464-1f4a9b148a86c8af.js\\\",\\\"13557\\\",\\\"static/chunks/13557-d8c6f4320672188d.js\\\",\\\"57518\\\",\\\"static/chunks/57518-354d9d9eed155c41.js\\\",\\\"56873\\\",\\\"static/chunks/56873-2d1079b450e7f242.js\\\",\\\"80212\\\",\\\"static/chunks/80212-b72efa8ae64f19b5.js\\\",\\\"3556\\\",\\\"static/chunks/3556-d73559aa65408ef1.js\\\",\\\"5590\\\",\\\"static/chunks/5590-d9fabde5f7ff1a3e.js\\\",\\\"51822\\\",\\\"static/chunks/51822-78ff3a66cbc8c8da.js\\\",\\\"81729\\\",\\\"static/chunks/81729-516046754f560fe3.js\\\",\\\"97045\\\",\\\"static/chunks/97045-3066625d43510da3.js\\\",\\\"7177\\\",\\\"static/chunks/app/layout-e98b45b309fcb7a3.js\\\"],\\\"OnboardingModal\\\"]\\n\"])</script><script>self.__next_f.push([1,\"13:I[36233,[\\\"25170\\\",\\\"static/chunks/25170-0e6181b2ccbbb6c4.js\\\",\\\"3888\\\",\\\"static/chunks/3888-1b80ac3e66e8a62f.js\\\",\\\"71106\\\",\\\"static/chunks/71106-b7535260a328d1a8.js\\\",\\\"3144\\\",\\\"static/chunks/3144-31c3de663d43a81f.js\\\",\\\"1734\\\",\\\"static/chunks/1734-d5af36f0b162a573.js\\\",\\\"45079\\\",\\\"static/chunks/45079-024b7107b15d4084.js\\\",\\\"5985\\\",\\\"static/chunks/5985-c1dc926d4d436766.js\\\",\\\"10756\\\",\\\"static/chunks/10756-daa34ab87965281e.js\\\",\\\"65088\\\",\\\"static/chunks/65088-8591857f52c4c13f.js\\\",\\\"6829\\\",\\\"static/chunks/6829-df03642e9cfbc8f4.js\\\",\\\"40331\\\",\\\"static/chunks/40331-459dbea7989a248e.js\\\",\\\"57028\\\",\\\"static/chunks/57028-3214d72e2a7c9de0.js\\\",\\\"28464\\\",\\\"static/chunks/28464-1f4a9b148a86c8af.js\\\",\\\"13557\\\",\\\"static/chunks/13557-d8c6f4320672188d.js\\\",\\\"57518\\\",\\\"static/chunks/57518-354d9d9eed155c41.js\\\",\\\"56873\\\",\\\"static/chunks/56873-2d1079b450e7f242.js\\\",\\\"80212\\\",\\\"static/chunks/80212-b72efa8ae64f19b5.js\\\",\\\"3556\\\",\\\"static/chunks/3556-d73559aa65408ef1.js\\\",\\\"5590\\\",\\\"static/chunks/5590-d9fabde5f7ff1a3e.js\\\",\\\"51822\\\",\\\"static/chunks/51822-78ff3a66cbc8c8da.js\\\",\\\"81729\\\",\\\"static/chunks/81729-516046754f560fe3.js\\\",\\\"97045\\\",\\\"static/chunks/97045-3066625d43510da3.js\\\",\\\"7177\\\",\\\"static/chunks/app/layout-e98b45b309fcb7a3.js\\\"],\\\"PageConfetti\\\"]\\n\"])</script><script>self.__next_f.push([1,\"14:I[7755,[],\\\"\\\"]\\n15:I[48919,[],\\\"\\\"]\\n16:I[13157,[\\\"25170\\\",\\\"static/chunks/25170-0e6181b2ccbbb6c4.js\\\",\\\"3888\\\",\\\"static/chunks/3888-1b80ac3e66e8a62f.js\\\",\\\"71106\\\",\\\"static/chunks/71106-b7535260a328d1a8.js\\\",\\\"3144\\\",\\\"static/chunks/3144-31c3de663d43a81f.js\\\",\\\"1734\\\",\\\"static/chunks/1734-d5af36f0b162a573.js\\\",\\\"45079\\\",\\\"static/chunks/45079-024b7107b15d4084.js\\\",\\\"6829\\\",\\\"static/chunks/6829-df03642e9cfbc8f4.js\\\",\\\"28151\\\",\\\"static/chunks/28151-9b975e06dd078d6b.js\\\",\\\"98761\\\",\\\"static/chunks/98761-1f1e4035f9cea0b6.js\\\",\\\"24345\\\",\\\"static/chunks/app/not-found-f7bb3c9b82a096e3.js\\\"],\\\"Separator\\\"]\\n17:I[66414,[\\\"25170\\\",\\\"static/chunks/25170-0e6181b2ccbbb6c4.js\\\",\\\"3888\\\",\\\"static/chunks/3888-1b80ac3e66e8a62f.js\\\",\\\"71106\\\",\\\"static/chunks/71106-b7535260a328d1a8.js\\\",\\\"40331\\\",\\\"static/chunks/40331-459dbea7989a248e.js\\\",\\\"32584\\\",\\\"static/chunks/32584-2052ed6c9ce94184.js\\\",\\\"5630\\\",\\\"static/chunks/5630-2ea83c9c3d616ebc.js\\\",\\\"32304\\\",\\\"static/chunks/32304-a9fecde38fba538e.js\\\",\\\"83318\\\",\\\"static/chunks/app/(user)/layout-3c15428b358026f7.js\\\"],\\\"Link\\\"]\\n18:I[98761,[\\\"25170\\\",\\\"static/chunks/25170-0e6181b2ccbbb6c4.js\\\",\\\"3888\\\",\\\"static/chunks/3888-1b80ac3e66e8a62f.js\\\",\\\"71106\\\",\\\"static/chunks/71106-b7535260a328d1a8.js\\\",\\\"3144\\\",\\\"static/chunks/3144-31c3de663d43a81f.js\\\",\\\"1734\\\",\\\"static/chunks/1734-d5af36f0b162a573.js\\\",\\\"45079\\\",\\\"static/chunks/45079-024b7107b15d4084.js\\\",\\\"6829\\\",\\\"static/chunks/6829-df03642e9cfbc8f4.js\\\",\\\"28151\\\",\\\"static/chunks/28151-9b975e06dd078d6b.js\\\",\\\"98761\\\",\\\"static/chunks/98761-1f1e4035f9cea0b6.js\\\",\\\"71957\\\",\\\"static/chunks/app/(static)/layout-007d563104356e66.js\\\"],\\\"Footer\\\"]\\n\"])</script><script>self.__next_f.push([1,\"19:I[88807,[\\\"25170\\\",\\\"static/chunks/25170-0e6181b2ccbbb6c4.js\\\",\\\"3888\\\",\\\"static/chunks/3888-1b80ac3e66e8a62f.js\\\",\\\"71106\\\",\\\"static/chunks/71106-b7535260a328d1a8.js\\\",\\\"3144\\\",\\\"static/chunks/3144-31c3de663d43a81f.js\\\",\\\"1734\\\",\\\"static/chunks/1734-d5af36f0b162a573.js\\\",\\\"45079\\\",\\\"static/chunks/45079-024b7107b15d4084.js\\\",\\\"5985\\\",\\\"static/chunks/5985-c1dc926d4d436766.js\\\",\\\"10756\\\",\\\"static/chunks/10756-daa34ab87965281e.js\\\",\\\"65088\\\",\\\"static/chunks/65088-8591857f52c4c13f.js\\\",\\\"6829\\\",\\\"static/chunks/6829-df03642e9cfbc8f4.js\\\",\\\"40331\\\",\\\"static/chunks/40331-459dbea7989a248e.js\\\",\\\"57028\\\",\\\"static/chunks/57028-3214d72e2a7c9de0.js\\\",\\\"28464\\\",\\\"static/chunks/28464-1f4a9b148a86c8af.js\\\",\\\"13557\\\",\\\"static/chunks/13557-d8c6f4320672188d.js\\\",\\\"57518\\\",\\\"static/chunks/57518-354d9d9eed155c41.js\\\",\\\"56873\\\",\\\"static/chunks/56873-2d1079b450e7f242.js\\\",\\\"80212\\\",\\\"static/chunks/80212-b72efa8ae64f19b5.js\\\",\\\"3556\\\",\\\"static/chunks/3556-d73559aa65408ef1.js\\\",\\\"5590\\\",\\\"static/chunks/5590-d9fabde5f7ff1a3e.js\\\",\\\"51822\\\",\\\"static/chunks/51822-78ff3a66cbc8c8da.js\\\",\\\"81729\\\",\\\"static/chunks/81729-516046754f560fe3.js\\\",\\\"97045\\\",\\\"static/chunks/97045-3066625d43510da3.js\\\",\\\"7177\\\",\\\"static/chunks/app/layout-e98b45b309fcb7a3.js\\\"],\\\"Toaster\\\"]\\n\"])</script><script>self.__next_f.push([1,\"1a:I[5115,[\\\"25170\\\",\\\"static/chunks/25170-0e6181b2ccbbb6c4.js\\\",\\\"3888\\\",\\\"static/chunks/3888-1b80ac3e66e8a62f.js\\\",\\\"71106\\\",\\\"static/chunks/71106-b7535260a328d1a8.js\\\",\\\"3144\\\",\\\"static/chunks/3144-31c3de663d43a81f.js\\\",\\\"1734\\\",\\\"static/chunks/1734-d5af36f0b162a573.js\\\",\\\"45079\\\",\\\"static/chunks/45079-024b7107b15d4084.js\\\",\\\"5985\\\",\\\"static/chunks/5985-c1dc926d4d436766.js\\\",\\\"10756\\\",\\\"static/chunks/10756-daa34ab87965281e.js\\\",\\\"65088\\\",\\\"static/chunks/65088-8591857f52c4c13f.js\\\",\\\"6829\\\",\\\"static/chunks/6829-df03642e9cfbc8f4.js\\\",\\\"40331\\\",\\\"static/chunks/40331-459dbea7989a248e.js\\\",\\\"57028\\\",\\\"static/chunks/57028-3214d72e2a7c9de0.js\\\",\\\"28464\\\",\\\"static/chunks/28464-1f4a9b148a86c8af.js\\\",\\\"13557\\\",\\\"static/chunks/13557-d8c6f4320672188d.js\\\",\\\"57518\\\",\\\"static/chunks/57518-354d9d9eed155c41.js\\\",\\\"56873\\\",\\\"static/chunks/56873-2d1079b450e7f242.js\\\",\\\"80212\\\",\\\"static/chunks/80212-b72efa8ae64f19b5.js\\\",\\\"3556\\\",\\\"static/chunks/3556-d73559aa65408ef1.js\\\",\\\"5590\\\",\\\"static/chunks/5590-d9fabde5f7ff1a3e.js\\\",\\\"51822\\\",\\\"static/chunks/51822-78ff3a66cbc8c8da.js\\\",\\\"81729\\\",\\\"static/chunks/81729-516046754f560fe3.js\\\",\\\"97045\\\",\\\"static/chunks/97045-3066625d43510da3.js\\\",\\\"7177\\\",\\\"static/chunks/app/layout-e98b45b309fcb7a3.js\\\"],\\\"CookieConsent\\\"]\\n\"])</script><script>self.__next_f.push([1,\"1f:I[98274,[\\\"3556\\\",\\\"static/chunks/3556-d73559aa65408ef1.js\\\",\\\"34219\\\",\\\"static/chunks/app/global-error-f927dfe9743bca16.js\\\"],\\\"default\\\"]\\n20:I[34594,[],\\\"OutletBoundary\\\"]\\n23:I[34594,[],\\\"ViewportBoundary\\\"]\\n25:I[34594,[],\\\"MetadataBoundary\\\"]\\n\"])</script><script>self.__next_f.push([1,\"27:I[43118,[\\\"25170\\\",\\\"static/chunks/25170-0e6181b2ccbbb6c4.js\\\",\\\"3888\\\",\\\"static/chunks/3888-1b80ac3e66e8a62f.js\\\",\\\"71106\\\",\\\"static/chunks/71106-b7535260a328d1a8.js\\\",\\\"3144\\\",\\\"static/chunks/3144-31c3de663d43a81f.js\\\",\\\"1734\\\",\\\"static/chunks/1734-d5af36f0b162a573.js\\\",\\\"45079\\\",\\\"static/chunks/45079-024b7107b15d4084.js\\\",\\\"5985\\\",\\\"static/chunks/5985-c1dc926d4d436766.js\\\",\\\"10756\\\",\\\"static/chunks/10756-daa34ab87965281e.js\\\",\\\"65088\\\",\\\"static/chunks/65088-8591857f52c4c13f.js\\\",\\\"6829\\\",\\\"static/chunks/6829-df03642e9cfbc8f4.js\\\",\\\"40331\\\",\\\"static/chunks/40331-459dbea7989a248e.js\\\",\\\"57028\\\",\\\"static/chunks/57028-3214d72e2a7c9de0.js\\\",\\\"28464\\\",\\\"static/chunks/28464-1f4a9b148a86c8af.js\\\",\\\"13557\\\",\\\"static/chunks/13557-d8c6f4320672188d.js\\\",\\\"57518\\\",\\\"static/chunks/57518-354d9d9eed155c41.js\\\",\\\"56873\\\",\\\"static/chunks/56873-2d1079b450e7f242.js\\\",\\\"80212\\\",\\\"static/chunks/80212-b72efa8ae64f19b5.js\\\",\\\"3556\\\",\\\"static/chunks/3556-d73559aa65408ef1.js\\\",\\\"5590\\\",\\\"static/chunks/5590-d9fabde5f7ff1a3e.js\\\",\\\"51822\\\",\\\"static/chunks/51822-78ff3a66cbc8c8da.js\\\",\\\"81729\\\",\\\"static/chunks/81729-516046754f560fe3.js\\\",\\\"97045\\\",\\\"static/chunks/97045-3066625d43510da3.js\\\",\\\"7177\\\",\\\"static/chunks/app/layout-e98b45b309fcb7a3.js\\\"],\\\"NavLink\\\"]\\n\"])</script><script>self.__next_f.push([1,\"28:I[89750,[\\\"25170\\\",\\\"static/chunks/25170-0e6181b2ccbbb6c4.js\\\",\\\"3888\\\",\\\"static/chunks/3888-1b80ac3e66e8a62f.js\\\",\\\"71106\\\",\\\"static/chunks/71106-b7535260a328d1a8.js\\\",\\\"3144\\\",\\\"static/chunks/3144-31c3de663d43a81f.js\\\",\\\"1734\\\",\\\"static/chunks/1734-d5af36f0b162a573.js\\\",\\\"45079\\\",\\\"static/chunks/45079-024b7107b15d4084.js\\\",\\\"5985\\\",\\\"static/chunks/5985-c1dc926d4d436766.js\\\",\\\"10756\\\",\\\"static/chunks/10756-daa34ab87965281e.js\\\",\\\"65088\\\",\\\"static/chunks/65088-8591857f52c4c13f.js\\\",\\\"6829\\\",\\\"static/chunks/6829-df03642e9cfbc8f4.js\\\",\\\"40331\\\",\\\"static/chunks/40331-459dbea7989a248e.js\\\",\\\"57028\\\",\\\"static/chunks/57028-3214d72e2a7c9de0.js\\\",\\\"28464\\\",\\\"static/chunks/28464-1f4a9b148a86c8af.js\\\",\\\"13557\\\",\\\"static/chunks/13557-d8c6f4320672188d.js\\\",\\\"57518\\\",\\\"static/chunks/57518-354d9d9eed155c41.js\\\",\\\"56873\\\",\\\"static/chunks/56873-2d1079b450e7f242.js\\\",\\\"80212\\\",\\\"static/chunks/80212-b72efa8ae64f19b5.js\\\",\\\"3556\\\",\\\"static/chunks/3556-d73559aa65408ef1.js\\\",\\\"5590\\\",\\\"static/chunks/5590-d9fabde5f7ff1a3e.js\\\",\\\"51822\\\",\\\"static/chunks/51822-78ff3a66cbc8c8da.js\\\",\\\"81729\\\",\\\"static/chunks/81729-516046754f560fe3.js\\\",\\\"97045\\\",\\\"static/chunks/97045-3066625d43510da3.js\\\",\\\"7177\\\",\\\"static/chunks/app/layout-e98b45b309fcb7a3.js\\\"],\\\"Navbar\\\"]\\n\"])</script><script>self.__next_f.push([1,\"29:I[49255,[],\\\"IconMark\\\"]\\n:HL[\\\"/_next/static/media/5b01f339abf2f1a5.p.woff2\\\",\\\"font\\\",{\\\"crossOrigin\\\":\\\"\\\",\\\"type\\\":\\\"font/woff2\\\"}]\\n:HL[\\\"/_next/static/media/e4af272ccee01ff0-s.p.woff2\\\",\\\"font\\\",{\\\"crossOrigin\\\":\\\"\\\",\\\"type\\\":\\\"font/woff2\\\"}]\\n:HL[\\\"/_next/static/css/cda3af16020f96ba.css\\\",\\\"style\\\"]\\n:HL[\\\"/_next/static/css/23565049b3597e0b.css\\\",\\\"style\\\"]\\n:HL[\\\"/_next/static/css/7f803c4ba0b62a29.css\\\",\\\"style\\\"]\\n\"])</script><script>self.__next_f.push([1,\"0:{\\\"P\\\":null,\\\"b\\\":\\\"033yALtZb2bus48NIwP0A\\\",\\\"p\\\":\\\"\\\",\\\"c\\\":[\\\"\\\",\\\"api\\\",\\\"v1\\\",\\\"v1\\\",\\\"messages\\\"],\\\"i\\\":false,\\\"f\\\":[[[\\\"\\\",{\\\"children\\\":[\\\"/_not-found\\\",{\\\"children\\\":[\\\"__PAGE__\\\",{}]}]},\\\"$undefined\\\",\\\"$undefined\\\",true],[\\\"\\\",[\\\"$\\\",\\\"$1\\\",\\\"c\\\",{\\\"children\\\":[[[\\\"$\\\",\\\"link\\\",\\\"0\\\",{\\\"rel\\\":\\\"stylesheet\\\",\\\"href\\\":\\\"/_next/static/css/cda3af16020f96ba.css\\\",\\\"precedence\\\":\\\"next\\\",\\\"crossOrigin\\\":\\\"$undefined\\\",\\\"nonce\\\":\\\"$undefined\\\"}],[\\\"$\\\",\\\"link\\\",\\\"1\\\",{\\\"rel\\\":\\\"stylesheet\\\",\\\"href\\\":\\\"/_next/static/css/23565049b3597e0b.css\\\",\\\"precedence\\\":\\\"next\\\",\\\"crossOrigin\\\":\\\"$undefined\\\",\\\"nonce\\\":\\\"$undefined\\\"}],[\\\"$\\\",\\\"link\\\",\\\"2\\\",{\\\"rel\\\":\\\"stylesheet\\\",\\\"href\\\":\\\"/_next/static/css/7f803c4ba0b62a29.css\\\",\\\"precedence\\\":\\\"next\\\",\\\"crossOrigin\\\":\\\"$undefined\\\",\\\"nonce\\\":\\\"$undefined\\\"}]],[\\\"$\\\",\\\"html\\\",null,{\\\"lang\\\":\\\"en\\\",\\\"suppressHydrationWarning\\\":true,\\\"children\\\":[\\\"$\\\",\\\"body\\\",null,{\\\"className\\\":\\\"__variable_f367f3 __variable_f910ec font-sans\\\",\\\"children\\\":[[\\\"$\\\",\\\"$L2\\\",null,{}],[\\\"$\\\",\\\"$L3\\\",null,{}],[\\\"$\\\",\\\"$L4\\\",null,{}],[\\\"$\\\",\\\"$L5\\\",null,{\\\"attribute\\\":\\\"class\\\",\\\"defaultTheme\\\":\\\"light\\\",\\\"disableTransitionOnChange\\\":true,\\\"children\\\":[\\\"$\\\",\\\"$L6\\\",null,{\\\"children\\\":[\\\"$\\\",\\\"$L7\\\",null,{\\\"children\\\":[\\\"$\\\",\\\"$L8\\\",null,{\\\"children\\\":[\\\"$\\\",\\\"$L9\\\",null,{\\\"children\\\":[\\\"$\\\",\\\"$La\\\",null,{\\\"children\\\":[\\\"$\\\",\\\"$Lb\\\",null,{\\\"children\\\":[\\\"$\\\",\\\"$Lc\\\",null,{\\\"children\\\":[\\\"$\\\",\\\"$Ld\\\",null,{\\\"children\\\":[[\\\"$\\\",\\\"main\\\",null,{\\\"className\\\":\\\"tabular-nums\\\",\\\"children\\\":[[\\\"$\\\",\\\"$e\\\",null,{\\\"fallback\\\":\\\"$Lf\\\",\\\"children\\\":\\\"$L10\\\"}],[\\\"$\\\",\\\"$e\\\",null,{\\\"children\\\":[[\\\"$\\\",\\\"$L11\\\",null,{}],[\\\"$\\\",\\\"$L12\\\",null,{}],[\\\"$\\\",\\\"$L13\\\",null,{}]]}],[\\\"$\\\",\\\"$L14\\\",null,{\\\"parallelRouterKey\\\":\\\"children\\\",\\\"error\\\":\\\"$undefined\\\",\\\"errorStyles\\\":\\\"$undefined\\\",\\\"errorScripts\\\":\\\"$undefined\\\",\\\"template\\\":[\\\"$\\\",\\\"$L15\\\",null,{}],\\\"templateStyles\\\":\\\"$undefined\\\",\\\"templateScripts\\\":\\\"$undefined\\\",\\\"notFound\\\":[[\\\"$\\\",\\\"div\\\",null,{\\\"className\\\":\\\"flex flex-col items-center justify-center bg-background text-foreground\\\",\\\"children\\\":[[\\\"$\\\",\\\"div\\\",null,{\\\"className\\\":\\\"relative z-0 transition-all border-border/50 md:border-r h-[calc(100dvh-4rem)] md:h-[calc(100dvh-5.25rem)] main-content-container items-center justify-center flex flex-col gap-4\\\",\\\"ref\\\":\\\"$undefined\\\",\\\"children\\\":[[\\\"$\\\",\\\"h2\\\",null,{\\\"className\\\":\\\"flex w-96 items-center justify-between gap-2\\\",\\\"children\\\":[[\\\"$\\\",\\\"$L16\\\",null,{\\\"className\\\":\\\"flex-1 bg-gradient-to-r from-background via-background to-border\\\"}],[\\\"$\\\",\\\"span\\\",null,{\\\"children\\\":\\\"404: Not Found\\\"}],[\\\"$\\\",\\\"$L16\\\",null,{\\\"className\\\":\\\"flex-1 bg-gradient-to-l from-background via-background to-border\\\"}]]}],[\\\"$\\\",\\\"div\\\",null,{\\\"className\\\":\\\"flex flex-col gap-8 md:flex-row\\\",\\\"children\\\":[[\\\"$\\\",\\\"$L17\\\",null,{\\\"href\\\":\\\"/\\\",\\\"className\\\":\\\"self-start\\\",\\\"children\\\":[\\\"$\\\",\\\"button\\\",null,{\\\"className\\\":\\\"items-center justify-center whitespace-nowrap font-medium transition-colors focus-visible:outline-none disabled:pointer-events-none disabled:opacity-50 focus-visible:ring-1 focus-visible:ring-ring bg-secondary text-secondary-foreground shadow-sm hover:bg-secondary/80 hover:text-secondary-foreground h-8 rounded-md px-3 text-xs group flex gap-2\\\",\\\"ref\\\":\\\"$undefined\\\",\\\"disabled\\\":\\\"$undefined\\\",\\\"children\\\":[[\\\"$\\\",\\\"svg\\\",null,{\\\"xmlns\\\":\\\"http://www.w3.org/2000/svg\\\",\\\"fill\\\":\\\"none\\\",\\\"viewBox\\\":\\\"0 0 24 24\\\",\\\"strokeWidth\\\":1.5,\\\"stroke\\\":\\\"currentColor\\\",\\\"aria-hidden\\\":\\\"true\\\",\\\"data-slot\\\":\\\"icon\\\",\\\"ref\\\":\\\"$undefined\\\",\\\"aria-labelledby\\\":\\\"$undefined\\\",\\\"className\\\":\\\"size-4 transition-transform group-hover:-translate-x-1\\\",\\\"children\\\":[null,[\\\"$\\\",\\\"path\\\",null,{\\\"strokeLinecap\\\":\\\"round\\\",\\\"strokeLinejoin\\\":\\\"round\\\",\\\"d\\\":\\\"M10.5 19.5 3 12m0 0 7.5-7.5M3 12h18\\\"}]]}],\\\"Go Home\\\"]}]}],[\\\"$\\\",\\\"$L17\\\",null,{\\\"href\\\":\\\"/models\\\",\\\"className\\\":\\\"self-end\\\",\\\"children\\\":[\\\"$\\\",\\\"button\\\",null,{\\\"className\\\":\\\"items-center justify-center whitespace-nowrap font-medium transition-colors focus-visible:outline-none disabled:pointer-events-none disabled:opacity-50 focus-visible:ring-1 focus-visible:ring-ring bg-secondary text-secondary-foreground shadow-sm hover:bg-secondary/80 hover:text-secondary-foreground h-8 rounded-md px-3 text-xs group flex gap-2\\\",\\\"ref\\\":\\\"$undefined\\\",\\\"disabled\\\":\\\"$undefined\\\",\\\"children\\\":[\\\"Browse Models\\\",[\\\"$\\\",\\\"svg\\\",null,{\\\"xmlns\\\":\\\"http://www.w3.org/2000/svg\\\",\\\"fill\\\":\\\"none\\\",\\\"viewBox\\\":\\\"0 0 24 24\\\",\\\"strokeWidth\\\":1.5,\\\"stroke\\\":\\\"currentColor\\\",\\\"aria-hidden\\\":\\\"true\\\",\\\"data-slot\\\":\\\"icon\\\",\\\"ref\\\":\\\"$undefined\\\",\\\"aria-labelledby\\\":\\\"$undefined\\\",\\\"className\\\":\\\"size-4 transition-transform group-hover:translate-x-1\\\",\\\"children\\\":[null,[\\\"$\\\",\\\"path\\\",null,{\\\"strokeLinecap\\\":\\\"round\\\",\\\"strokeLinejoin\\\":\\\"round\\\",\\\"d\\\":\\\"M13.5 4.5 21 12m0 0-7.5 7.5M21 12H3\\\"}]]}]]}]}]]}]]}],[\\\"$\\\",\\\"$L18\\\",null,{}]]}],[]],\\\"forbidden\\\":\\\"$undefined\\\",\\\"unauthorized\\\":\\\"$undefined\\\"}]]}],[\\\"$\\\",\\\"div\\\",null,{\\\"id\\\":\\\"portal-container\\\"}],[\\\"$\\\",\\\"$L19\\\",null,{}],[\\\"$\\\",\\\"$L1a\\\",null,{}]]}]}]}]}]}]}]}]}]}]]}]}]]}],{\\\"children\\\":[\\\"/_not-found\\\",[\\\"$\\\",\\\"$1\\\",\\\"c\\\",{\\\"children\\\":[null,[\\\"$\\\",\\\"$L14\\\",null,{\\\"parallelRouterKey\\\":\\\"children\\\",\\\"error\\\":\\\"$undefined\\\",\\\"errorStyles\\\":\\\"$undefined\\\",\\\"errorScripts\\\":\\\"$undefined\\\",\\\"template\\\":[\\\"$\\\",\\\"$L15\\\",null,{}],\\\"templateStyles\\\":\\\"$undefined\\\",\\\"templateScripts\\\":\\\"$undefined\\\",\\\"notFound\\\":\\\"$undefined\\\",\\\"forbidden\\\":\\\"$undefined\\\",\\\"unauthorized\\\":\\\"$undefined\\\"}]]}],{\\\"children\\\":[\\\"__PAGE__\\\",[\\\"$\\\",\\\"$1\\\",\\\"c\\\",{\\\"children\\\":[\\\"$L1b\\\",null,\\\"$L1c\\\"]}],{},null,false]},null,false]},[\\\"$L1d\\\",[],[]],false],\\\"$L1e\\\",false]],\\\"m\\\":\\\"$undefined\\\",\\\"G\\\":[\\\"$1f\\\",[]],\\\"s\\\":false,\\\"S\\\":false}\\n\"])</script><script>self.__next_f.push([1,\"1b:[\\\"$\\\",\\\"div\\\",null,{\\\"className\\\":\\\"flex flex-col items-center justify-center bg-background text-foreground\\\",\\\"children\\\":[[\\\"$\\\",\\\"div\\\",null,{\\\"className\\\":\\\"relative z-0 transition-all border-border/50 md:border-r h-[calc(100dvh-4rem)] md:h-[calc(100dvh-5.25rem)] main-content-container items-center justify-center flex flex-col gap-4\\\",\\\"ref\\\":\\\"$undefined\\\",\\\"children\\\":[[\\\"$\\\",\\\"h2\\\",null,{\\\"className\\\":\\\"flex w-96 items-center justify-between gap-2\\\",\\\"children\\\":[[\\\"$\\\",\\\"$L16\\\",null,{\\\"className\\\":\\\"flex-1 bg-gradient-to-r from-background via-background to-border\\\"}],[\\\"$\\\",\\\"span\\\",null,{\\\"children\\\":\\\"404: Not Found\\\"}],[\\\"$\\\",\\\"$L16\\\",null,{\\\"className\\\":\\\"flex-1 bg-gradient-to-l from-background via-background to-border\\\"}]]}],[\\\"$\\\",\\\"div\\\",null,{\\\"className\\\":\\\"flex flex-col gap-8 md:flex-row\\\",\\\"children\\\":[[\\\"$\\\",\\\"$L17\\\",null,{\\\"href\\\":\\\"/\\\",\\\"className\\\":\\\"self-start\\\",\\\"children\\\":[\\\"$\\\",\\\"button\\\",null,{\\\"className\\\":\\\"items-center justify-center whitespace-nowrap font-medium transition-colors focus-visible:outline-none disabled:pointer-events-none disabled:opacity-50 focus-visible:ring-1 focus-visible:ring-ring bg-secondary text-secondary-foreground shadow-sm hover:bg-secondary/80 hover:text-secondary-foreground h-8 rounded-md px-3 text-xs group flex gap-2\\\",\\\"ref\\\":\\\"$undefined\\\",\\\"disabled\\\":\\\"$undefined\\\",\\\"children\\\":[[\\\"$\\\",\\\"svg\\\",null,{\\\"xmlns\\\":\\\"http://www.w3.org/2000/svg\\\",\\\"fill\\\":\\\"none\\\",\\\"viewBox\\\":\\\"0 0 24 24\\\",\\\"strokeWidth\\\":1.5,\\\"stroke\\\":\\\"currentColor\\\",\\\"aria-hidden\\\":\\\"true\\\",\\\"data-slot\\\":\\\"icon\\\",\\\"ref\\\":\\\"$undefined\\\",\\\"aria-labelledby\\\":\\\"$undefined\\\",\\\"className\\\":\\\"size-4 transition-transform group-hover:-translate-x-1\\\",\\\"children\\\":[null,[\\\"$\\\",\\\"path\\\",null,{\\\"strokeLinecap\\\":\\\"round\\\",\\\"strokeLinejoin\\\":\\\"round\\\",\\\"d\\\":\\\"M10.5 19.5 3 12m0 0 7.5-7.5M3 12h18\\\"}]]}],\\\"Go Home\\\"]}]}],[\\\"$\\\",\\\"$L17\\\",null,{\\\"href\\\":\\\"/models\\\",\\\"className\\\":\\\"self-end\\\",\\\"children\\\":[\\\"$\\\",\\\"button\\\",null,{\\\"className\\\":\\\"items-center justify-center whitespace-nowrap font-medium transition-colors focus-visible:outline-none disabled:pointer-events-none disabled:opacity-50 focus-visible:ring-1 focus-visible:ring-ring bg-secondary text-secondary-foreground shadow-sm hover:bg-secondary/80 hover:text-secondary-foreground h-8 rounded-md px-3 text-xs group flex gap-2\\\",\\\"ref\\\":\\\"$undefined\\\",\\\"disabled\\\":\\\"$undefined\\\",\\\"children\\\":[\\\"Browse Models\\\",[\\\"$\\\",\\\"svg\\\",null,{\\\"xmlns\\\":\\\"http://www.w3.org/2000/svg\\\",\\\"fill\\\":\\\"none\\\",\\\"viewBox\\\":\\\"0 0 24 24\\\",\\\"strokeWidth\\\":1.5,\\\"stroke\\\":\\\"currentColor\\\",\\\"aria-hidden\\\":\\\"true\\\",\\\"data-slot\\\":\\\"icon\\\",\\\"ref\\\":\\\"$undefined\\\",\\\"aria-labelledby\\\":\\\"$undefined\\\",\\\"className\\\":\\\"size-4 transition-transform group-hover:translate-x-1\\\",\\\"children\\\":[null,[\\\"$\\\",\\\"path\\\",null,{\\\"strokeLinecap\\\":\\\"round\\\",\\\"strokeLinejoin\\\":\\\"round\\\",\\\"d\\\":\\\"M13.5 4.5 21 12m0 0-7.5 7.5M21 12H3\\\"}]]}]]}]}]]}]]}],[\\\"$\\\",\\\"$L18\\\",null,{}]]}]\\n\"])</script><script>self.__next_f.push([1,\"1c:[\\\"$\\\",\\\"$L20\\\",null,{\\\"children\\\":[\\\"$L21\\\",\\\"$L22\\\"]}]\\n1d:[\\\"$\\\",\\\"div\\\",\\\"l\\\",{\\\"className\\\":\\\"flex flex-col items-center min-h-[calc(100vh-80px)] w-full md:min-h-screen\\\"}]\\n1e:[\\\"$\\\",\\\"$1\\\",\\\"h\\\",{\\\"children\\\":[[\\\"$\\\",\\\"meta\\\",null,{\\\"name\\\":\\\"robots\\\",\\\"content\\\":\\\"noindex\\\"}],[[\\\"$\\\",\\\"$L23\\\",null,{\\\"children\\\":\\\"$L24\\\"}],[\\\"$\\\",\\\"meta\\\",null,{\\\"name\\\":\\\"next-size-adjust\\\",\\\"content\\\":\\\"\\\"}]],[\\\"$\\\",\\\"$L25\\\",null,{\\\"children\\\":\\\"$L26\\\"}]]}]\\n\"])</script><script>self.__next_f.push([1,\"f:[\\\"$\\\",\\\"nav\\\",null,{\\\"id\\\":\\\"main-nav\\\",\\\"className\\\":\\\"sticky top-0 z-40 bg-background w-full\\\",\\\"children\\\":[\\\"$\\\",\\\"div\\\",null,{\\\"className\\\":\\\"mx-auto w-full px-6 py-3.5 lg:py-6 max-w-screen-4xl\\\",\\\"children\\\":[\\\"$\\\",\\\"div\\\",null,{\\\"className\\\":\\\"align-center relative flex flex-row justify-between text-sm md:text-base\\\",\\\"children\\\":[[\\\"$\\\",\\\"div\\\",null,{\\\"className\\\":\\\"flex flex-1 items-center gap-4\\\",\\\"children\\\":[[\\\"$\\\",\\\"$L27\\\",null,{\\\"href\\\":\\\"/\\\",\\\"children\\\":[\\\"$\\\",\\\"span\\\",null,{\\\"className\\\":\\\"flex items-center gap-2 text-base transform cursor-pointer font-medium duration-100 ease-in-out fill-current stroke-current\\\",\\\"children\\\":[[\\\"$\\\",\\\"svg\\\",null,{\\\"width\\\":\\\"100%\\\",\\\"height\\\":\\\"100%\\\",\\\"viewBox\\\":\\\"0 0 512 512\\\",\\\"xmlns\\\":\\\"http://www.w3.org/2000/svg\\\",\\\"className\\\":\\\"size-4\\\",\\\"fill\\\":\\\"currentColor\\\",\\\"stroke\\\":\\\"currentColor\\\",\\\"role\\\":\\\"img\\\",\\\"aria-label\\\":\\\"Logo\\\",\\\"children\\\":[[\\\"$\\\",\\\"path\\\",null,{\\\"d\\\":\\\"M3 248.945C18 248.945 76 236 106 219C136 202 136 202 198 158C276.497 102.293 332 120.945 423 120.945\\\",\\\"strokeWidth\\\":\\\"90\\\"}],[\\\"$\\\",\\\"path\\\",null,{\\\"d\\\":\\\"M511 121.5L357.25 210.268L357.25 32.7324L511 121.5Z\\\"}],[\\\"$\\\",\\\"path\\\",null,{\\\"d\\\":\\\"M0 249C15 249 73 261.945 103 278.945C133 295.945 133 295.945 195 339.945C273.497 395.652 329 377 420 377\\\",\\\"strokeWidth\\\":\\\"90\\\"}],[\\\"$\\\",\\\"path\\\",null,{\\\"d\\\":\\\"M508 376.445L354.25 287.678L354.25 465.213L508 376.445Z\\\"}]]}],\\\"OpenRouter\\\"]}]}],[[\\\"$\\\",\\\"div\\\",null,{\\\"className\\\":\\\"hidden md:flex h-9 w-[386px] items-center gap-2 rounded-md bg-slate-3 text-slate-11 opacity-60\\\",\\\"children\\\":[[\\\"$\\\",\\\"svg\\\",null,{\\\"xmlns\\\":\\\"http://www.w3.org/2000/svg\\\",\\\"viewBox\\\":\\\"0 0 24 24\\\",\\\"fill\\\":\\\"currentColor\\\",\\\"aria-hidden\\\":\\\"true\\\",\\\"data-slot\\\":\\\"icon\\\",\\\"ref\\\":\\\"$undefined\\\",\\\"aria-labelledby\\\":\\\"$undefined\\\",\\\"className\\\":\\\"ml-3 size-4 shrink-0 text-muted-foreground\\\",\\\"children\\\":[null,[\\\"$\\\",\\\"path\\\",null,{\\\"fillRule\\\":\\\"evenodd\\\",\\\"d\\\":\\\"M10.5 3.75a6.75 6.75 0 1 0 0 13.5 6.75 6.75 0 0 0 0-13.5ZM2.25 10.5a8.25 8.25 0 1 1 14.59 5.28l4.69 4.69a.75.75 0 1 1-1.06 1.06l-4.69-4.69A8.25 8.25 0 0 1 2.25 10.5Z\\\",\\\"clipRule\\\":\\\"evenodd\\\"}]]}],[\\\"$\\\",\\\"span\\\",null,{\\\"className\\\":\\\"flex-1 text-sm text-muted-foreground\\\",\\\"children\\\":\\\"Search\\\"}],[\\\"$\\\",\\\"kbd\\\",null,{\\\"className\\\":\\\"flex items-center justify-center aspect-square h-4 w-4 p-1 pointer-events-none rounded-sm bg-border text-xs text-muted-foreground mr-3.5\\\",\\\"children\\\":\\\"/\\\"}]]}],[\\\"$\\\",\\\"div\\\",null,{\\\"className\\\":\\\"md:hidden flex size-9 items-center justify-center opacity-60\\\",\\\"children\\\":[\\\"$\\\",\\\"svg\\\",null,{\\\"xmlns\\\":\\\"http://www.w3.org/2000/svg\\\",\\\"viewBox\\\":\\\"0 0 24 24\\\",\\\"fill\\\":\\\"currentColor\\\",\\\"aria-hidden\\\":\\\"true\\\",\\\"data-slot\\\":\\\"icon\\\",\\\"ref\\\":\\\"$undefined\\\",\\\"aria-labelledby\\\":\\\"$undefined\\\",\\\"className\\\":\\\"size-4 text-muted-foreground\\\",\\\"children\\\":[null,[\\\"$\\\",\\\"path\\\",null,{\\\"fillRule\\\":\\\"evenodd\\\",\\\"d\\\":\\\"M10.5 3.75a6.75 6.75 0 1 0 0 13.5 6.75 6.75 0 0 0 0-13.5ZM2.25 10.5a8.25 8.25 0 1 1 14.59 5.28l4.69 4.69a.75.75 0 1 1-1.06 1.06l-4.69-4.69A8.25 8.25 0 0 1 2.25 10.5Z\\\",\\\"clipRule\\\":\\\"evenodd\\\"}]]}]}]]]}],[\\\"$\\\",\\\"div\\\",null,{\\\"className\\\":\\\"hidden lg:flex lg:gap-1 text-sm items-center\\\",\\\"children\\\":[[\\\"$\\\",\\\"$L27\\\",null,{\\\"href\\\":\\\"/models\\\",\\\"children\\\":\\\"Models\\\"}],[\\\"$\\\",\\\"$L27\\\",null,{\\\"href\\\":\\\"/chat\\\",\\\"children\\\":\\\"Chat\\\"}],[\\\"$\\\",\\\"$L27\\\",null,{\\\"href\\\":\\\"/rankings\\\",\\\"children\\\":\\\"Rankings\\\"}],[\\\"$\\\",\\\"$L27\\\",null,{\\\"href\\\":\\\"/apps\\\",\\\"children\\\":\\\"Apps\\\"}],[[\\\"$\\\",\\\"$L27\\\",null,{\\\"href\\\":\\\"/enterprise\\\",\\\"children\\\":\\\"Enterprise\\\"}],[\\\"$\\\",\\\"$L27\\\",null,{\\\"href\\\":\\\"/pricing\\\",\\\"children\\\":\\\"Pricing\\\"}]],[\\\"$\\\",\\\"$L27\\\",null,{\\\"href\\\":\\\"/docs/quickstart\\\",\\\"children\\\":\\\"Docs\\\"}],[\\\"$\\\",\\\"div\\\",null,{\\\"className\\\":\\\"flex w-24 justify-end\\\",\\\"children\\\":[\\\"$\\\",\\\"div\\\",null,{\\\"className\\\":\\\"animate-pulse bg-muted h-9 w-full rounded-full\\\"}]}]]}],[\\\"$\\\",\\\"div\\\",null,{\\\"className\\\":\\\"lg:hidden flex flex-1 justify-end gap-1\\\",\\\"children\\\":[\\\"$\\\",\\\"div\\\",null,{\\\"className\\\":\\\"flex w-24 justify-end\\\",\\\"children\\\":[[\\\"$\\\",\\\"div\\\",null,{\\\"className\\\":\\\"animate-pulse rounded-md bg-muted h-9 flex-1 rounded-l-full\\\"}],[\\\"$\\\",\\\"div\\\",null,{\\\"className\\\":\\\"animate-pulse rounded-md bg-muted h-9 w-10 rounded-r-full\\\"}]]}]}]]}]}]}]\\n\"])</script><script>self.__next_f.push([1,\"10:[\\\"$\\\",\\\"$L28\\\",null,{\\\"initialIsSignedIn\\\":false,\\\"initialIsAdmin\\\":false,\\\"initialUserImageUrl\\\":\\\"$undefined\\\",\\\"initialUserName\\\":\\\"$undefined\\\"}]\\n24:[[\\\"$\\\",\\\"meta\\\",\\\"0\\\",{\\\"charSet\\\":\\\"utf-8\\\"}],[\\\"$\\\",\\\"meta\\\",\\\"1\\\",{\\\"name\\\":\\\"viewport\\\",\\\"content\\\":\\\"width=device-width, initial-scale=1, minimum-scale=1\\\"}],[\\\"$\\\",\\\"meta\\\",\\\"2\\\",{\\\"name\\\":\\\"theme-color\\\",\\\"media\\\":\\\"(prefers-color-scheme: light)\\\",\\\"content\\\":\\\"rgb(255, 255, 255)\\\"}],[\\\"$\\\",\\\"meta\\\",\\\"3\\\",{\\\"name\\\":\\\"theme-color\\\",\\\"media\\\":\\\"(prefers-color-scheme: dark)\\\",\\\"content\\\":\\\"rgb(9, 10, 11)\\\"}]]\\n21:null\\n22:null\\n\"])</script><script>self.__next_f.push([1,\"26:[[\\\"$\\\",\\\"title\\\",\\\"0\\\",{\\\"children\\\":\\\"Not Found | OpenRouter\\\"}],[\\\"$\\\",\\\"meta\\\",\\\"1\\\",{\\\"name\\\":\\\"description\\\",\\\"content\\\":\\\"The page you are looking for does not exist\\\"}],[\\\"$\\\",\\\"link\\\",\\\"2\\\",{\\\"rel\\\":\\\"manifest\\\",\\\"href\\\":\\\"/manifest.webmanifest\\\",\\\"crossOrigin\\\":\\\"$undefined\\\"}],[\\\"$\\\",\\\"meta\\\",\\\"3\\\",{\\\"name\\\":\\\"openrouter:commit-sha\\\",\\\"content\\\":\\\"20b0d44554f8066370e22e60c99dd6436acd860c\\\"}],[\\\"$\\\",\\\"meta\\\",\\\"4\\\",{\\\"property\\\":\\\"og:title\\\",\\\"content\\\":\\\"Not Found | OpenRouter\\\"}],[\\\"$\\\",\\\"meta\\\",\\\"5\\\",{\\\"property\\\":\\\"og:description\\\",\\\"content\\\":\\\"The page you are looking for does not exist\\\"}],[\\\"$\\\",\\\"meta\\\",\\\"6\\\",{\\\"property\\\":\\\"og:url\\\",\\\"content\\\":\\\"https://openrouter.ai\\\"}],[\\\"$\\\",\\\"meta\\\",\\\"7\\\",{\\\"property\\\":\\\"og:site_name\\\",\\\"content\\\":\\\"OpenRouter\\\"}],[\\\"$\\\",\\\"meta\\\",\\\"8\\\",{\\\"property\\\":\\\"og:image\\\",\\\"content\\\":\\\"https://openrouter.ai/dynamic-og?pathname=not-found\\u0026title=Not+Found\\u0026description=The+page+you+are+looking+for+does+not+exist\\\"}],[\\\"$\\\",\\\"meta\\\",\\\"9\\\",{\\\"name\\\":\\\"twitter:card\\\",\\\"content\\\":\\\"summary_large_image\\\"}],[\\\"$\\\",\\\"meta\\\",\\\"10\\\",{\\\"name\\\":\\\"twitter:site\\\",\\\"content\\\":\\\"@openrouter\\\"}],[\\\"$\\\",\\\"meta\\\",\\\"11\\\",{\\\"name\\\":\\\"twitter:title\\\",\\\"content\\\":\\\"Not Found | OpenRouter\\\"}],[\\\"$\\\",\\\"meta\\\",\\\"12\\\",{\\\"name\\\":\\\"twitter:description\\\",\\\"content\\\":\\\"The page you are looking for does not exist\\\"}],[\\\"$\\\",\\\"meta\\\",\\\"13\\\",{\\\"name\\\":\\\"twitter:image\\\",\\\"content\\\":\\\"https://openrouter.ai/dynamic-og?pathname=not-found\\u0026title=Not+Found\\u0026description=The+page+you+are+looking+for+does+not+exist\\\"}],[\\\"$\\\",\\\"link\\\",\\\"14\\\",{\\\"rel\\\":\\\"icon\\\",\\\"href\\\":\\\"/favicon.ico\\\",\\\"type\\\":\\\"image/x-icon\\\",\\\"sizes\\\":\\\"16x16\\\"}],[\\\"$\\\",\\\"link\\\",\\\"15\\\",{\\\"rel\\\":\\\"icon\\\",\\\"href\\\":\\\"/favicon.ico\\\"}],[\\\"$\\\",\\\"$L29\\\",\\\"16\\\",{}]]\\n\"])</script></body></html>. Retrying in 2s","timestamp":"2026-03-07T11:01:34.602Z"}
{"context":"API","level":"info","message":"GET /api/pipeline/status/run_1772881292782","timestamp":"2026-03-07T11:01:36.128Z"}
{"context":"StrategyClassifier","level":"warn","message":"  Claude API attempt 2/3 failed: 404 <!DOCTYPE html><html lang=\"en\"><head><meta charSet=\"utf-8\"/><meta name=\"viewport\" content=\"width=device-width, initial-scale=1, minimum-scale=1\"/><link rel=\"stylesheet\" href=\"/_next/static/css/cda3af16020f96ba.css\" data-precedence=\"next\"/><link rel=\"stylesheet\" href=\"/_next/static/css/23565049b3597e0b.css\" data-precedence=\"next\"/><link rel=\"stylesheet\" href=\"/_next/static/css/7f803c4ba0b62a29.css\" data-precedence=\"next\"/><link rel=\"preload\" as=\"script\" fetchPriority=\"low\" href=\"/_next/static/chunks/webpack-10ba58d93e371456.js\"/><script src=\"/_next/static/chunks/9ba4270a-e6f67529ac26615d.js\" async=\"\"></script><script src=\"/_next/static/chunks/92a4cbe8-e405d44926c37b73.js\" async=\"\"></script><script src=\"/_next/static/chunks/60384-70e3fa1342d029c7.js\" async=\"\"></script><script src=\"/_next/static/chunks/46437-de717c850179876b.js\" async=\"\"></script><script src=\"/_next/static/chunks/main-app-0bba5adccdad5b04.js\" async=\"\"></script><script src=\"/_next/static/chunks/25170-0e6181b2ccbbb6c4.js\" async=\"\"></script><script src=\"/_next/static/chunks/3888-1b80ac3e66e8a62f.js\" async=\"\"></script><script src=\"/_next/static/chunks/71106-b7535260a328d1a8.js\" async=\"\"></script><script src=\"/_next/static/chunks/3144-31c3de663d43a81f.js\" async=\"\"></script><script src=\"/_next/static/chunks/1734-d5af36f0b162a573.js\" async=\"\"></script><script src=\"/_next/static/chunks/45079-024b7107b15d4084.js\" async=\"\"></script><script src=\"/_next/static/chunks/5985-c1dc926d4d436766.js\" async=\"\"></script><script src=\"/_next/static/chunks/10756-daa34ab87965281e.js\" async=\"\"></script><script src=\"/_next/static/chunks/65088-8591857f52c4c13f.js\" async=\"\"></script><script src=\"/_next/static/chunks/6829-df03642e9cfbc8f4.js\" async=\"\"></script><script src=\"/_next/static/chunks/40331-459dbea7989a248e.js\" async=\"\"></script><script src=\"/_next/static/chunks/57028-3214d72e2a7c9de0.js\" async=\"\"></script><script src=\"/_next/static/chunks/28464-1f4a9b148a86c8af.js\" async=\"\"></script><script src=\"/_next/static/chunks/13557-d8c6f4320672188d.js\" async=\"\"></script><script src=\"/_next/static/chunks/57518-354d9d9eed155c41.js\" async=\"\"></script><script src=\"/_next/static/chunks/56873-2d1079b450e7f242.js\" async=\"\"></script><script src=\"/_next/static/chunks/80212-b72efa8ae64f19b5.js\" async=\"\"></script><script src=\"/_next/static/chunks/3556-d73559aa65408ef1.js\" async=\"\"></script><script src=\"/_next/static/chunks/5590-d9fabde5f7ff1a3e.js\" async=\"\"></script><script src=\"/_next/static/chunks/51822-78ff3a66cbc8c8da.js\" async=\"\"></script><script src=\"/_next/static/chunks/81729-516046754f560fe3.js\" async=\"\"></script><script src=\"/_next/static/chunks/97045-3066625d43510da3.js\" async=\"\"></script><script src=\"/_next/static/chunks/app/layout-e98b45b309fcb7a3.js\" async=\"\"></script><script src=\"/_next/static/chunks/28151-9b975e06dd078d6b.js\" async=\"\"></script><script src=\"/_next/static/chunks/98761-1f1e4035f9cea0b6.js\" async=\"\"></script><script src=\"/_next/static/chunks/app/not-found-f7bb3c9b82a096e3.js\" async=\"\"></script><script src=\"/_next/static/chunks/32584-2052ed6c9ce94184.js\" async=\"\"></script><script src=\"/_next/static/chunks/5630-2ea83c9c3d616ebc.js\" async=\"\"></script><script src=\"/_next/static/chunks/32304-a9fecde38fba538e.js\" async=\"\"></script><script src=\"/_next/static/chunks/app/(user)/layout-3c15428b358026f7.js\" async=\"\"></script><script src=\"/_next/static/chunks/app/(static)/layout-007d563104356e66.js\" async=\"\"></script><script src=\"/_next/static/chunks/app/global-error-f927dfe9743bca16.js\" async=\"\"></script><script src=\"https://clerk.openrouter.ai/npm/@clerk/clerk-js@5/dist/clerk.browser.js\" data-clerk-js-script=\"true\" async=\"\" crossorigin=\"anonymous\" data-clerk-publishable-key=\"pk_live_Y2xlcmsub3BlbnJvdXRlci5haSQ\"></script><meta name=\"robots\" content=\"noindex\"/><meta name=\"next-size-adjust\" content=\"\"/><meta name=\"theme-color\" media=\"(prefers-color-scheme: light)\" content=\"rgb(255, 255, 255)\"/><meta name=\"theme-color\" media=\"(prefers-color-scheme: dark)\" content=\"rgb(9, 10, 11)\"/><title>Not Found | OpenRouter</title><meta name=\"description\" content=\"The page you are looking for does not exist\"/><link rel=\"manifest\" href=\"/manifest.webmanifest\"/><meta name=\"openrouter:commit-sha\" content=\"20b0d44554f8066370e22e60c99dd6436acd860c\"/><meta property=\"og:title\" content=\"Not Found | OpenRouter\"/><meta property=\"og:description\" content=\"The page you are looking for does not exist\"/><meta property=\"og:url\" content=\"https://openrouter.ai\"/><meta property=\"og:site_name\" content=\"OpenRouter\"/><meta property=\"og:image\" content=\"https://openrouter.ai/dynamic-og?pathname=not-found&amp;title=Not+Found&amp;description=The+page+you+are+looking+for+does+not+exist\"/><meta name=\"twitter:card\" content=\"summary_large_image\"/><meta name=\"twitter:site\" content=\"@openrouter\"/><meta name=\"twitter:title\" content=\"Not Found | OpenRouter\"/><meta name=\"twitter:description\" content=\"The page you are looking for does not exist\"/><meta name=\"twitter:image\" content=\"https://openrouter.ai/dynamic-og?pathname=not-found&amp;title=Not+Found&amp;description=The+page+you+are+looking+for+does+not+exist\"/><link rel=\"icon\" href=\"/favicon.ico\" type=\"image/x-icon\" sizes=\"16x16\"/><link rel=\"icon\" href=\"/favicon.ico\"/><script async=\"\" src=\"https://www.googletagmanager.com/gtag/js?id=G-R8YZRJS2XN\"></script><script src=\"/_next/static/chunks/polyfills-42372ed130431b0a.js\" noModule=\"\"></script><script>\n            window.dataLayer = window.dataLayer || [];\n            function gtag(){dataLayer.push(arguments);}\n            gtag('js', new Date());\n            gtag('config', 'G-R8YZRJS2XN');\n          </script></head><body class=\"__variable_f367f3 __variable_f910ec font-sans\"><style>\n:root {\n  --bprogress-color: hsl(var(--primary));\n  --bprogress-height: 2px;\n  --bprogress-spinner-size: 18px;\n  --bprogress-spinner-animation-duration: 400ms;\n  --bprogress-spinner-border-size: 2px;\n  --bprogress-box-shadow: 0 0 10px hsl(var(--primary)), 0 0 5px hsl(var(--primary));\n  --bprogress-z-index: 99999;\n  --bprogress-spinner-top: 15px;\n  --bprogress-spinner-bottom: auto;\n  --bprogress-spinner-right: 15px;\n  --bprogress-spinner-left: auto;\n}\n\n.bprogress {\n  width: 0;\n  height: 0;\n  pointer-events: none;\n  z-index: var(--bprogress-z-index);\n}\n\n.bprogress .bar {\n  background: var(--bprogress-color);\n  position: fixed;\n  z-index: var(--bprogress-z-index);\n  top: 0;\n  left: 0;\n  width: 100%;\n  height: var(--bprogress-height);\n}\n\n/* Fancy blur effect */\n.bprogress .peg {\n  display: block;\n  position: absolute;\n  right: 0;\n  width: 100px;\n  height: 100%;\n  box-shadow: var(--bprogress-box-shadow);\n  opacity: 1.0;\n  transform: rotate(3deg) translate(0px, -4px);\n}\n\n/* Remove these to get rid of the spinner */\n.bprogress .spinner {\n  display: block;\n  position: fixed;\n  z-index: var(--bprogress-z-index);\n  top: var(--bprogress-spinner-top);\n  bottom: var(--bprogress-spinner-bottom);\n  right: var(--bprogress-spinner-right);\n  left: var(--bprogress-spinner-left);\n}\n\n.bprogress .spinner-icon {\n  width: var(--bprogress-spinner-size);\n  height: var(--bprogress-spinner-size);\n  box-sizing: border-box;\n  border: solid var(--bprogress-spinner-border-size) transparent;\n  border-top-color: var(--bprogress-color);\n  border-left-color: var(--bprogress-color);\n  border-radius: 50%;\n  -webkit-animation: bprogress-spinner var(--bprogress-spinner-animation-duration) linear infinite;\n  animation: bprogress-spinner var(--bprogress-spinner-animation-duration) linear infinite;\n}\n\n.bprogress-custom-parent {\n  overflow: hidden;\n  position: relative;\n}\n\n.bprogress-custom-parent .bprogress .spinner,\n.bprogress-custom-parent .bprogress .bar {\n  position: absolute;\n}\n\n.bprogress .indeterminate {\n  position: fixed;\n  top: 0;\n  left: 0;\n  width: 100%;\n  height: var(--bprogress-height);\n  overflow: hidden;\n}\n\n.bprogress .indeterminate .inc,\n.bprogress .indeterminate .dec {\n  position: absolute;\n  top: 0;\n  height: 100%;\n  background-color: var(--bprogress-color);\n}\n\n.bprogress .indeterminate .inc {\n  animation: bprogress-indeterminate-increase 2s infinite;\n}\n\n.bprogress .indeterminate .dec {\n  animation: bprogress-indeterminate-decrease 2s 0.5s infinite;\n}\n\n@-webkit-keyframes bprogress-spinner {\n  0%   { -webkit-transform: rotate(0deg); transform: rotate(0deg); }\n  100% { -webkit-transform: rotate(360deg); transform: rotate(360deg); }\n}\n\n@keyframes bprogress-spinner {\n  0%   { transform: rotate(0deg); }\n  100% { transform: rotate(360deg); }\n}\n\n@keyframes bprogress-indeterminate-increase {\n  from { left: -5%; width: 5%; }\n  to { left: 130%; width: 100%; }\n}\n\n@keyframes bprogress-indeterminate-decrease {\n  from { left: -80%; width: 80%; }\n  to { left: 110%; width: 10%; }\n}\n</style><!--$--><!--/$--><script>((a,b,c,d,e,f,g,h)=>{let i=document.documentElement,j=[\"light\",\"dark\"];function k(b){var c;(Array.isArray(a)?a:[a]).forEach(a=>{let c=\"class\"===a,d=c&&f?e.map(a=>f[a]||a):e;c?(i.classList.remove(...d),i.classList.add(f&&f[b]?f[b]:b)):i.setAttribute(a,b)}),c=b,h&&j.includes(c)&&(i.style.colorScheme=c)}if(d)k(d);else try{let a=localStorage.getItem(b)||c,d=g&&\"system\"===a?window.matchMedia(\"(prefers-color-scheme: dark)\").matches?\"dark\":\"light\":a;k(d)}catch(a){}})(\"class\",\"theme\",\"light\",null,[\"light\",\"dark\"],null,true,true)</script><!--$--><!--/$--><main class=\"tabular-nums\"><!--$?--><template id=\"B:0\"></template><nav id=\"main-nav\" class=\"sticky top-0 z-40 bg-background w-full\"><div class=\"mx-auto w-full px-6 py-3.5 lg:py-6 max-w-screen-4xl\"><div class=\"align-center relative flex flex-row justify-between text-sm md:text-base\"><div class=\"flex flex-1 items-center gap-4\"><a class=\"text-muted-foreground\" href=\"/\"><button class=\"inline-flex items-center whitespace-nowrap font-medium transition-colors focus-visible:outline-none disabled:pointer-events-none disabled:opacity-50 focus-visible:ring-1 focus-visible:ring-ring gap-2 leading-6 hover:bg-accent hover:text-accent-foreground border border-transparent h-9 rounded-md w-auto justify-center text-muted-foreground px-2\"><span class=\"flex items-center gap-2 text-base transform cursor-pointer font-medium duration-100 ease-in-out fill-current stroke-current\"><svg width=\"100%\" height=\"100%\" viewBox=\"0 0 512 512\" xmlns=\"http://www.w3.org/2000/svg\" class=\"size-4\" fill=\"currentColor\" stroke=\"currentColor\" role=\"img\" aria-label=\"Logo\"><path d=\"M3 248.945C18 248.945 76 236 106 219C136 202 136 202 198 158C276.497 102.293 332 120.945 423 120.945\" stroke-width=\"90\"></path><path d=\"M511 121.5L357.25 210.268L357.25 32.7324L511 121.5Z\"></path><path d=\"M0 249C15 249 73 261.945 103 278.945C133 295.945 133 295.945 195 339.945C273.497 395.652 329 377 420 377\" stroke-width=\"90\"></path><path d=\"M508 376.445L354.25 287.678L354.25 465.213L508 376.445Z\"></path></svg>OpenRouter</span></button></a><div class=\"hidden md:flex h-9 w-[386px] items-center gap-2 rounded-md bg-slate-3 text-slate-11 opacity-60\"><svg xmlns=\"http://www.w3.org/2000/svg\" viewBox=\"0 0 24 24\" fill=\"currentColor\" aria-hidden=\"true\" data-slot=\"icon\" class=\"ml-3 size-4 shrink-0 text-muted-foreground\"><path fill-rule=\"evenodd\" d=\"M10.5 3.75a6.75 6.75 0 1 0 0 13.5 6.75 6.75 0 0 0 0-13.5ZM2.25 10.5a8.25 8.25 0 1 1 14.59 5.28l4.69 4.69a.75.75 0 1 1-1.06 1.06l-4.69-4.69A8.25 8.25 0 0 1 2.25 10.5Z\" clip-rule=\"evenodd\"></path></svg><span class=\"flex-1 text-sm text-muted-foreground\">Search</span><kbd class=\"flex items-center justify-center aspect-square h-4 w-4 p-1 pointer-events-none rounded-sm bg-border text-xs text-muted-foreground mr-3.5\">/</kbd></div><div class=\"md:hidden flex size-9 items-center justify-center opacity-60\"><svg xmlns=\"http://www.w3.org/2000/svg\" viewBox=\"0 0 24 24\" fill=\"currentColor\" aria-hidden=\"true\" data-slot=\"icon\" class=\"size-4 text-muted-foreground\"><path fill-rule=\"evenodd\" d=\"M10.5 3.75a6.75 6.75 0 1 0 0 13.5 6.75 6.75 0 0 0 0-13.5ZM2.25 10.5a8.25 8.25 0 1 1 14.59 5.28l4.69 4.69a.75.75 0 1 1-1.06 1.06l-4.69-4.69A8.25 8.25 0 0 1 2.25 10.5Z\" clip-rule=\"evenodd\"></path></svg></div></div><div class=\"hidden lg:flex lg:gap-1 text-sm items-center\"><a class=\"text-muted-foreground\" href=\"/models\"><button class=\"inline-flex items-center whitespace-nowrap font-medium transition-colors focus-visible:outline-none disabled:pointer-events-none disabled:opacity-50 focus-visible:ring-1 focus-visible:ring-ring gap-2 leading-6 hover:bg-accent hover:text-accent-foreground border border-transparent h-9 rounded-md w-auto justify-center text-muted-foreground px-2\">Models</button></a><a class=\"text-muted-foreground\" href=\"/chat\"><button class=\"inline-flex items-center whitespace-nowrap font-medium transition-colors focus-visible:outline-none disabled:pointer-events-none disabled:opacity-50 focus-visible:ring-1 focus-visible:ring-ring gap-2 leading-6 hover:bg-accent hover:text-accent-foreground border border-transparent h-9 rounded-md w-auto justify-center text-muted-foreground px-2\">Chat</button></a><a class=\"text-muted-foreground\" href=\"/rankings\"><button class=\"inline-flex items-center whitespace-nowrap font-medium transition-colors focus-visible:outline-none disabled:pointer-events-none disabled:opacity-50 focus-visible:ring-1 focus-visible:ring-ring gap-2 leading-6 hover:bg-accent hover:text-accent-foreground border border-transparent h-9 rounded-md w-auto justify-center text-muted-foreground px-2\">Rankings</button></a><a class=\"text-muted-foreground\" href=\"/apps\"><button class=\"inline-flex items-center whitespace-nowrap font-medium transition-colors focus-visible:outline-none disabled:pointer-events-none disabled:opacity-50 focus-visible:ring-1 focus-visible:ring-ring gap-2 leading-6 hover:bg-accent hover:text-accent-foreground border border-transparent h-9 rounded-md w-auto justify-center text-muted-foreground px-2\">Apps</button></a><a class=\"text-muted-foreground\" href=\"/enterprise\"><button class=\"inline-flex items-center whitespace-nowrap font-medium transition-colors focus-visible:outline-none disabled:pointer-events-none disabled:opacity-50 focus-visible:ring-1 focus-visible:ring-ring gap-2 leading-6 hover:bg-accent hover:text-accent-foreground border border-transparent h-9 rounded-md w-auto justify-center text-muted-foreground px-2\">Enterprise</button></a><a class=\"text-muted-foreground\" href=\"/pricing\"><button class=\"inline-flex items-center whitespace-nowrap font-medium transition-colors focus-visible:outline-none disabled:pointer-events-none disabled:opacity-50 focus-visible:ring-1 focus-visible:ring-ring gap-2 leading-6 hover:bg-accent hover:text-accent-foreground border border-transparent h-9 rounded-md w-auto justify-center text-muted-foreground px-2\">Pricing</button></a><a href=\"/docs/quickstart\" class=\"text-muted-foreground\"><button class=\"inline-flex items-center whitespace-nowrap font-medium transition-colors focus-visible:outline-none disabled:pointer-events-none disabled:opacity-50 focus-visible:ring-1 focus-visible:ring-ring gap-2 leading-6 hover:bg-accent hover:text-accent-foreground border border-transparent h-9 rounded-md w-auto justify-center text-muted-foreground px-2\">Docs</button></a><div class=\"flex w-24 justify-end\"><div class=\"animate-pulse bg-muted h-9 w-full rounded-full\"></div></div></div><div class=\"lg:hidden flex flex-1 justify-end gap-1\"><div class=\"flex w-24 justify-end\"><div class=\"animate-pulse rounded-md bg-muted h-9 flex-1 rounded-l-full\"></div><div class=\"animate-pulse rounded-md bg-muted h-9 w-10 rounded-r-full\"></div></div></div></div></div></nav><!--/$--><!--$--><!--/$--><!--$?--><template id=\"B:1\"></template><div class=\"flex flex-col items-center min-h-[calc(100vh-80px)] w-full md:min-h-screen\"></div><!--/$--></main><div id=\"portal-container\"></div><section aria-label=\"Notifications alt+T\" tabindex=\"-1\" aria-live=\"polite\" aria-relevant=\"additions text\" aria-atomic=\"false\"></section><script>requestAnimationFrame(function(){$RT=performance.now()});</script><script src=\"/_next/static/chunks/webpack-10ba58d93e371456.js\" id=\"_R_\" async=\"\"></script><div hidden id=\"S:0\"><nav id=\"main-nav\" class=\"sticky top-0 z-40 transition-all duration-150 bg-background w-full\"><div class=\"mx-auto w-full transition-all duration-150 px-6 py-3.5 lg:py-6\"><span style=\"position:absolute;border:0;width:1px;height:1px;padding:0;margin:-1px;overflow:hidden;clip:rect(0, 0, 0, 0);white-space:nowrap;word-wrap:normal\"><a href=\"#skip\" class=\"sr-only absolute left-0 top-0 bg-background text-primary focus:not-sr-only\">Skip to content</a></span><div class=\"align-center relative flex flex-row justify-between text-sm md:text-base\"><div class=\"flex flex-1 items-center gap-4\"><a class=\"text-muted-foreground\" href=\"/\"><button class=\"inline-flex items-center whitespace-nowrap font-medium transition-colors focus-visible:outline-none disabled:pointer-events-none disabled:opacity-50 focus-visible:ring-1 focus-visible:ring-ring gap-2 leading-6 hover:bg-accent hover:text-accent-foreground border border-transparent h-9 rounded-md w-auto justify-center text-muted-foreground px-2\"><span class=\"flex items-center gap-2 text-base transform cursor-pointer font-medium duration-100 ease-in-out fill-current stroke-current\"><svg width=\"100%\" height=\"100%\" viewBox=\"0 0 512 512\" xmlns=\"http://www.w3.org/2000/svg\" class=\"size-4\" fill=\"currentColor\" stroke=\"currentColor\" role=\"img\" aria-label=\"Logo\"><path d=\"M3 248.945C18 248.945 76 236 106 219C136 202 136 202 198 158C276.497 102.293 332 120.945 423 120.945\" stroke-width=\"90\"></path><path d=\"M511 121.5L357.25 210.268L357.25 32.7324L511 121.5Z\"></path><path d=\"M0 249C15 249 73 261.945 103 278.945C133 295.945 133 295.945 195 339.945C273.497 395.652 329 377 420 377\" stroke-width=\"90\"></path><path d=\"M508 376.445L354.25 287.678L354.25 465.213L508 376.445Z\"></path></svg>OpenRouter</span></button></a><div class=\"hidden md:block\"><div tabindex=\"-1\" class=\"flex h-full w-full flex-col overflow-hidden rounded-md bg-popover text-popover-foreground\" cmdk-root=\"\"><label cmdk-label=\"\" for=\"radix-_R_6cjdl9bH2_\" id=\"radix-_R_6cjdl9bH1_\" style=\"position:absolute;width:1px;height:1px;padding:0;margin:-1px;overflow:hidden;clip:rect(0, 0, 0, 0);white-space:nowrap;border-width:0\"></label><div role=\"combobox\" aria-controls=\"search-command-list\" aria-expanded=\"false\" class=\"relative flex h-9 w-[386px] items-center gap-2 rounded-md ring-ring transition-colors bg-slate-3 text-slate-11 focus-within:bg-slate-4 focus-within:text-slate-12\" type=\"button\" aria-haspopup=\"dialog\" data-state=\"closed\"><div class=\"flex items-center border-b px-3 w-full focus-visible:outline-none\" cmdk-input-wrapper=\"\"><svg xmlns=\"http://www.w3.org/2000/svg\" viewBox=\"0 0 24 24\" fill=\"currentColor\" aria-hidden=\"true\" data-slot=\"icon\" class=\"mr-2 h-4 w-4 shrink-0 opacity-50\"><path fill-rule=\"evenodd\" d=\"M10.5 3.75a6.75 6.75 0 1 0 0 13.5 6.75 6.75 0 0 0 0-13.5ZM2.25 10.5a8.25 8.25 0 1 1 14.59 5.28l4.69 4.69a.75.75 0 1 1-1.06 1.06l-4.69-4.69A8.25 8.25 0 0 1 2.25 10.5Z\" clip-rule=\"evenodd\"></path></svg><input class=\"flex h-10 w-full rounded-md bg-transparent py-3 text-sm outline-none placeholder:text-muted-foreground disabled:cursor-not-allowed disabled:opacity-50\" placeholder=\"Search\" disabled=\"\" cmdk-input=\"\" autoComplete=\"off\" autoCorrect=\"off\" spellCheck=\"false\" aria-autocomplete=\"list\" role=\"combobox\" aria-expanded=\"true\" aria-controls=\"radix-_R_6cjdl9b_\" aria-labelledby=\"radix-_R_6cjdl9bH1_\" id=\"radix-_R_6cjdl9bH2_\" type=\"text\" value=\"\"/></div><kbd class=\"flex items-center justify-center aspect-square h-4 w-4 p-1 pointer-events-none rounded-sm bg-border text-xs text-muted-foreground absolute right-3.5 transition-opacity duration-200\">/</kbd></div></div></div><div class=\"md:hidden\"><button class=\"inline-flex items-center justify-center whitespace-nowrap rounded-md font-medium transition-colors focus-visible:outline-none disabled:pointer-events-none disabled:opacity-50 focus-visible:ring-1 focus-visible:ring-ring gap-2 leading-6 text-muted-foreground hover:bg-accent hover:text-accent-foreground border border-transparent h-9 w-9\" role=\"combobox\" aria-expanded=\"false\" title=\"Search\" type=\"button\" aria-haspopup=\"dialog\" aria-controls=\"radix-_R_acjdl9b_\" data-state=\"closed\" data-slot=\"dialog-trigger\"><svg xmlns=\"http://www.w3.org/2000/svg\" viewBox=\"0 0 24 24\" fill=\"currentColor\" aria-hidden=\"true\" data-slot=\"icon\" class=\"size-4\"><path fill-rule=\"evenodd\" d=\"M10.5 3.75a6.75 6.75 0 1 0 0 13.5 6.75 6.75 0 0 0 0-13.5ZM2.25 10.5a8.25 8.25 0 1 1 14.59 5.28l4.69 4.69a.75.75 0 1 1-1.06 1.06l-4.69-4.69A8.25 8.25 0 0 1 2.25 10.5Z\" clip-rule=\"evenodd\"></path></svg></button></div></div><div class=\"hidden lg:flex lg:gap-1 text-sm\"><a class=\"text-muted-foreground\" href=\"/models\"><button class=\"inline-flex items-center whitespace-nowrap font-medium transition-colors focus-visible:outline-none disabled:pointer-events-none disabled:opacity-50 focus-visible:ring-1 focus-visible:ring-ring gap-2 leading-6 hover:bg-accent hover:text-accent-foreground border border-transparent h-9 rounded-md w-auto justify-center text-muted-foreground px-2\">Models</button></a><a class=\"text-muted-foreground\" href=\"/chat\"><button class=\"inline-flex items-center whitespace-nowrap font-medium transition-colors focus-visible:outline-none disabled:pointer-events-none disabled:opacity-50 focus-visible:ring-1 focus-visible:ring-ring gap-2 leading-6 hover:bg-accent hover:text-accent-foreground border border-transparent h-9 rounded-md w-auto justify-center text-muted-foreground px-2\">Chat</button></a><a class=\"text-muted-foreground\" href=\"/rankings\"><button class=\"inline-flex items-center whitespace-nowrap font-medium transition-colors focus-visible:outline-none disabled:pointer-events-none disabled:opacity-50 focus-visible:ring-1 focus-visible:ring-ring gap-2 leading-6 hover:bg-accent hover:text-accent-foreground border border-transparent h-9 rounded-md w-auto justify-center text-muted-foreground px-2\">Rankings</button></a><a class=\"text-muted-foreground\" href=\"/apps\"><button class=\"inline-flex items-center whitespace-nowrap font-medium transition-colors focus-visible:outline-none disabled:pointer-events-none disabled:opacity-50 focus-visible:ring-1 focus-visible:ring-ring gap-2 leading-6 hover:bg-accent hover:text-accent-foreground border border-transparent h-9 rounded-md w-auto justify-center text-muted-foreground px-2\">Apps</button></a><a class=\"text-muted-foreground\" href=\"/enterprise\"><button class=\"inline-flex items-center whitespace-nowrap font-medium transition-colors focus-visible:outline-none disabled:pointer-events-none disabled:opacity-50 focus-visible:ring-1 focus-visible:ring-ring gap-2 leading-6 hover:bg-accent hover:text-accent-foreground border border-transparent h-9 rounded-md w-auto justify-center text-muted-foreground px-2\">Enterprise</button></a><a class=\"text-muted-foreground\" href=\"/pricing\"><button class=\"inline-flex items-center whitespace-nowrap font-medium transition-colors focus-visible:outline-none disabled:pointer-events-none disabled:opacity-50 focus-visible:ring-1 focus-visible:ring-ring gap-2 leading-6 hover:bg-accent hover:text-accent-foreground border border-transparent h-9 rounded-md w-auto justify-center text-muted-foreground px-2\">Pricing</button></a><a href=\"/docs/quickstart\" class=\"text-muted-foreground\"><button class=\"inline-flex items-center whitespace-nowrap font-medium transition-colors focus-visible:outline-none disabled:pointer-events-none disabled:opacity-50 focus-visible:ring-1 focus-visible:ring-ring gap-2 leading-6 hover:bg-accent hover:text-accent-foreground border border-transparent h-9 rounded-md w-auto justify-center text-muted-foreground px-2\">Docs</button></a><div class=\"flex w-24 justify-end\"><div class=\"animate-pulse bg-muted h-9 w-full rounded-full\"></div></div></div><div class=\"lg:hidden\"><div class=\"flex flex-1 justify-end gap-1\"><div class=\"flex w-24 justify-end\"><div class=\"animate-pulse rounded-md bg-muted h-9 flex-1 rounded-l-full\"></div><div class=\"animate-pulse rounded-md bg-muted h-9 w-10 rounded-r-full\"></div></div></div></div></div></div></nav></div><script>$RB=[];$RV=function(a){$RT=performance.now();for(var b=0;b<a.length;b+=2){var c=a[b],e=a[b+1];null!==e.parentNode&&e.parentNode.removeChild(e);var f=c.parentNode;if(f){var g=c.previousSibling,h=0;do{if(c&&8===c.nodeType){var d=c.data;if(\"/$\"===d||\"/&\"===d)if(0===h)break;else h--;else\"$\"!==d&&\"$?\"!==d&&\"$~\"!==d&&\"$!\"!==d&&\"&\"!==d||h++}d=c.nextSibling;f.removeChild(c);c=d}while(c);for(;e.firstChild;)f.insertBefore(e.firstChild,c);g.data=\"$\";g._reactRetry&&requestAnimationFrame(g._reactRetry)}}a.length=0};\n$RC=function(a,b){if(b=document.getElementById(b))(a=document.getElementById(a))?(a.previousSibling.data=\"$~\",$RB.push(a,b),2===$RB.length&&(\"number\"!==typeof $RT?requestAnimationFrame($RV.bind(null,$RB)):(a=performance.now(),setTimeout($RV.bind(null,$RB),2300>a&&2E3<a?2300-a:$RT+300-a)))):b.parentNode.removeChild(b)};$RC(\"B:0\",\"S:0\")</script><div hidden id=\"S:1\"><div class=\"flex flex-col items-center justify-center bg-background text-foreground\"><div class=\"relative z-0 transition-all border-border/50 md:border-r h-[calc(100dvh-4rem)] md:h-[calc(100dvh-5.25rem)] main-content-container items-center justify-center flex flex-col gap-4\"><h2 class=\"flex w-96 items-center justify-between gap-2\"><div data-orientation=\"horizontal\" role=\"none\" class=\"h-px w-full flex-1 bg-gradient-to-r from-background via-background to-border\"></div><span>404: Not Found</span><div data-orientation=\"horizontal\" role=\"none\" class=\"h-px w-full flex-1 bg-gradient-to-l from-background via-background to-border\"></div></h2><div class=\"flex flex-col gap-8 md:flex-row\"><a class=\"self-start\" href=\"/\"><button class=\"items-center justify-center whitespace-nowrap font-medium transition-colors focus-visible:outline-none disabled:pointer-events-none disabled:opacity-50 focus-visible:ring-1 focus-visible:ring-ring bg-secondary text-secondary-foreground shadow-sm hover:bg-secondary/80 hover:text-secondary-foreground h-8 rounded-md px-3 text-xs group flex gap-2\"><svg xmlns=\"http://www.w3.org/2000/svg\" fill=\"none\" viewBox=\"0 0 24 24\" stroke-width=\"1.5\" stroke=\"currentColor\" aria-hidden=\"true\" data-slot=\"icon\" class=\"size-4 transition-transform group-hover:-translate-x-1\"><path stroke-linecap=\"round\" stroke-linejoin=\"round\" d=\"M10.5 19.5 3 12m0 0 7.5-7.5M3 12h18\"></path></svg>Go Home</button></a><a class=\"self-end\" href=\"/models\"><button class=\"items-center justify-center whitespace-nowrap font-medium transition-colors focus-visible:outline-none disabled:pointer-events-none disabled:opacity-50 focus-visible:ring-1 focus-visible:ring-ring bg-secondary text-secondary-foreground shadow-sm hover:bg-secondary/80 hover:text-secondary-foreground h-8 rounded-md px-3 text-xs group flex gap-2\">Browse Models<svg xmlns=\"http://www.w3.org/2000/svg\" fill=\"none\" viewBox=\"0 0 24 24\" stroke-width=\"1.5\" stroke=\"currentColor\" aria-hidden=\"true\" data-slot=\"icon\" class=\"size-4 transition-transform group-hover:translate-x-1\"><path stroke-linecap=\"round\" stroke-linejoin=\"round\" d=\"M13.5 4.5 21 12m0 0-7.5 7.5M21 12H3\"></path></svg></button></a></div></div><footer><div class=\"px-6 py-12 md:px-12 md:py-16 border-t bg-background font-medium\"><div class=\"mx-auto max-w-7xl grid gap-8 grid-cols-2 md:grid-cols-4 lg:grid-cols-5\"><div class=\"col-span-2 md:col-span-4 lg:col-span-1 flex flex-col gap-4\"><span data-state=\"closed\" style=\"-webkit-touch-callout:none\"><a class=\"flex items-center gap-2 text-foreground hover:text-foreground/80 transition-colors w-fit\" href=\"/\"><svg width=\"100%\" height=\"100%\" viewBox=\"0 0 512 512\" xmlns=\"http://www.w3.org/2000/svg\" class=\"size-5\" fill=\"currentColor\" stroke=\"currentColor\" role=\"img\" aria-label=\"OpenRouter Logo\"><path d=\"M3 248.945C18 248.945 76 236 106 219C136 202 136 202 198 158C276.497 102.293 332 120.945 423 120.945\" stroke-width=\"90\"></path><path d=\"M511 121.5L357.25 210.268L357.25 32.7324L511 121.5Z\"></path><path d=\"M0 249C15 249 73 261.945 103 278.945C133 295.945 133 295.945 195 339.945C273.497 395.652 329 377 420 377\" stroke-width=\"90\"></path><path d=\"M508 376.445L354.25 287.678L354.25 465.213L508 376.445Z\"></path></svg><span class=\"font-semibold\">OpenRouter</span></a></span><div class=\"text-sm text-muted-foreground\">© 2026 OpenRouter, Inc</div></div><div class=\"flex flex-col gap-3\"><h3 class=\"font-semibold text-foreground\">Product</h3><ul class=\"flex flex-col gap-2\"><li><a class=\"text-sm text-muted-foreground hover:text-foreground transition-colors flex items-center gap-2\" href=\"/chat\">Chat</a></li><li><a class=\"text-sm text-muted-foreground hover:text-foreground transition-colors flex items-center gap-2\" href=\"/rankings\">Rankings</a></li><li><a class=\"text-sm text-muted-foreground hover:text-foreground transition-colors flex items-center gap-2\" href=\"/apps\">Apps</a></li><li><a class=\"text-sm text-muted-foreground hover:text-foreground transition-colors flex items-center gap-2\" href=\"/models\">Models</a></li><li><a class=\"text-sm text-muted-foreground hover:text-foreground transition-colors flex items-center gap-2\" href=\"/providers\">Providers</a></li><li><a class=\"text-sm text-muted-foreground hover:text-foreground transition-colors flex items-center gap-2\" href=\"/pricing\">Pricing</a></li><li><a class=\"text-sm text-muted-foreground hover:text-foreground transition-colors flex items-center gap-2\" href=\"/redeem\">Redeem</a></li><li><a class=\"text-sm text-muted-foreground hover:text-foreground transition-colors flex items-center gap-2\" href=\"/enterprise\">Enterprise</a></li></ul></div><div class=\"flex flex-col gap-3\"><h3 class=\"font-semibold text-foreground\">Company</h3><ul class=\"flex flex-col gap-2\"><li><a class=\"text-sm text-muted-foreground hover:text-foreground transition-colors flex items-center gap-2\" href=\"/about\">About</a></li><li><a class=\"text-sm text-muted-foreground hover:text-foreground transition-colors flex items-center gap-2\" href=\"/announcements\">Announcements</a></li><li><a class=\"text-sm text-muted-foreground hover:text-foreground transition-colors flex items-center gap-2\" href=\"/careers\">Careers<span class=\"text-xs bg-primary/10 text-primary px-1.5 py-0.5 rounded\">Hiring</span></a></li><li><a class=\"text-sm text-muted-foreground hover:text-foreground transition-colors flex items-center gap-2\" href=\"/privacy\">Privacy</a></li><li><a class=\"text-sm text-muted-foreground hover:text-foreground transition-colors flex items-center gap-2\" href=\"/terms\">Terms of Service</a></li><li><a class=\"text-sm text-muted-foreground hover:text-foreground transition-colors flex items-center gap-2\" href=\"/support\">Support</a></li><li><a class=\"text-sm text-muted-foreground hover:text-foreground transition-colors flex items-center gap-2\" href=\"/state-of-ai\">State of AI</a></li><li><a class=\"text-sm text-muted-foreground hover:text-foreground transition-colors flex items-center gap-2\" href=\"/works-with-openrouter\">Works With OR</a></li></ul></div><div class=\"flex flex-col gap-3\"><h3 class=\"font-semibold text-foreground\">Developer</h3><ul class=\"flex flex-col gap-2\"><li><a href=\"/docs\" class=\"text-sm text-muted-foreground hover:text-foreground transition-colors flex items-center gap-2\" target=\"_blank\" rel=\"noopener noreferrer\">Documentation</a></li><li><a href=\"/docs/api-reference\" class=\"text-sm text-muted-foreground hover:text-foreground transition-colors flex items-center gap-2\" target=\"_blank\" rel=\"noopener noreferrer\">API Reference</a></li><li><a class=\"text-sm text-muted-foreground hover:text-foreground transition-colors flex items-center gap-2\" href=\"/sdk\">SDK</a></li><li><a href=\"https://status.openrouter.ai\" class=\"text-sm text-muted-foreground hover:text-foreground transition-colors flex items-center gap-2\" target=\"_blank\" rel=\"noopener noreferrer\">Status</a></li></ul></div><div class=\"flex flex-col gap-3\"><h3 class=\"font-semibold text-foreground\">Connect</h3><ul class=\"flex flex-col gap-2\"><li><a href=\"https://discord.gg/fVyRaUDgxW\" class=\"text-sm text-muted-foreground hover:text-foreground transition-colors flex items-center gap-2\" target=\"_blank\" rel=\"noopener noreferrer\">Discord</a></li><li><a href=\"https://github.com/OpenRouterTeam\" class=\"text-sm text-muted-foreground hover:text-foreground transition-colors flex items-center gap-2\" target=\"_blank\" rel=\"noopener noreferrer\">GitHub</a></li><li><a href=\"https://www.linkedin.com/company/104068329\" class=\"text-sm text-muted-foreground hover:text-foreground transition-colors flex items-center gap-2\" target=\"_blank\" rel=\"noopener noreferrer\">LinkedIn</a></li><li><a href=\"https://twitter.com/openrouter\" class=\"text-sm text-muted-foreground hover:text-foreground transition-colors flex items-center gap-2\" target=\"_blank\" rel=\"noopener noreferrer\">X</a></li><li><a href=\"https://www.youtube.com/@OpenRouterAI\" class=\"text-sm text-muted-foreground hover:text-foreground transition-colors flex items-center gap-2\" target=\"_blank\" rel=\"noopener noreferrer\">YouTube</a></li></ul></div></div></div></footer></div></div><script>$RC(\"B:1\",\"S:1\")</script><script>(self.__next_f=self.__next_f||[]).push([0])</script><script>self.__next_f.push([1,\"1:\\\"$Sreact.fragment\\\"\\n\"])</script><script>self.__next_f.push([1,\"2:I[40756,[\\\"25170\\\",\\\"static/chunks/25170-0e6181b2ccbbb6c4.js\\\",\\\"3888\\\",\\\"static/chunks/3888-1b80ac3e66e8a62f.js\\\",\\\"71106\\\",\\\"static/chunks/71106-b7535260a328d1a8.js\\\",\\\"3144\\\",\\\"static/chunks/3144-31c3de663d43a81f.js\\\",\\\"1734\\\",\\\"static/chunks/1734-d5af36f0b162a573.js\\\",\\\"45079\\\",\\\"static/chunks/45079-024b7107b15d4084.js\\\",\\\"5985\\\",\\\"static/chunks/5985-c1dc926d4d436766.js\\\",\\\"10756\\\",\\\"static/chunks/10756-daa34ab87965281e.js\\\",\\\"65088\\\",\\\"static/chunks/65088-8591857f52c4c13f.js\\\",\\\"6829\\\",\\\"static/chunks/6829-df03642e9cfbc8f4.js\\\",\\\"40331\\\",\\\"static/chunks/40331-459dbea7989a248e.js\\\",\\\"57028\\\",\\\"static/chunks/57028-3214d72e2a7c9de0.js\\\",\\\"28464\\\",\\\"static/chunks/28464-1f4a9b148a86c8af.js\\\",\\\"13557\\\",\\\"static/chunks/13557-d8c6f4320672188d.js\\\",\\\"57518\\\",\\\"static/chunks/57518-354d9d9eed155c41.js\\\",\\\"56873\\\",\\\"static/chunks/56873-2d1079b450e7f242.js\\\",\\\"80212\\\",\\\"static/chunks/80212-b72efa8ae64f19b5.js\\\",\\\"3556\\\",\\\"static/chunks/3556-d73559aa65408ef1.js\\\",\\\"5590\\\",\\\"static/chunks/5590-d9fabde5f7ff1a3e.js\\\",\\\"51822\\\",\\\"static/chunks/51822-78ff3a66cbc8c8da.js\\\",\\\"81729\\\",\\\"static/chunks/81729-516046754f560fe3.js\\\",\\\"97045\\\",\\\"static/chunks/97045-3066625d43510da3.js\\\",\\\"7177\\\",\\\"static/chunks/app/layout-e98b45b309fcb7a3.js\\\"],\\\"GoogleAnalytics\\\"]\\n\"])</script><script>self.__next_f.push([1,\"3:I[38519,[\\\"25170\\\",\\\"static/chunks/25170-0e6181b2ccbbb6c4.js\\\",\\\"3888\\\",\\\"static/chunks/3888-1b80ac3e66e8a62f.js\\\",\\\"71106\\\",\\\"static/chunks/71106-b7535260a328d1a8.js\\\",\\\"3144\\\",\\\"static/chunks/3144-31c3de663d43a81f.js\\\",\\\"1734\\\",\\\"static/chunks/1734-d5af36f0b162a573.js\\\",\\\"45079\\\",\\\"static/chunks/45079-024b7107b15d4084.js\\\",\\\"5985\\\",\\\"static/chunks/5985-c1dc926d4d436766.js\\\",\\\"10756\\\",\\\"static/chunks/10756-daa34ab87965281e.js\\\",\\\"65088\\\",\\\"static/chunks/65088-8591857f52c4c13f.js\\\",\\\"6829\\\",\\\"static/chunks/6829-df03642e9cfbc8f4.js\\\",\\\"40331\\\",\\\"static/chunks/40331-459dbea7989a248e.js\\\",\\\"57028\\\",\\\"static/chunks/57028-3214d72e2a7c9de0.js\\\",\\\"28464\\\",\\\"static/chunks/28464-1f4a9b148a86c8af.js\\\",\\\"13557\\\",\\\"static/chunks/13557-d8c6f4320672188d.js\\\",\\\"57518\\\",\\\"static/chunks/57518-354d9d9eed155c41.js\\\",\\\"56873\\\",\\\"static/chunks/56873-2d1079b450e7f242.js\\\",\\\"80212\\\",\\\"static/chunks/80212-b72efa8ae64f19b5.js\\\",\\\"3556\\\",\\\"static/chunks/3556-d73559aa65408ef1.js\\\",\\\"5590\\\",\\\"static/chunks/5590-d9fabde5f7ff1a3e.js\\\",\\\"51822\\\",\\\"static/chunks/51822-78ff3a66cbc8c8da.js\\\",\\\"81729\\\",\\\"static/chunks/81729-516046754f560fe3.js\\\",\\\"97045\\\",\\\"static/chunks/97045-3066625d43510da3.js\\\",\\\"7177\\\",\\\"static/chunks/app/layout-e98b45b309fcb7a3.js\\\"],\\\"DatadogRUM\\\"]\\n\"])</script><script>self.__next_f.push([1,\"4:I[37142,[\\\"25170\\\",\\\"static/chunks/25170-0e6181b2ccbbb6c4.js\\\",\\\"3888\\\",\\\"static/chunks/3888-1b80ac3e66e8a62f.js\\\",\\\"71106\\\",\\\"static/chunks/71106-b7535260a328d1a8.js\\\",\\\"3144\\\",\\\"static/chunks/3144-31c3de663d43a81f.js\\\",\\\"1734\\\",\\\"static/chunks/1734-d5af36f0b162a573.js\\\",\\\"45079\\\",\\\"static/chunks/45079-024b7107b15d4084.js\\\",\\\"5985\\\",\\\"static/chunks/5985-c1dc926d4d436766.js\\\",\\\"10756\\\",\\\"static/chunks/10756-daa34ab87965281e.js\\\",\\\"65088\\\",\\\"static/chunks/65088-8591857f52c4c13f.js\\\",\\\"6829\\\",\\\"static/chunks/6829-df03642e9cfbc8f4.js\\\",\\\"40331\\\",\\\"static/chunks/40331-459dbea7989a248e.js\\\",\\\"57028\\\",\\\"static/chunks/57028-3214d72e2a7c9de0.js\\\",\\\"28464\\\",\\\"static/chunks/28464-1f4a9b148a86c8af.js\\\",\\\"13557\\\",\\\"static/chunks/13557-d8c6f4320672188d.js\\\",\\\"57518\\\",\\\"static/chunks/57518-354d9d9eed155c41.js\\\",\\\"56873\\\",\\\"static/chunks/56873-2d1079b450e7f242.js\\\",\\\"80212\\\",\\\"static/chunks/80212-b72efa8ae64f19b5.js\\\",\\\"3556\\\",\\\"static/chunks/3556-d73559aa65408ef1.js\\\",\\\"5590\\\",\\\"static/chunks/5590-d9fabde5f7ff1a3e.js\\\",\\\"51822\\\",\\\"static/chunks/51822-78ff3a66cbc8c8da.js\\\",\\\"81729\\\",\\\"static/chunks/81729-516046754f560fe3.js\\\",\\\"97045\\\",\\\"static/chunks/97045-3066625d43510da3.js\\\",\\\"7177\\\",\\\"static/chunks/app/layout-e98b45b309fcb7a3.js\\\"],\\\"ConsentManager\\\"]\\n\"])</script><script>self.__next_f.push([1,\"5:I[16783,[\\\"25170\\\",\\\"static/chunks/25170-0e6181b2ccbbb6c4.js\\\",\\\"3888\\\",\\\"static/chunks/3888-1b80ac3e66e8a62f.js\\\",\\\"71106\\\",\\\"static/chunks/71106-b7535260a328d1a8.js\\\",\\\"3144\\\",\\\"static/chunks/3144-31c3de663d43a81f.js\\\",\\\"1734\\\",\\\"static/chunks/1734-d5af36f0b162a573.js\\\",\\\"45079\\\",\\\"static/chunks/45079-024b7107b15d4084.js\\\",\\\"5985\\\",\\\"static/chunks/5985-c1dc926d4d436766.js\\\",\\\"10756\\\",\\\"static/chunks/10756-daa34ab87965281e.js\\\",\\\"65088\\\",\\\"static/chunks/65088-8591857f52c4c13f.js\\\",\\\"6829\\\",\\\"static/chunks/6829-df03642e9cfbc8f4.js\\\",\\\"40331\\\",\\\"static/chunks/40331-459dbea7989a248e.js\\\",\\\"57028\\\",\\\"static/chunks/57028-3214d72e2a7c9de0.js\\\",\\\"28464\\\",\\\"static/chunks/28464-1f4a9b148a86c8af.js\\\",\\\"13557\\\",\\\"static/chunks/13557-d8c6f4320672188d.js\\\",\\\"57518\\\",\\\"static/chunks/57518-354d9d9eed155c41.js\\\",\\\"56873\\\",\\\"static/chunks/56873-2d1079b450e7f242.js\\\",\\\"80212\\\",\\\"static/chunks/80212-b72efa8ae64f19b5.js\\\",\\\"3556\\\",\\\"static/chunks/3556-d73559aa65408ef1.js\\\",\\\"5590\\\",\\\"static/chunks/5590-d9fabde5f7ff1a3e.js\\\",\\\"51822\\\",\\\"static/chunks/51822-78ff3a66cbc8c8da.js\\\",\\\"81729\\\",\\\"static/chunks/81729-516046754f560fe3.js\\\",\\\"97045\\\",\\\"static/chunks/97045-3066625d43510da3.js\\\",\\\"7177\\\",\\\"static/chunks/app/layout-e98b45b309fcb7a3.js\\\"],\\\"ThemeProvider\\\"]\\n\"])</script><script>self.__next_f.push([1,\"6:I[27456,[\\\"25170\\\",\\\"static/chunks/25170-0e6181b2ccbbb6c4.js\\\",\\\"3888\\\",\\\"static/chunks/3888-1b80ac3e66e8a62f.js\\\",\\\"71106\\\",\\\"static/chunks/71106-b7535260a328d1a8.js\\\",\\\"3144\\\",\\\"static/chunks/3144-31c3de663d43a81f.js\\\",\\\"1734\\\",\\\"static/chunks/1734-d5af36f0b162a573.js\\\",\\\"45079\\\",\\\"static/chunks/45079-024b7107b15d4084.js\\\",\\\"5985\\\",\\\"static/chunks/5985-c1dc926d4d436766.js\\\",\\\"10756\\\",\\\"static/chunks/10756-daa34ab87965281e.js\\\",\\\"65088\\\",\\\"static/chunks/65088-8591857f52c4c13f.js\\\",\\\"6829\\\",\\\"static/chunks/6829-df03642e9cfbc8f4.js\\\",\\\"40331\\\",\\\"static/chunks/40331-459dbea7989a248e.js\\\",\\\"57028\\\",\\\"static/chunks/57028-3214d72e2a7c9de0.js\\\",\\\"28464\\\",\\\"static/chunks/28464-1f4a9b148a86c8af.js\\\",\\\"13557\\\",\\\"static/chunks/13557-d8c6f4320672188d.js\\\",\\\"57518\\\",\\\"static/chunks/57518-354d9d9eed155c41.js\\\",\\\"56873\\\",\\\"static/chunks/56873-2d1079b450e7f242.js\\\",\\\"80212\\\",\\\"static/chunks/80212-b72efa8ae64f19b5.js\\\",\\\"3556\\\",\\\"static/chunks/3556-d73559aa65408ef1.js\\\",\\\"5590\\\",\\\"static/chunks/5590-d9fabde5f7ff1a3e.js\\\",\\\"51822\\\",\\\"static/chunks/51822-78ff3a66cbc8c8da.js\\\",\\\"81729\\\",\\\"static/chunks/81729-516046754f560fe3.js\\\",\\\"97045\\\",\\\"static/chunks/97045-3066625d43510da3.js\\\",\\\"7177\\\",\\\"static/chunks/app/layout-e98b45b309fcb7a3.js\\\"],\\\"ExpandedErrorModalProvider\\\"]\\n\"])</script><script>self.__next_f.push([1,\"7:I[58604,[\\\"25170\\\",\\\"static/chunks/25170-0e6181b2ccbbb6c4.js\\\",\\\"3888\\\",\\\"static/chunks/3888-1b80ac3e66e8a62f.js\\\",\\\"71106\\\",\\\"static/chunks/71106-b7535260a328d1a8.js\\\",\\\"3144\\\",\\\"static/chunks/3144-31c3de663d43a81f.js\\\",\\\"1734\\\",\\\"static/chunks/1734-d5af36f0b162a573.js\\\",\\\"45079\\\",\\\"static/chunks/45079-024b7107b15d4084.js\\\",\\\"5985\\\",\\\"static/chunks/5985-c1dc926d4d436766.js\\\",\\\"10756\\\",\\\"static/chunks/10756-daa34ab87965281e.js\\\",\\\"65088\\\",\\\"static/chunks/65088-8591857f52c4c13f.js\\\",\\\"6829\\\",\\\"static/chunks/6829-df03642e9cfbc8f4.js\\\",\\\"40331\\\",\\\"static/chunks/40331-459dbea7989a248e.js\\\",\\\"57028\\\",\\\"static/chunks/57028-3214d72e2a7c9de0.js\\\",\\\"28464\\\",\\\"static/chunks/28464-1f4a9b148a86c8af.js\\\",\\\"13557\\\",\\\"static/chunks/13557-d8c6f4320672188d.js\\\",\\\"57518\\\",\\\"static/chunks/57518-354d9d9eed155c41.js\\\",\\\"56873\\\",\\\"static/chunks/56873-2d1079b450e7f242.js\\\",\\\"80212\\\",\\\"static/chunks/80212-b72efa8ae64f19b5.js\\\",\\\"3556\\\",\\\"static/chunks/3556-d73559aa65408ef1.js\\\",\\\"5590\\\",\\\"static/chunks/5590-d9fabde5f7ff1a3e.js\\\",\\\"51822\\\",\\\"static/chunks/51822-78ff3a66cbc8c8da.js\\\",\\\"81729\\\",\\\"static/chunks/81729-516046754f560fe3.js\\\",\\\"97045\\\",\\\"static/chunks/97045-3066625d43510da3.js\\\",\\\"7177\\\",\\\"static/chunks/app/layout-e98b45b309fcb7a3.js\\\"],\\\"GlobalErrorToastProvider\\\"]\\n\"])</script><script>self.__next_f.push([1,\"8:I[82761,[\\\"25170\\\",\\\"static/chunks/25170-0e6181b2ccbbb6c4.js\\\",\\\"3888\\\",\\\"static/chunks/3888-1b80ac3e66e8a62f.js\\\",\\\"71106\\\",\\\"static/chunks/71106-b7535260a328d1a8.js\\\",\\\"3144\\\",\\\"static/chunks/3144-31c3de663d43a81f.js\\\",\\\"1734\\\",\\\"static/chunks/1734-d5af36f0b162a573.js\\\",\\\"45079\\\",\\\"static/chunks/45079-024b7107b15d4084.js\\\",\\\"5985\\\",\\\"static/chunks/5985-c1dc926d4d436766.js\\\",\\\"10756\\\",\\\"static/chunks/10756-daa34ab87965281e.js\\\",\\\"65088\\\",\\\"static/chunks/65088-8591857f52c4c13f.js\\\",\\\"6829\\\",\\\"static/chunks/6829-df03642e9cfbc8f4.js\\\",\\\"40331\\\",\\\"static/chunks/40331-459dbea7989a248e.js\\\",\\\"57028\\\",\\\"static/chunks/57028-3214d72e2a7c9de0.js\\\",\\\"28464\\\",\\\"static/chunks/28464-1f4a9b148a86c8af.js\\\",\\\"13557\\\",\\\"static/chunks/13557-d8c6f4320672188d.js\\\",\\\"57518\\\",\\\"static/chunks/57518-354d9d9eed155c41.js\\\",\\\"56873\\\",\\\"static/chunks/56873-2d1079b450e7f242.js\\\",\\\"80212\\\",\\\"static/chunks/80212-b72efa8ae64f19b5.js\\\",\\\"3556\\\",\\\"static/chunks/3556-d73559aa65408ef1.js\\\",\\\"5590\\\",\\\"static/chunks/5590-d9fabde5f7ff1a3e.js\\\",\\\"51822\\\",\\\"static/chunks/51822-78ff3a66cbc8c8da.js\\\",\\\"81729\\\",\\\"static/chunks/81729-516046754f560fe3.js\\\",\\\"97045\\\",\\\"static/chunks/97045-3066625d43510da3.js\\\",\\\"7177\\\",\\\"static/chunks/app/layout-e98b45b309fcb7a3.js\\\"],\\\"GlobalProvider\\\"]\\n\"])</script><script>self.__next_f.push([1,\"9:I[88593,[\\\"25170\\\",\\\"static/chunks/25170-0e6181b2ccbbb6c4.js\\\",\\\"3888\\\",\\\"static/chunks/3888-1b80ac3e66e8a62f.js\\\",\\\"71106\\\",\\\"static/chunks/71106-b7535260a328d1a8.js\\\",\\\"3144\\\",\\\"static/chunks/3144-31c3de663d43a81f.js\\\",\\\"1734\\\",\\\"static/chunks/1734-d5af36f0b162a573.js\\\",\\\"45079\\\",\\\"static/chunks/45079-024b7107b15d4084.js\\\",\\\"5985\\\",\\\"static/chunks/5985-c1dc926d4d436766.js\\\",\\\"10756\\\",\\\"static/chunks/10756-daa34ab87965281e.js\\\",\\\"65088\\\",\\\"static/chunks/65088-8591857f52c4c13f.js\\\",\\\"6829\\\",\\\"static/chunks/6829-df03642e9cfbc8f4.js\\\",\\\"40331\\\",\\\"static/chunks/40331-459dbea7989a248e.js\\\",\\\"57028\\\",\\\"static/chunks/57028-3214d72e2a7c9de0.js\\\",\\\"28464\\\",\\\"static/chunks/28464-1f4a9b148a86c8af.js\\\",\\\"13557\\\",\\\"static/chunks/13557-d8c6f4320672188d.js\\\",\\\"57518\\\",\\\"static/chunks/57518-354d9d9eed155c41.js\\\",\\\"56873\\\",\\\"static/chunks/56873-2d1079b450e7f242.js\\\",\\\"80212\\\",\\\"static/chunks/80212-b72efa8ae64f19b5.js\\\",\\\"3556\\\",\\\"static/chunks/3556-d73559aa65408ef1.js\\\",\\\"5590\\\",\\\"static/chunks/5590-d9fabde5f7ff1a3e.js\\\",\\\"51822\\\",\\\"static/chunks/51822-78ff3a66cbc8c8da.js\\\",\\\"81729\\\",\\\"static/chunks/81729-516046754f560fe3.js\\\",\\\"97045\\\",\\\"static/chunks/97045-3066625d43510da3.js\\\",\\\"7177\\\",\\\"static/chunks/app/layout-e98b45b309fcb7a3.js\\\"],\\\"ClerkAuthProvider\\\"]\\n\"])</script><script>self.__next_f.push([1,\"a:I[5737,[\\\"25170\\\",\\\"static/chunks/25170-0e6181b2ccbbb6c4.js\\\",\\\"3888\\\",\\\"static/chunks/3888-1b80ac3e66e8a62f.js\\\",\\\"71106\\\",\\\"static/chunks/71106-b7535260a328d1a8.js\\\",\\\"3144\\\",\\\"static/chunks/3144-31c3de663d43a81f.js\\\",\\\"1734\\\",\\\"static/chunks/1734-d5af36f0b162a573.js\\\",\\\"45079\\\",\\\"static/chunks/45079-024b7107b15d4084.js\\\",\\\"5985\\\",\\\"static/chunks/5985-c1dc926d4d436766.js\\\",\\\"10756\\\",\\\"static/chunks/10756-daa34ab87965281e.js\\\",\\\"65088\\\",\\\"static/chunks/65088-8591857f52c4c13f.js\\\",\\\"6829\\\",\\\"static/chunks/6829-df03642e9cfbc8f4.js\\\",\\\"40331\\\",\\\"static/chunks/40331-459dbea7989a248e.js\\\",\\\"57028\\\",\\\"static/chunks/57028-3214d72e2a7c9de0.js\\\",\\\"28464\\\",\\\"static/chunks/28464-1f4a9b148a86c8af.js\\\",\\\"13557\\\",\\\"static/chunks/13557-d8c6f4320672188d.js\\\",\\\"57518\\\",\\\"static/chunks/57518-354d9d9eed155c41.js\\\",\\\"56873\\\",\\\"static/chunks/56873-2d1079b450e7f242.js\\\",\\\"80212\\\",\\\"static/chunks/80212-b72efa8ae64f19b5.js\\\",\\\"3556\\\",\\\"static/chunks/3556-d73559aa65408ef1.js\\\",\\\"5590\\\",\\\"static/chunks/5590-d9fabde5f7ff1a3e.js\\\",\\\"51822\\\",\\\"static/chunks/51822-78ff3a66cbc8c8da.js\\\",\\\"81729\\\",\\\"static/chunks/81729-516046754f560fe3.js\\\",\\\"97045\\\",\\\"static/chunks/97045-3066625d43510da3.js\\\",\\\"7177\\\",\\\"static/chunks/app/layout-e98b45b309fcb7a3.js\\\"],\\\"PostHogAnalyticsProvider\\\"]\\n\"])</script><script>self.__next_f.push([1,\"b:I[5630,[\\\"25170\\\",\\\"static/chunks/25170-0e6181b2ccbbb6c4.js\\\",\\\"3888\\\",\\\"static/chunks/3888-1b80ac3e66e8a62f.js\\\",\\\"71106\\\",\\\"static/chunks/71106-b7535260a328d1a8.js\\\",\\\"3144\\\",\\\"static/chunks/3144-31c3de663d43a81f.js\\\",\\\"1734\\\",\\\"static/chunks/1734-d5af36f0b162a573.js\\\",\\\"45079\\\",\\\"static/chunks/45079-024b7107b15d4084.js\\\",\\\"5985\\\",\\\"static/chunks/5985-c1dc926d4d436766.js\\\",\\\"10756\\\",\\\"static/chunks/10756-daa34ab87965281e.js\\\",\\\"65088\\\",\\\"static/chunks/65088-8591857f52c4c13f.js\\\",\\\"6829\\\",\\\"static/chunks/6829-df03642e9cfbc8f4.js\\\",\\\"40331\\\",\\\"static/chunks/40331-459dbea7989a248e.js\\\",\\\"57028\\\",\\\"static/chunks/57028-3214d72e2a7c9de0.js\\\",\\\"28464\\\",\\\"static/chunks/28464-1f4a9b148a86c8af.js\\\",\\\"13557\\\",\\\"static/chunks/13557-d8c6f4320672188d.js\\\",\\\"57518\\\",\\\"static/chunks/57518-354d9d9eed155c41.js\\\",\\\"56873\\\",\\\"static/chunks/56873-2d1079b450e7f242.js\\\",\\\"80212\\\",\\\"static/chunks/80212-b72efa8ae64f19b5.js\\\",\\\"3556\\\",\\\"static/chunks/3556-d73559aa65408ef1.js\\\",\\\"5590\\\",\\\"static/chunks/5590-d9fabde5f7ff1a3e.js\\\",\\\"51822\\\",\\\"static/chunks/51822-78ff3a66cbc8c8da.js\\\",\\\"81729\\\",\\\"static/chunks/81729-516046754f560fe3.js\\\",\\\"97045\\\",\\\"static/chunks/97045-3066625d43510da3.js\\\",\\\"7177\\\",\\\"static/chunks/app/layout-e98b45b309fcb7a3.js\\\"],\\\"UserContextProvider\\\"]\\n\"])</script><script>self.__next_f.push([1,\"c:I[54911,[\\\"25170\\\",\\\"static/chunks/25170-0e6181b2ccbbb6c4.js\\\",\\\"3888\\\",\\\"static/chunks/3888-1b80ac3e66e8a62f.js\\\",\\\"71106\\\",\\\"static/chunks/71106-b7535260a328d1a8.js\\\",\\\"3144\\\",\\\"static/chunks/3144-31c3de663d43a81f.js\\\",\\\"1734\\\",\\\"static/chunks/1734-d5af36f0b162a573.js\\\",\\\"45079\\\",\\\"static/chunks/45079-024b7107b15d4084.js\\\",\\\"5985\\\",\\\"static/chunks/5985-c1dc926d4d436766.js\\\",\\\"10756\\\",\\\"static/chunks/10756-daa34ab87965281e.js\\\",\\\"65088\\\",\\\"static/chunks/65088-8591857f52c4c13f.js\\\",\\\"6829\\\",\\\"static/chunks/6829-df03642e9cfbc8f4.js\\\",\\\"40331\\\",\\\"static/chunks/40331-459dbea7989a248e.js\\\",\\\"57028\\\",\\\"static/chunks/57028-3214d72e2a7c9de0.js\\\",\\\"28464\\\",\\\"static/chunks/28464-1f4a9b148a86c8af.js\\\",\\\"13557\\\",\\\"static/chunks/13557-d8c6f4320672188d.js\\\",\\\"57518\\\",\\\"static/chunks/57518-354d9d9eed155c41.js\\\",\\\"56873\\\",\\\"static/chunks/56873-2d1079b450e7f242.js\\\",\\\"80212\\\",\\\"static/chunks/80212-b72efa8ae64f19b5.js\\\",\\\"3556\\\",\\\"static/chunks/3556-d73559aa65408ef1.js\\\",\\\"5590\\\",\\\"static/chunks/5590-d9fabde5f7ff1a3e.js\\\",\\\"51822\\\",\\\"static/chunks/51822-78ff3a66cbc8c8da.js\\\",\\\"81729\\\",\\\"static/chunks/81729-516046754f560fe3.js\\\",\\\"97045\\\",\\\"static/chunks/97045-3066625d43510da3.js\\\",\\\"7177\\\",\\\"static/chunks/app/layout-e98b45b309fcb7a3.js\\\"],\\\"NuqsAdapter\\\"]\\n\"])</script><script>self.__next_f.push([1,\"d:I[79025,[\\\"25170\\\",\\\"static/chunks/25170-0e6181b2ccbbb6c4.js\\\",\\\"3888\\\",\\\"static/chunks/3888-1b80ac3e66e8a62f.js\\\",\\\"71106\\\",\\\"static/chunks/71106-b7535260a328d1a8.js\\\",\\\"3144\\\",\\\"static/chunks/3144-31c3de663d43a81f.js\\\",\\\"1734\\\",\\\"static/chunks/1734-d5af36f0b162a573.js\\\",\\\"45079\\\",\\\"static/chunks/45079-024b7107b15d4084.js\\\",\\\"5985\\\",\\\"static/chunks/5985-c1dc926d4d436766.js\\\",\\\"10756\\\",\\\"static/chunks/10756-daa34ab87965281e.js\\\",\\\"65088\\\",\\\"static/chunks/65088-8591857f52c4c13f.js\\\",\\\"6829\\\",\\\"static/chunks/6829-df03642e9cfbc8f4.js\\\",\\\"40331\\\",\\\"static/chunks/40331-459dbea7989a248e.js\\\",\\\"57028\\\",\\\"static/chunks/57028-3214d72e2a7c9de0.js\\\",\\\"28464\\\",\\\"static/chunks/28464-1f4a9b148a86c8af.js\\\",\\\"13557\\\",\\\"static/chunks/13557-d8c6f4320672188d.js\\\",\\\"57518\\\",\\\"static/chunks/57518-354d9d9eed155c41.js\\\",\\\"56873\\\",\\\"static/chunks/56873-2d1079b450e7f242.js\\\",\\\"80212\\\",\\\"static/chunks/80212-b72efa8ae64f19b5.js\\\",\\\"3556\\\",\\\"static/chunks/3556-d73559aa65408ef1.js\\\",\\\"5590\\\",\\\"static/chunks/5590-d9fabde5f7ff1a3e.js\\\",\\\"51822\\\",\\\"static/chunks/51822-78ff3a66cbc8c8da.js\\\",\\\"81729\\\",\\\"static/chunks/81729-516046754f560fe3.js\\\",\\\"97045\\\",\\\"static/chunks/97045-3066625d43510da3.js\\\",\\\"7177\\\",\\\"static/chunks/app/layout-e98b45b309fcb7a3.js\\\"],\\\"TooltipProvider\\\"]\\n\"])</script><script>self.__next_f.push([1,\"e:\\\"$Sreact.suspense\\\"\\n\"])</script><script>self.__next_f.push([1,\"11:I[90776,[\\\"25170\\\",\\\"static/chunks/25170-0e6181b2ccbbb6c4.js\\\",\\\"3888\\\",\\\"static/chunks/3888-1b80ac3e66e8a62f.js\\\",\\\"71106\\\",\\\"static/chunks/71106-b7535260a328d1a8.js\\\",\\\"3144\\\",\\\"static/chunks/3144-31c3de663d43a81f.js\\\",\\\"1734\\\",\\\"static/chunks/1734-d5af36f0b162a573.js\\\",\\\"45079\\\",\\\"static/chunks/45079-024b7107b15d4084.js\\\",\\\"5985\\\",\\\"static/chunks/5985-c1dc926d4d436766.js\\\",\\\"10756\\\",\\\"static/chunks/10756-daa34ab87965281e.js\\\",\\\"65088\\\",\\\"static/chunks/65088-8591857f52c4c13f.js\\\",\\\"6829\\\",\\\"static/chunks/6829-df03642e9cfbc8f4.js\\\",\\\"40331\\\",\\\"static/chunks/40331-459dbea7989a248e.js\\\",\\\"57028\\\",\\\"static/chunks/57028-3214d72e2a7c9de0.js\\\",\\\"28464\\\",\\\"static/chunks/28464-1f4a9b148a86c8af.js\\\",\\\"13557\\\",\\\"static/chunks/13557-d8c6f4320672188d.js\\\",\\\"57518\\\",\\\"static/chunks/57518-354d9d9eed155c41.js\\\",\\\"56873\\\",\\\"static/chunks/56873-2d1079b450e7f242.js\\\",\\\"80212\\\",\\\"static/chunks/80212-b72efa8ae64f19b5.js\\\",\\\"3556\\\",\\\"static/chunks/3556-d73559aa65408ef1.js\\\",\\\"5590\\\",\\\"static/chunks/5590-d9fabde5f7ff1a3e.js\\\",\\\"51822\\\",\\\"static/chunks/51822-78ff3a66cbc8c8da.js\\\",\\\"81729\\\",\\\"static/chunks/81729-516046754f560fe3.js\\\",\\\"97045\\\",\\\"static/chunks/97045-3066625d43510da3.js\\\",\\\"7177\\\",\\\"static/chunks/app/layout-e98b45b309fcb7a3.js\\\"],\\\"default\\\"]\\n\"])</script><script>self.__next_f.push([1,\"12:I[69707,[\\\"25170\\\",\\\"static/chunks/25170-0e6181b2ccbbb6c4.js\\\",\\\"3888\\\",\\\"static/chunks/3888-1b80ac3e66e8a62f.js\\\",\\\"71106\\\",\\\"static/chunks/71106-b7535260a328d1a8.js\\\",\\\"3144\\\",\\\"static/chunks/3144-31c3de663d43a81f.js\\\",\\\"1734\\\",\\\"static/chunks/1734-d5af36f0b162a573.js\\\",\\\"45079\\\",\\\"static/chunks/45079-024b7107b15d4084.js\\\",\\\"5985\\\",\\\"static/chunks/5985-c1dc926d4d436766.js\\\",\\\"10756\\\",\\\"static/chunks/10756-daa34ab87965281e.js\\\",\\\"65088\\\",\\\"static/chunks/65088-8591857f52c4c13f.js\\\",\\\"6829\\\",\\\"static/chunks/6829-df03642e9cfbc8f4.js\\\",\\\"40331\\\",\\\"static/chunks/40331-459dbea7989a248e.js\\\",\\\"57028\\\",\\\"static/chunks/57028-3214d72e2a7c9de0.js\\\",\\\"28464\\\",\\\"static/chunks/28464-1f4a9b148a86c8af.js\\\",\\\"13557\\\",\\\"static/chunks/13557-d8c6f4320672188d.js\\\",\\\"57518\\\",\\\"static/chunks/57518-354d9d9eed155c41.js\\\",\\\"56873\\\",\\\"static/chunks/56873-2d1079b450e7f242.js\\\",\\\"80212\\\",\\\"static/chunks/80212-b72efa8ae64f19b5.js\\\",\\\"3556\\\",\\\"static/chunks/3556-d73559aa65408ef1.js\\\",\\\"5590\\\",\\\"static/chunks/5590-d9fabde5f7ff1a3e.js\\\",\\\"51822\\\",\\\"static/chunks/51822-78ff3a66cbc8c8da.js\\\",\\\"81729\\\",\\\"static/chunks/81729-516046754f560fe3.js\\\",\\\"97045\\\",\\\"static/chunks/97045-3066625d43510da3.js\\\",\\\"7177\\\",\\\"static/chunks/app/layout-e98b45b309fcb7a3.js\\\"],\\\"OnboardingModal\\\"]\\n\"])</script><script>self.__next_f.push([1,\"13:I[36233,[\\\"25170\\\",\\\"static/chunks/25170-0e6181b2ccbbb6c4.js\\\",\\\"3888\\\",\\\"static/chunks/3888-1b80ac3e66e8a62f.js\\\",\\\"71106\\\",\\\"static/chunks/71106-b7535260a328d1a8.js\\\",\\\"3144\\\",\\\"static/chunks/3144-31c3de663d43a81f.js\\\",\\\"1734\\\",\\\"static/chunks/1734-d5af36f0b162a573.js\\\",\\\"45079\\\",\\\"static/chunks/45079-024b7107b15d4084.js\\\",\\\"5985\\\",\\\"static/chunks/5985-c1dc926d4d436766.js\\\",\\\"10756\\\",\\\"static/chunks/10756-daa34ab87965281e.js\\\",\\\"65088\\\",\\\"static/chunks/65088-8591857f52c4c13f.js\\\",\\\"6829\\\",\\\"static/chunks/6829-df03642e9cfbc8f4.js\\\",\\\"40331\\\",\\\"static/chunks/40331-459dbea7989a248e.js\\\",\\\"57028\\\",\\\"static/chunks/57028-3214d72e2a7c9de0.js\\\",\\\"28464\\\",\\\"static/chunks/28464-1f4a9b148a86c8af.js\\\",\\\"13557\\\",\\\"static/chunks/13557-d8c6f4320672188d.js\\\",\\\"57518\\\",\\\"static/chunks/57518-354d9d9eed155c41.js\\\",\\\"56873\\\",\\\"static/chunks/56873-2d1079b450e7f242.js\\\",\\\"80212\\\",\\\"static/chunks/80212-b72efa8ae64f19b5.js\\\",\\\"3556\\\",\\\"static/chunks/3556-d73559aa65408ef1.js\\\",\\\"5590\\\",\\\"static/chunks/5590-d9fabde5f7ff1a3e.js\\\",\\\"51822\\\",\\\"static/chunks/51822-78ff3a66cbc8c8da.js\\\",\\\"81729\\\",\\\"static/chunks/81729-516046754f560fe3.js\\\",\\\"97045\\\",\\\"static/chunks/97045-3066625d43510da3.js\\\",\\\"7177\\\",\\\"static/chunks/app/layout-e98b45b309fcb7a3.js\\\"],\\\"PageConfetti\\\"]\\n\"])</script><script>self.__next_f.push([1,\"14:I[7755,[],\\\"\\\"]\\n15:I[48919,[],\\\"\\\"]\\n16:I[13157,[\\\"25170\\\",\\\"static/chunks/25170-0e6181b2ccbbb6c4.js\\\",\\\"3888\\\",\\\"static/chunks/3888-1b80ac3e66e8a62f.js\\\",\\\"71106\\\",\\\"static/chunks/71106-b7535260a328d1a8.js\\\",\\\"3144\\\",\\\"static/chunks/3144-31c3de663d43a81f.js\\\",\\\"1734\\\",\\\"static/chunks/1734-d5af36f0b162a573.js\\\",\\\"45079\\\",\\\"static/chunks/45079-024b7107b15d4084.js\\\",\\\"6829\\\",\\\"static/chunks/6829-df03642e9cfbc8f4.js\\\",\\\"28151\\\",\\\"static/chunks/28151-9b975e06dd078d6b.js\\\",\\\"98761\\\",\\\"static/chunks/98761-1f1e4035f9cea0b6.js\\\",\\\"24345\\\",\\\"static/chunks/app/not-found-f7bb3c9b82a096e3.js\\\"],\\\"Separator\\\"]\\n17:I[66414,[\\\"25170\\\",\\\"static/chunks/25170-0e6181b2ccbbb6c4.js\\\",\\\"3888\\\",\\\"static/chunks/3888-1b80ac3e66e8a62f.js\\\",\\\"71106\\\",\\\"static/chunks/71106-b7535260a328d1a8.js\\\",\\\"40331\\\",\\\"static/chunks/40331-459dbea7989a248e.js\\\",\\\"32584\\\",\\\"static/chunks/32584-2052ed6c9ce94184.js\\\",\\\"5630\\\",\\\"static/chunks/5630-2ea83c9c3d616ebc.js\\\",\\\"32304\\\",\\\"static/chunks/32304-a9fecde38fba538e.js\\\",\\\"83318\\\",\\\"static/chunks/app/(user)/layout-3c15428b358026f7.js\\\"],\\\"Link\\\"]\\n18:I[98761,[\\\"25170\\\",\\\"static/chunks/25170-0e6181b2ccbbb6c4.js\\\",\\\"3888\\\",\\\"static/chunks/3888-1b80ac3e66e8a62f.js\\\",\\\"71106\\\",\\\"static/chunks/71106-b7535260a328d1a8.js\\\",\\\"3144\\\",\\\"static/chunks/3144-31c3de663d43a81f.js\\\",\\\"1734\\\",\\\"static/chunks/1734-d5af36f0b162a573.js\\\",\\\"45079\\\",\\\"static/chunks/45079-024b7107b15d4084.js\\\",\\\"6829\\\",\\\"static/chunks/6829-df03642e9cfbc8f4.js\\\",\\\"28151\\\",\\\"static/chunks/28151-9b975e06dd078d6b.js\\\",\\\"98761\\\",\\\"static/chunks/98761-1f1e4035f9cea0b6.js\\\",\\\"71957\\\",\\\"static/chunks/app/(static)/layout-007d563104356e66.js\\\"],\\\"Footer\\\"]\\n\"])</script><script>self.__next_f.push([1,\"19:I[88807,[\\\"25170\\\",\\\"static/chunks/25170-0e6181b2ccbbb6c4.js\\\",\\\"3888\\\",\\\"static/chunks/3888-1b80ac3e66e8a62f.js\\\",\\\"71106\\\",\\\"static/chunks/71106-b7535260a328d1a8.js\\\",\\\"3144\\\",\\\"static/chunks/3144-31c3de663d43a81f.js\\\",\\\"1734\\\",\\\"static/chunks/1734-d5af36f0b162a573.js\\\",\\\"45079\\\",\\\"static/chunks/45079-024b7107b15d4084.js\\\",\\\"5985\\\",\\\"static/chunks/5985-c1dc926d4d436766.js\\\",\\\"10756\\\",\\\"static/chunks/10756-daa34ab87965281e.js\\\",\\\"65088\\\",\\\"static/chunks/65088-8591857f52c4c13f.js\\\",\\\"6829\\\",\\\"static/chunks/6829-df03642e9cfbc8f4.js\\\",\\\"40331\\\",\\\"static/chunks/40331-459dbea7989a248e.js\\\",\\\"57028\\\",\\\"static/chunks/57028-3214d72e2a7c9de0.js\\\",\\\"28464\\\",\\\"static/chunks/28464-1f4a9b148a86c8af.js\\\",\\\"13557\\\",\\\"static/chunks/13557-d8c6f4320672188d.js\\\",\\\"57518\\\",\\\"static/chunks/57518-354d9d9eed155c41.js\\\",\\\"56873\\\",\\\"static/chunks/56873-2d1079b450e7f242.js\\\",\\\"80212\\\",\\\"static/chunks/80212-b72efa8ae64f19b5.js\\\",\\\"3556\\\",\\\"static/chunks/3556-d73559aa65408ef1.js\\\",\\\"5590\\\",\\\"static/chunks/5590-d9fabde5f7ff1a3e.js\\\",\\\"51822\\\",\\\"static/chunks/51822-78ff3a66cbc8c8da.js\\\",\\\"81729\\\",\\\"static/chunks/81729-516046754f560fe3.js\\\",\\\"97045\\\",\\\"static/chunks/97045-3066625d43510da3.js\\\",\\\"7177\\\",\\\"static/chunks/app/layout-e98b45b309fcb7a3.js\\\"],\\\"Toaster\\\"]\\n\"])</script><script>self.__next_f.push([1,\"1a:I[5115,[\\\"25170\\\",\\\"static/chunks/25170-0e6181b2ccbbb6c4.js\\\",\\\"3888\\\",\\\"static/chunks/3888-1b80ac3e66e8a62f.js\\\",\\\"71106\\\",\\\"static/chunks/71106-b7535260a328d1a8.js\\\",\\\"3144\\\",\\\"static/chunks/3144-31c3de663d43a81f.js\\\",\\\"1734\\\",\\\"static/chunks/1734-d5af36f0b162a573.js\\\",\\\"45079\\\",\\\"static/chunks/45079-024b7107b15d4084.js\\\",\\\"5985\\\",\\\"static/chunks/5985-c1dc926d4d436766.js\\\",\\\"10756\\\",\\\"static/chunks/10756-daa34ab87965281e.js\\\",\\\"65088\\\",\\\"static/chunks/65088-8591857f52c4c13f.js\\\",\\\"6829\\\",\\\"static/chunks/6829-df03642e9cfbc8f4.js\\\",\\\"40331\\\",\\\"static/chunks/40331-459dbea7989a248e.js\\\",\\\"57028\\\",\\\"static/chunks/57028-3214d72e2a7c9de0.js\\\",\\\"28464\\\",\\\"static/chunks/28464-1f4a9b148a86c8af.js\\\",\\\"13557\\\",\\\"static/chunks/13557-d8c6f4320672188d.js\\\",\\\"57518\\\",\\\"static/chunks/57518-354d9d9eed155c41.js\\\",\\\"56873\\\",\\\"static/chunks/56873-2d1079b450e7f242.js\\\",\\\"80212\\\",\\\"static/chunks/80212-b72efa8ae64f19b5.js\\\",\\\"3556\\\",\\\"static/chunks/3556-d73559aa65408ef1.js\\\",\\\"5590\\\",\\\"static/chunks/5590-d9fabde5f7ff1a3e.js\\\",\\\"51822\\\",\\\"static/chunks/51822-78ff3a66cbc8c8da.js\\\",\\\"81729\\\",\\\"static/chunks/81729-516046754f560fe3.js\\\",\\\"97045\\\",\\\"static/chunks/97045-3066625d43510da3.js\\\",\\\"7177\\\",\\\"static/chunks/app/layout-e98b45b309fcb7a3.js\\\"],\\\"CookieConsent\\\"]\\n\"])</script><script>self.__next_f.push([1,\"1f:I[98274,[\\\"3556\\\",\\\"static/chunks/3556-d73559aa65408ef1.js\\\",\\\"34219\\\",\\\"static/chunks/app/global-error-f927dfe9743bca16.js\\\"],\\\"default\\\"]\\n20:I[34594,[],\\\"OutletBoundary\\\"]\\n23:I[34594,[],\\\"ViewportBoundary\\\"]\\n25:I[34594,[],\\\"MetadataBoundary\\\"]\\n\"])</script><script>self.__next_f.push([1,\"27:I[43118,[\\\"25170\\\",\\\"static/chunks/25170-0e6181b2ccbbb6c4.js\\\",\\\"3888\\\",\\\"static/chunks/3888-1b80ac3e66e8a62f.js\\\",\\\"71106\\\",\\\"static/chunks/71106-b7535260a328d1a8.js\\\",\\\"3144\\\",\\\"static/chunks/3144-31c3de663d43a81f.js\\\",\\\"1734\\\",\\\"static/chunks/1734-d5af36f0b162a573.js\\\",\\\"45079\\\",\\\"static/chunks/45079-024b7107b15d4084.js\\\",\\\"5985\\\",\\\"static/chunks/5985-c1dc926d4d436766.js\\\",\\\"10756\\\",\\\"static/chunks/10756-daa34ab87965281e.js\\\",\\\"65088\\\",\\\"static/chunks/65088-8591857f52c4c13f.js\\\",\\\"6829\\\",\\\"static/chunks/6829-df03642e9cfbc8f4.js\\\",\\\"40331\\\",\\\"static/chunks/40331-459dbea7989a248e.js\\\",\\\"57028\\\",\\\"static/chunks/57028-3214d72e2a7c9de0.js\\\",\\\"28464\\\",\\\"static/chunks/28464-1f4a9b148a86c8af.js\\\",\\\"13557\\\",\\\"static/chunks/13557-d8c6f4320672188d.js\\\",\\\"57518\\\",\\\"static/chunks/57518-354d9d9eed155c41.js\\\",\\\"56873\\\",\\\"static/chunks/56873-2d1079b450e7f242.js\\\",\\\"80212\\\",\\\"static/chunks/80212-b72efa8ae64f19b5.js\\\",\\\"3556\\\",\\\"static/chunks/3556-d73559aa65408ef1.js\\\",\\\"5590\\\",\\\"static/chunks/5590-d9fabde5f7ff1a3e.js\\\",\\\"51822\\\",\\\"static/chunks/51822-78ff3a66cbc8c8da.js\\\",\\\"81729\\\",\\\"static/chunks/81729-516046754f560fe3.js\\\",\\\"97045\\\",\\\"static/chunks/97045-3066625d43510da3.js\\\",\\\"7177\\\",\\\"static/chunks/app/layout-e98b45b309fcb7a3.js\\\"],\\\"NavLink\\\"]\\n\"])</script><script>self.__next_f.push([1,\"28:I[89750,[\\\"25170\\\",\\\"static/chunks/25170-0e6181b2ccbbb6c4.js\\\",\\\"3888\\\",\\\"static/chunks/3888-1b80ac3e66e8a62f.js\\\",\\\"71106\\\",\\\"static/chunks/71106-b7535260a328d1a8.js\\\",\\\"3144\\\",\\\"static/chunks/3144-31c3de663d43a81f.js\\\",\\\"1734\\\",\\\"static/chunks/1734-d5af36f0b162a573.js\\\",\\\"45079\\\",\\\"static/chunks/45079-024b7107b15d4084.js\\\",\\\"5985\\\",\\\"static/chunks/5985-c1dc926d4d436766.js\\\",\\\"10756\\\",\\\"static/chunks/10756-daa34ab87965281e.js\\\",\\\"65088\\\",\\\"static/chunks/65088-8591857f52c4c13f.js\\\",\\\"6829\\\",\\\"static/chunks/6829-df03642e9cfbc8f4.js\\\",\\\"40331\\\",\\\"static/chunks/40331-459dbea7989a248e.js\\\",\\\"57028\\\",\\\"static/chunks/57028-3214d72e2a7c9de0.js\\\",\\\"28464\\\",\\\"static/chunks/28464-1f4a9b148a86c8af.js\\\",\\\"13557\\\",\\\"static/chunks/13557-d8c6f4320672188d.js\\\",\\\"57518\\\",\\\"static/chunks/57518-354d9d9eed155c41.js\\\",\\\"56873\\\",\\\"static/chunks/56873-2d1079b450e7f242.js\\\",\\\"80212\\\",\\\"static/chunks/80212-b72efa8ae64f19b5.js\\\",\\\"3556\\\",\\\"static/chunks/3556-d73559aa65408ef1.js\\\",\\\"5590\\\",\\\"static/chunks/5590-d9fabde5f7ff1a3e.js\\\",\\\"51822\\\",\\\"static/chunks/51822-78ff3a66cbc8c8da.js\\\",\\\"81729\\\",\\\"static/chunks/81729-516046754f560fe3.js\\\",\\\"97045\\\",\\\"static/chunks/97045-3066625d43510da3.js\\\",\\\"7177\\\",\\\"static/chunks/app/layout-e98b45b309fcb7a3.js\\\"],\\\"Navbar\\\"]\\n\"])</script><script>self.__next_f.push([1,\"29:I[49255,[],\\\"IconMark\\\"]\\n:HL[\\\"/_next/static/media/5b01f339abf2f1a5.p.woff2\\\",\\\"font\\\",{\\\"crossOrigin\\\":\\\"\\\",\\\"type\\\":\\\"font/woff2\\\"}]\\n:HL[\\\"/_next/static/media/e4af272ccee01ff0-s.p.woff2\\\",\\\"font\\\",{\\\"crossOrigin\\\":\\\"\\\",\\\"type\\\":\\\"font/woff2\\\"}]\\n:HL[\\\"/_next/static/css/cda3af16020f96ba.css\\\",\\\"style\\\"]\\n:HL[\\\"/_next/static/css/23565049b3597e0b.css\\\",\\\"style\\\"]\\n:HL[\\\"/_next/static/css/7f803c4ba0b62a29.css\\\",\\\"style\\\"]\\n\"])</script><script>self.__next_f.push([1,\"0:{\\\"P\\\":null,\\\"b\\\":\\\"033yALtZb2bus48NIwP0A\\\",\\\"p\\\":\\\"\\\",\\\"c\\\":[\\\"\\\",\\\"api\\\",\\\"v1\\\",\\\"v1\\\",\\\"messages\\\"],\\\"i\\\":false,\\\"f\\\":[[[\\\"\\\",{\\\"children\\\":[\\\"/_not-found\\\",{\\\"children\\\":[\\\"__PAGE__\\\",{}]}]},\\\"$undefined\\\",\\\"$undefined\\\",true],[\\\"\\\",[\\\"$\\\",\\\"$1\\\",\\\"c\\\",{\\\"children\\\":[[[\\\"$\\\",\\\"link\\\",\\\"0\\\",{\\\"rel\\\":\\\"stylesheet\\\",\\\"href\\\":\\\"/_next/static/css/cda3af16020f96ba.css\\\",\\\"precedence\\\":\\\"next\\\",\\\"crossOrigin\\\":\\\"$undefined\\\",\\\"nonce\\\":\\\"$undefined\\\"}],[\\\"$\\\",\\\"link\\\",\\\"1\\\",{\\\"rel\\\":\\\"stylesheet\\\",\\\"href\\\":\\\"/_next/static/css/23565049b3597e0b.css\\\",\\\"precedence\\\":\\\"next\\\",\\\"crossOrigin\\\":\\\"$undefined\\\",\\\"nonce\\\":\\\"$undefined\\\"}],[\\\"$\\\",\\\"link\\\",\\\"2\\\",{\\\"rel\\\":\\\"stylesheet\\\",\\\"href\\\":\\\"/_next/static/css/7f803c4ba0b62a29.css\\\",\\\"precedence\\\":\\\"next\\\",\\\"crossOrigin\\\":\\\"$undefined\\\",\\\"nonce\\\":\\\"$undefined\\\"}]],[\\\"$\\\",\\\"html\\\",null,{\\\"lang\\\":\\\"en\\\",\\\"suppressHydrationWarning\\\":true,\\\"children\\\":[\\\"$\\\",\\\"body\\\",null,{\\\"className\\\":\\\"__variable_f367f3 __variable_f910ec font-sans\\\",\\\"children\\\":[[\\\"$\\\",\\\"$L2\\\",null,{}],[\\\"$\\\",\\\"$L3\\\",null,{}],[\\\"$\\\",\\\"$L4\\\",null,{}],[\\\"$\\\",\\\"$L5\\\",null,{\\\"attribute\\\":\\\"class\\\",\\\"defaultTheme\\\":\\\"light\\\",\\\"disableTransitionOnChange\\\":true,\\\"children\\\":[\\\"$\\\",\\\"$L6\\\",null,{\\\"children\\\":[\\\"$\\\",\\\"$L7\\\",null,{\\\"children\\\":[\\\"$\\\",\\\"$L8\\\",null,{\\\"children\\\":[\\\"$\\\",\\\"$L9\\\",null,{\\\"children\\\":[\\\"$\\\",\\\"$La\\\",null,{\\\"children\\\":[\\\"$\\\",\\\"$Lb\\\",null,{\\\"children\\\":[\\\"$\\\",\\\"$Lc\\\",null,{\\\"children\\\":[\\\"$\\\",\\\"$Ld\\\",null,{\\\"children\\\":[[\\\"$\\\",\\\"main\\\",null,{\\\"className\\\":\\\"tabular-nums\\\",\\\"children\\\":[[\\\"$\\\",\\\"$e\\\",null,{\\\"fallback\\\":\\\"$Lf\\\",\\\"children\\\":\\\"$L10\\\"}],[\\\"$\\\",\\\"$e\\\",null,{\\\"children\\\":[[\\\"$\\\",\\\"$L11\\\",null,{}],[\\\"$\\\",\\\"$L12\\\",null,{}],[\\\"$\\\",\\\"$L13\\\",null,{}]]}],[\\\"$\\\",\\\"$L14\\\",null,{\\\"parallelRouterKey\\\":\\\"children\\\",\\\"error\\\":\\\"$undefined\\\",\\\"errorStyles\\\":\\\"$undefined\\\",\\\"errorScripts\\\":\\\"$undefined\\\",\\\"template\\\":[\\\"$\\\",\\\"$L15\\\",null,{}],\\\"templateStyles\\\":\\\"$undefined\\\",\\\"templateScripts\\\":\\\"$undefined\\\",\\\"notFound\\\":[[\\\"$\\\",\\\"div\\\",null,{\\\"className\\\":\\\"flex flex-col items-center justify-center bg-background text-foreground\\\",\\\"children\\\":[[\\\"$\\\",\\\"div\\\",null,{\\\"className\\\":\\\"relative z-0 transition-all border-border/50 md:border-r h-[calc(100dvh-4rem)] md:h-[calc(100dvh-5.25rem)] main-content-container items-center justify-center flex flex-col gap-4\\\",\\\"ref\\\":\\\"$undefined\\\",\\\"children\\\":[[\\\"$\\\",\\\"h2\\\",null,{\\\"className\\\":\\\"flex w-96 items-center justify-between gap-2\\\",\\\"children\\\":[[\\\"$\\\",\\\"$L16\\\",null,{\\\"className\\\":\\\"flex-1 bg-gradient-to-r from-background via-background to-border\\\"}],[\\\"$\\\",\\\"span\\\",null,{\\\"children\\\":\\\"404: Not Found\\\"}],[\\\"$\\\",\\\"$L16\\\",null,{\\\"className\\\":\\\"flex-1 bg-gradient-to-l from-background via-background to-border\\\"}]]}],[\\\"$\\\",\\\"div\\\",null,{\\\"className\\\":\\\"flex flex-col gap-8 md:flex-row\\\",\\\"children\\\":[[\\\"$\\\",\\\"$L17\\\",null,{\\\"href\\\":\\\"/\\\",\\\"className\\\":\\\"self-start\\\",\\\"children\\\":[\\\"$\\\",\\\"button\\\",null,{\\\"className\\\":\\\"items-center justify-center whitespace-nowrap font-medium transition-colors focus-visible:outline-none disabled:pointer-events-none disabled:opacity-50 focus-visible:ring-1 focus-visible:ring-ring bg-secondary text-secondary-foreground shadow-sm hover:bg-secondary/80 hover:text-secondary-foreground h-8 rounded-md px-3 text-xs group flex gap-2\\\",\\\"ref\\\":\\\"$undefined\\\",\\\"disabled\\\":\\\"$undefined\\\",\\\"children\\\":[[\\\"$\\\",\\\"svg\\\",null,{\\\"xmlns\\\":\\\"http://www.w3.org/2000/svg\\\",\\\"fill\\\":\\\"none\\\",\\\"viewBox\\\":\\\"0 0 24 24\\\",\\\"strokeWidth\\\":1.5,\\\"stroke\\\":\\\"currentColor\\\",\\\"aria-hidden\\\":\\\"true\\\",\\\"data-slot\\\":\\\"icon\\\",\\\"ref\\\":\\\"$undefined\\\",\\\"aria-labelledby\\\":\\\"$undefined\\\",\\\"className\\\":\\\"size-4 transition-transform group-hover:-translate-x-1\\\",\\\"children\\\":[null,[\\\"$\\\",\\\"path\\\",null,{\\\"strokeLinecap\\\":\\\"round\\\",\\\"strokeLinejoin\\\":\\\"round\\\",\\\"d\\\":\\\"M10.5 19.5 3 12m0 0 7.5-7.5M3 12h18\\\"}]]}],\\\"Go Home\\\"]}]}],[\\\"$\\\",\\\"$L17\\\",null,{\\\"href\\\":\\\"/models\\\",\\\"className\\\":\\\"self-end\\\",\\\"children\\\":[\\\"$\\\",\\\"button\\\",null,{\\\"className\\\":\\\"items-center justify-center whitespace-nowrap font-medium transition-colors focus-visible:outline-none disabled:pointer-events-none disabled:opacity-50 focus-visible:ring-1 focus-visible:ring-ring bg-secondary text-secondary-foreground shadow-sm hover:bg-secondary/80 hover:text-secondary-foreground h-8 rounded-md px-3 text-xs group flex gap-2\\\",\\\"ref\\\":\\\"$undefined\\\",\\\"disabled\\\":\\\"$undefined\\\",\\\"children\\\":[\\\"Browse Models\\\",[\\\"$\\\",\\\"svg\\\",null,{\\\"xmlns\\\":\\\"http://www.w3.org/2000/svg\\\",\\\"fill\\\":\\\"none\\\",\\\"viewBox\\\":\\\"0 0 24 24\\\",\\\"strokeWidth\\\":1.5,\\\"stroke\\\":\\\"currentColor\\\",\\\"aria-hidden\\\":\\\"true\\\",\\\"data-slot\\\":\\\"icon\\\",\\\"ref\\\":\\\"$undefined\\\",\\\"aria-labelledby\\\":\\\"$undefined\\\",\\\"className\\\":\\\"size-4 transition-transform group-hover:translate-x-1\\\",\\\"children\\\":[null,[\\\"$\\\",\\\"path\\\",null,{\\\"strokeLinecap\\\":\\\"round\\\",\\\"strokeLinejoin\\\":\\\"round\\\",\\\"d\\\":\\\"M13.5 4.5 21 12m0 0-7.5 7.5M21 12H3\\\"}]]}]]}]}]]}]]}],[\\\"$\\\",\\\"$L18\\\",null,{}]]}],[]],\\\"forbidden\\\":\\\"$undefined\\\",\\\"unauthorized\\\":\\\"$undefined\\\"}]]}],[\\\"$\\\",\\\"div\\\",null,{\\\"id\\\":\\\"portal-container\\\"}],[\\\"$\\\",\\\"$L19\\\",null,{}],[\\\"$\\\",\\\"$L1a\\\",null,{}]]}]}]}]}]}]}]}]}]}]]}]}]]}],{\\\"children\\\":[\\\"/_not-found\\\",[\\\"$\\\",\\\"$1\\\",\\\"c\\\",{\\\"children\\\":[null,[\\\"$\\\",\\\"$L14\\\",null,{\\\"parallelRouterKey\\\":\\\"children\\\",\\\"error\\\":\\\"$undefined\\\",\\\"errorStyles\\\":\\\"$undefined\\\",\\\"errorScripts\\\":\\\"$undefined\\\",\\\"template\\\":[\\\"$\\\",\\\"$L15\\\",null,{}],\\\"templateStyles\\\":\\\"$undefined\\\",\\\"templateScripts\\\":\\\"$undefined\\\",\\\"notFound\\\":\\\"$undefined\\\",\\\"forbidden\\\":\\\"$undefined\\\",\\\"unauthorized\\\":\\\"$undefined\\\"}]]}],{\\\"children\\\":[\\\"__PAGE__\\\",[\\\"$\\\",\\\"$1\\\",\\\"c\\\",{\\\"children\\\":[\\\"$L1b\\\",null,\\\"$L1c\\\"]}],{},null,false]},null,false]},[\\\"$L1d\\\",[],[]],false],\\\"$L1e\\\",false]],\\\"m\\\":\\\"$undefined\\\",\\\"G\\\":[\\\"$1f\\\",[]],\\\"s\\\":false,\\\"S\\\":false}\\n\"])</script><script>self.__next_f.push([1,\"1b:[\\\"$\\\",\\\"div\\\",null,{\\\"className\\\":\\\"flex flex-col items-center justify-center bg-background text-foreground\\\",\\\"children\\\":[[\\\"$\\\",\\\"div\\\",null,{\\\"className\\\":\\\"relative z-0 transition-all border-border/50 md:border-r h-[calc(100dvh-4rem)] md:h-[calc(100dvh-5.25rem)] main-content-container items-center justify-center flex flex-col gap-4\\\",\\\"ref\\\":\\\"$undefined\\\",\\\"children\\\":[[\\\"$\\\",\\\"h2\\\",null,{\\\"className\\\":\\\"flex w-96 items-center justify-between gap-2\\\",\\\"children\\\":[[\\\"$\\\",\\\"$L16\\\",null,{\\\"className\\\":\\\"flex-1 bg-gradient-to-r from-background via-background to-border\\\"}],[\\\"$\\\",\\\"span\\\",null,{\\\"children\\\":\\\"404: Not Found\\\"}],[\\\"$\\\",\\\"$L16\\\",null,{\\\"className\\\":\\\"flex-1 bg-gradient-to-l from-background via-background to-border\\\"}]]}],[\\\"$\\\",\\\"div\\\",null,{\\\"className\\\":\\\"flex flex-col gap-8 md:flex-row\\\",\\\"children\\\":[[\\\"$\\\",\\\"$L17\\\",null,{\\\"href\\\":\\\"/\\\",\\\"className\\\":\\\"self-start\\\",\\\"children\\\":[\\\"$\\\",\\\"button\\\",null,{\\\"className\\\":\\\"items-center justify-center whitespace-nowrap font-medium transition-colors focus-visible:outline-none disabled:pointer-events-none disabled:opacity-50 focus-visible:ring-1 focus-visible:ring-ring bg-secondary text-secondary-foreground shadow-sm hover:bg-secondary/80 hover:text-secondary-foreground h-8 rounded-md px-3 text-xs group flex gap-2\\\",\\\"ref\\\":\\\"$undefined\\\",\\\"disabled\\\":\\\"$undefined\\\",\\\"children\\\":[[\\\"$\\\",\\\"svg\\\",null,{\\\"xmlns\\\":\\\"http://www.w3.org/2000/svg\\\",\\\"fill\\\":\\\"none\\\",\\\"viewBox\\\":\\\"0 0 24 24\\\",\\\"strokeWidth\\\":1.5,\\\"stroke\\\":\\\"currentColor\\\",\\\"aria-hidden\\\":\\\"true\\\",\\\"data-slot\\\":\\\"icon\\\",\\\"ref\\\":\\\"$undefined\\\",\\\"aria-labelledby\\\":\\\"$undefined\\\",\\\"className\\\":\\\"size-4 transition-transform group-hover:-translate-x-1\\\",\\\"children\\\":[null,[\\\"$\\\",\\\"path\\\",null,{\\\"strokeLinecap\\\":\\\"round\\\",\\\"strokeLinejoin\\\":\\\"round\\\",\\\"d\\\":\\\"M10.5 19.5 3 12m0 0 7.5-7.5M3 12h18\\\"}]]}],\\\"Go Home\\\"]}]}],[\\\"$\\\",\\\"$L17\\\",null,{\\\"href\\\":\\\"/models\\\",\\\"className\\\":\\\"self-end\\\",\\\"children\\\":[\\\"$\\\",\\\"button\\\",null,{\\\"className\\\":\\\"items-center justify-center whitespace-nowrap font-medium transition-colors focus-visible:outline-none disabled:pointer-events-none disabled:opacity-50 focus-visible:ring-1 focus-visible:ring-ring bg-secondary text-secondary-foreground shadow-sm hover:bg-secondary/80 hover:text-secondary-foreground h-8 rounded-md px-3 text-xs group flex gap-2\\\",\\\"ref\\\":\\\"$undefined\\\",\\\"disabled\\\":\\\"$undefined\\\",\\\"children\\\":[\\\"Browse Models\\\",[\\\"$\\\",\\\"svg\\\",null,{\\\"xmlns\\\":\\\"http://www.w3.org/2000/svg\\\",\\\"fill\\\":\\\"none\\\",\\\"viewBox\\\":\\\"0 0 24 24\\\",\\\"strokeWidth\\\":1.5,\\\"stroke\\\":\\\"currentColor\\\",\\\"aria-hidden\\\":\\\"true\\\",\\\"data-slot\\\":\\\"icon\\\",\\\"ref\\\":\\\"$undefined\\\",\\\"aria-labelledby\\\":\\\"$undefined\\\",\\\"className\\\":\\\"size-4 transition-transform group-hover:translate-x-1\\\",\\\"children\\\":[null,[\\\"$\\\",\\\"path\\\",null,{\\\"strokeLinecap\\\":\\\"round\\\",\\\"strokeLinejoin\\\":\\\"round\\\",\\\"d\\\":\\\"M13.5 4.5 21 12m0 0-7.5 7.5M21 12H3\\\"}]]}]]}]}]]}]]}],[\\\"$\\\",\\\"$L18\\\",null,{}]]}]\\n\"])</script><script>self.__next_f.push([1,\"1c:[\\\"$\\\",\\\"$L20\\\",null,{\\\"children\\\":[\\\"$L21\\\",\\\"$L22\\\"]}]\\n1d:[\\\"$\\\",\\\"div\\\",\\\"l\\\",{\\\"className\\\":\\\"flex flex-col items-center min-h-[calc(100vh-80px)] w-full md:min-h-screen\\\"}]\\n1e:[\\\"$\\\",\\\"$1\\\",\\\"h\\\",{\\\"children\\\":[[\\\"$\\\",\\\"meta\\\",null,{\\\"name\\\":\\\"robots\\\",\\\"content\\\":\\\"noindex\\\"}],[[\\\"$\\\",\\\"$L23\\\",null,{\\\"children\\\":\\\"$L24\\\"}],[\\\"$\\\",\\\"meta\\\",null,{\\\"name\\\":\\\"next-size-adjust\\\",\\\"content\\\":\\\"\\\"}]],[\\\"$\\\",\\\"$L25\\\",null,{\\\"children\\\":\\\"$L26\\\"}]]}]\\n\"])</script><script>self.__next_f.push([1,\"f:[\\\"$\\\",\\\"nav\\\",null,{\\\"id\\\":\\\"main-nav\\\",\\\"className\\\":\\\"sticky top-0 z-40 bg-background w-full\\\",\\\"children\\\":[\\\"$\\\",\\\"div\\\",null,{\\\"className\\\":\\\"mx-auto w-full px-6 py-3.5 lg:py-6 max-w-screen-4xl\\\",\\\"children\\\":[\\\"$\\\",\\\"div\\\",null,{\\\"className\\\":\\\"align-center relative flex flex-row justify-between text-sm md:text-base\\\",\\\"children\\\":[[\\\"$\\\",\\\"div\\\",null,{\\\"className\\\":\\\"flex flex-1 items-center gap-4\\\",\\\"children\\\":[[\\\"$\\\",\\\"$L27\\\",null,{\\\"href\\\":\\\"/\\\",\\\"children\\\":[\\\"$\\\",\\\"span\\\",null,{\\\"className\\\":\\\"flex items-center gap-2 text-base transform cursor-pointer font-medium duration-100 ease-in-out fill-current stroke-current\\\",\\\"children\\\":[[\\\"$\\\",\\\"svg\\\",null,{\\\"width\\\":\\\"100%\\\",\\\"height\\\":\\\"100%\\\",\\\"viewBox\\\":\\\"0 0 512 512\\\",\\\"xmlns\\\":\\\"http://www.w3.org/2000/svg\\\",\\\"className\\\":\\\"size-4\\\",\\\"fill\\\":\\\"currentColor\\\",\\\"stroke\\\":\\\"currentColor\\\",\\\"role\\\":\\\"img\\\",\\\"aria-label\\\":\\\"Logo\\\",\\\"children\\\":[[\\\"$\\\",\\\"path\\\",null,{\\\"d\\\":\\\"M3 248.945C18 248.945 76 236 106 219C136 202 136 202 198 158C276.497 102.293 332 120.945 423 120.945\\\",\\\"strokeWidth\\\":\\\"90\\\"}],[\\\"$\\\",\\\"path\\\",null,{\\\"d\\\":\\\"M511 121.5L357.25 210.268L357.25 32.7324L511 121.5Z\\\"}],[\\\"$\\\",\\\"path\\\",null,{\\\"d\\\":\\\"M0 249C15 249 73 261.945 103 278.945C133 295.945 133 295.945 195 339.945C273.497 395.652 329 377 420 377\\\",\\\"strokeWidth\\\":\\\"90\\\"}],[\\\"$\\\",\\\"path\\\",null,{\\\"d\\\":\\\"M508 376.445L354.25 287.678L354.25 465.213L508 376.445Z\\\"}]]}],\\\"OpenRouter\\\"]}]}],[[\\\"$\\\",\\\"div\\\",null,{\\\"className\\\":\\\"hidden md:flex h-9 w-[386px] items-center gap-2 rounded-md bg-slate-3 text-slate-11 opacity-60\\\",\\\"children\\\":[[\\\"$\\\",\\\"svg\\\",null,{\\\"xmlns\\\":\\\"http://www.w3.org/2000/svg\\\",\\\"viewBox\\\":\\\"0 0 24 24\\\",\\\"fill\\\":\\\"currentColor\\\",\\\"aria-hidden\\\":\\\"true\\\",\\\"data-slot\\\":\\\"icon\\\",\\\"ref\\\":\\\"$undefined\\\",\\\"aria-labelledby\\\":\\\"$undefined\\\",\\\"className\\\":\\\"ml-3 size-4 shrink-0 text-muted-foreground\\\",\\\"children\\\":[null,[\\\"$\\\",\\\"path\\\",null,{\\\"fillRule\\\":\\\"evenodd\\\",\\\"d\\\":\\\"M10.5 3.75a6.75 6.75 0 1 0 0 13.5 6.75 6.75 0 0 0 0-13.5ZM2.25 10.5a8.25 8.25 0 1 1 14.59 5.28l4.69 4.69a.75.75 0 1 1-1.06 1.06l-4.69-4.69A8.25 8.25 0 0 1 2.25 10.5Z\\\",\\\"clipRule\\\":\\\"evenodd\\\"}]]}],[\\\"$\\\",\\\"span\\\",null,{\\\"className\\\":\\\"flex-1 text-sm text-muted-foreground\\\",\\\"children\\\":\\\"Search\\\"}],[\\\"$\\\",\\\"kbd\\\",null,{\\\"className\\\":\\\"flex items-center justify-center aspect-square h-4 w-4 p-1 pointer-events-none rounded-sm bg-border text-xs text-muted-foreground mr-3.5\\\",\\\"children\\\":\\\"/\\\"}]]}],[\\\"$\\\",\\\"div\\\",null,{\\\"className\\\":\\\"md:hidden flex size-9 items-center justify-center opacity-60\\\",\\\"children\\\":[\\\"$\\\",\\\"svg\\\",null,{\\\"xmlns\\\":\\\"http://www.w3.org/2000/svg\\\",\\\"viewBox\\\":\\\"0 0 24 24\\\",\\\"fill\\\":\\\"currentColor\\\",\\\"aria-hidden\\\":\\\"true\\\",\\\"data-slot\\\":\\\"icon\\\",\\\"ref\\\":\\\"$undefined\\\",\\\"aria-labelledby\\\":\\\"$undefined\\\",\\\"className\\\":\\\"size-4 text-muted-foreground\\\",\\\"children\\\":[null,[\\\"$\\\",\\\"path\\\",null,{\\\"fillRule\\\":\\\"evenodd\\\",\\\"d\\\":\\\"M10.5 3.75a6.75 6.75 0 1 0 0 13.5 6.75 6.75 0 0 0 0-13.5ZM2.25 10.5a8.25 8.25 0 1 1 14.59 5.28l4.69 4.69a.75.75 0 1 1-1.06 1.06l-4.69-4.69A8.25 8.25 0 0 1 2.25 10.5Z\\\",\\\"clipRule\\\":\\\"evenodd\\\"}]]}]}]]]}],[\\\"$\\\",\\\"div\\\",null,{\\\"className\\\":\\\"hidden lg:flex lg:gap-1 text-sm items-center\\\",\\\"children\\\":[[\\\"$\\\",\\\"$L27\\\",null,{\\\"href\\\":\\\"/models\\\",\\\"children\\\":\\\"Models\\\"}],[\\\"$\\\",\\\"$L27\\\",null,{\\\"href\\\":\\\"/chat\\\",\\\"children\\\":\\\"Chat\\\"}],[\\\"$\\\",\\\"$L27\\\",null,{\\\"href\\\":\\\"/rankings\\\",\\\"children\\\":\\\"Rankings\\\"}],[\\\"$\\\",\\\"$L27\\\",null,{\\\"href\\\":\\\"/apps\\\",\\\"children\\\":\\\"Apps\\\"}],[[\\\"$\\\",\\\"$L27\\\",null,{\\\"href\\\":\\\"/enterprise\\\",\\\"children\\\":\\\"Enterprise\\\"}],[\\\"$\\\",\\\"$L27\\\",null,{\\\"href\\\":\\\"/pricing\\\",\\\"children\\\":\\\"Pricing\\\"}]],[\\\"$\\\",\\\"$L27\\\",null,{\\\"href\\\":\\\"/docs/quickstart\\\",\\\"children\\\":\\\"Docs\\\"}],[\\\"$\\\",\\\"div\\\",null,{\\\"className\\\":\\\"flex w-24 justify-end\\\",\\\"children\\\":[\\\"$\\\",\\\"div\\\",null,{\\\"className\\\":\\\"animate-pulse bg-muted h-9 w-full rounded-full\\\"}]}]]}],[\\\"$\\\",\\\"div\\\",null,{\\\"className\\\":\\\"lg:hidden flex flex-1 justify-end gap-1\\\",\\\"children\\\":[\\\"$\\\",\\\"div\\\",null,{\\\"className\\\":\\\"flex w-24 justify-end\\\",\\\"children\\\":[[\\\"$\\\",\\\"div\\\",null,{\\\"className\\\":\\\"animate-pulse rounded-md bg-muted h-9 flex-1 rounded-l-full\\\"}],[\\\"$\\\",\\\"div\\\",null,{\\\"className\\\":\\\"animate-pulse rounded-md bg-muted h-9 w-10 rounded-r-full\\\"}]]}]}]]}]}]}]\\n\"])</script><script>self.__next_f.push([1,\"10:[\\\"$\\\",\\\"$L28\\\",null,{\\\"initialIsSignedIn\\\":false,\\\"initialIsAdmin\\\":false,\\\"initialUserImageUrl\\\":\\\"$undefined\\\",\\\"initialUserName\\\":\\\"$undefined\\\"}]\\n24:[[\\\"$\\\",\\\"meta\\\",\\\"0\\\",{\\\"charSet\\\":\\\"utf-8\\\"}],[\\\"$\\\",\\\"meta\\\",\\\"1\\\",{\\\"name\\\":\\\"viewport\\\",\\\"content\\\":\\\"width=device-width, initial-scale=1, minimum-scale=1\\\"}],[\\\"$\\\",\\\"meta\\\",\\\"2\\\",{\\\"name\\\":\\\"theme-color\\\",\\\"media\\\":\\\"(prefers-color-scheme: light)\\\",\\\"content\\\":\\\"rgb(255, 255, 255)\\\"}],[\\\"$\\\",\\\"meta\\\",\\\"3\\\",{\\\"name\\\":\\\"theme-color\\\",\\\"media\\\":\\\"(prefers-color-scheme: dark)\\\",\\\"content\\\":\\\"rgb(9, 10, 11)\\\"}]]\\n21:null\\n22:null\\n\"])</script><script>self.__next_f.push([1,\"26:[[\\\"$\\\",\\\"title\\\",\\\"0\\\",{\\\"children\\\":\\\"Not Found | OpenRouter\\\"}],[\\\"$\\\",\\\"meta\\\",\\\"1\\\",{\\\"name\\\":\\\"description\\\",\\\"content\\\":\\\"The page you are looking for does not exist\\\"}],[\\\"$\\\",\\\"link\\\",\\\"2\\\",{\\\"rel\\\":\\\"manifest\\\",\\\"href\\\":\\\"/manifest.webmanifest\\\",\\\"crossOrigin\\\":\\\"$undefined\\\"}],[\\\"$\\\",\\\"meta\\\",\\\"3\\\",{\\\"name\\\":\\\"openrouter:commit-sha\\\",\\\"content\\\":\\\"20b0d44554f8066370e22e60c99dd6436acd860c\\\"}],[\\\"$\\\",\\\"meta\\\",\\\"4\\\",{\\\"property\\\":\\\"og:title\\\",\\\"content\\\":\\\"Not Found | OpenRouter\\\"}],[\\\"$\\\",\\\"meta\\\",\\\"5\\\",{\\\"property\\\":\\\"og:description\\\",\\\"content\\\":\\\"The page you are looking for does not exist\\\"}],[\\\"$\\\",\\\"meta\\\",\\\"6\\\",{\\\"property\\\":\\\"og:url\\\",\\\"content\\\":\\\"https://openrouter.ai\\\"}],[\\\"$\\\",\\\"meta\\\",\\\"7\\\",{\\\"property\\\":\\\"og:site_name\\\",\\\"content\\\":\\\"OpenRouter\\\"}],[\\\"$\\\",\\\"meta\\\",\\\"8\\\",{\\\"property\\\":\\\"og:image\\\",\\\"content\\\":\\\"https://openrouter.ai/dynamic-og?pathname=not-found\\u0026title=Not+Found\\u0026description=The+page+you+are+looking+for+does+not+exist\\\"}],[\\\"$\\\",\\\"meta\\\",\\\"9\\\",{\\\"name\\\":\\\"twitter:card\\\",\\\"content\\\":\\\"summary_large_image\\\"}],[\\\"$\\\",\\\"meta\\\",\\\"10\\\",{\\\"name\\\":\\\"twitter:site\\\",\\\"content\\\":\\\"@openrouter\\\"}],[\\\"$\\\",\\\"meta\\\",\\\"11\\\",{\\\"name\\\":\\\"twitter:title\\\",\\\"content\\\":\\\"Not Found | OpenRouter\\\"}],[\\\"$\\\",\\\"meta\\\",\\\"12\\\",{\\\"name\\\":\\\"twitter:description\\\",\\\"content\\\":\\\"The page you are looking for does not exist\\\"}],[\\\"$\\\",\\\"meta\\\",\\\"13\\\",{\\\"name\\\":\\\"twitter:image\\\",\\\"content\\\":\\\"https://openrouter.ai/dynamic-og?pathname=not-found\\u0026title=Not+Found\\u0026description=The+page+you+are+looking+for+does+not+exist\\\"}],[\\\"$\\\",\\\"link\\\",\\\"14\\\",{\\\"rel\\\":\\\"icon\\\",\\\"href\\\":\\\"/favicon.ico\\\",\\\"type\\\":\\\"image/x-icon\\\",\\\"sizes\\\":\\\"16x16\\\"}],[\\\"$\\\",\\\"link\\\",\\\"15\\\",{\\\"rel\\\":\\\"icon\\\",\\\"href\\\":\\\"/favicon.ico\\\"}],[\\\"$\\\",\\\"$L29\\\",\\\"16\\\",{}]]\\n\"])</script></body></html>. Retrying in 4s","timestamp":"2026-03-07T11:01:37.508Z"}
{"context":"API","level":"info","message":"GET /api/pipeline/runs","timestamp":"2026-03-07T11:01:38.128Z"}
{"context":"API","level":"info","message":"GET /api/pipeline/status/run_1772881292782","timestamp":"2026-03-07T11:01:39.125Z"}
{"context":"API","level":"info","message":"GET /api/pipeline/status/run_1772881292782","timestamp":"2026-03-07T11:01:42.122Z"}
{"context":"StrategyClassifier","level":"error","message":"  [1/2] ✖ Kaldan Samudhra Palace : 404 <!DOCTYPE html><html lang=\"en\"><head><meta charSet=\"utf-8\"/><meta name=\"viewport\" content=\"width=device-width, initial-scale=1, minimum-scale=1\"/><link rel=\"stylesheet\" href=\"/_next/static/css/cda3af16020f96ba.css\" data-precedence=\"next\"/><link rel=\"stylesheet\" href=\"/_next/static/css/23565049b3597e0b.css\" data-precedence=\"next\"/><link rel=\"stylesheet\" href=\"/_next/static/css/7f803c4ba0b62a29.css\" data-precedence=\"next\"/><link rel=\"preload\" as=\"script\" fetchPriority=\"low\" href=\"/_next/static/chunks/webpack-10ba58d93e371456.js\"/><script src=\"/_next/static/chunks/9ba4270a-e6f67529ac26615d.js\" async=\"\"></script><script src=\"/_next/static/chunks/92a4cbe8-e405d44926c37b73.js\" async=\"\"></script><script src=\"/_next/static/chunks/60384-70e3fa1342d029c7.js\" async=\"\"></script><script src=\"/_next/static/chunks/46437-de717c850179876b.js\" async=\"\"></script><script src=\"/_next/static/chunks/main-app-0bba5adccdad5b04.js\" async=\"\"></script><script src=\"/_next/static/chunks/25170-0e6181b2ccbbb6c4.js\" async=\"\"></script><script src=\"/_next/static/chunks/3888-1b80ac3e66e8a62f.js\" async=\"\"></script><script src=\"/_next/static/chunks/71106-b7535260a328d1a8.js\" async=\"\"></script><script src=\"/_next/static/chunks/3144-31c3de663d43a81f.js\" async=\"\"></script><script src=\"/_next/static/chunks/1734-d5af36f0b162a573.js\" async=\"\"></script><script src=\"/_next/static/chunks/45079-024b7107b15d4084.js\" async=\"\"></script><script src=\"/_next/static/chunks/5985-c1dc926d4d436766.js\" async=\"\"></script><script src=\"/_next/static/chunks/10756-daa34ab87965281e.js\" async=\"\"></script><script src=\"/_next/static/chunks/65088-8591857f52c4c13f.js\" async=\"\"></script><script src=\"/_next/static/chunks/6829-df03642e9cfbc8f4.js\" async=\"\"></script><script src=\"/_next/static/chunks/40331-459dbea7989a248e.js\" async=\"\"></script><script src=\"/_next/static/chunks/57028-3214d72e2a7c9de0.js\" async=\"\"></script><script src=\"/_next/static/chunks/28464-1f4a9b148a86c8af.js\" async=\"\"></script><script src=\"/_next/static/chunks/13557-d8c6f4320672188d.js\" async=\"\"></script><script src=\"/_next/static/chunks/57518-354d9d9eed155c41.js\" async=\"\"></script><script src=\"/_next/static/chunks/56873-2d1079b450e7f242.js\" async=\"\"></script><script src=\"/_next/static/chunks/80212-b72efa8ae64f19b5.js\" async=\"\"></script><script src=\"/_next/static/chunks/3556-d73559aa65408ef1.js\" async=\"\"></script><script src=\"/_next/static/chunks/5590-d9fabde5f7ff1a3e.js\" async=\"\"></script><script src=\"/_next/static/chunks/51822-78ff3a66cbc8c8da.js\" async=\"\"></script><script src=\"/_next/static/chunks/81729-516046754f560fe3.js\" async=\"\"></script><script src=\"/_next/static/chunks/97045-3066625d43510da3.js\" async=\"\"></script><script src=\"/_next/static/chunks/app/layout-e98b45b309fcb7a3.js\" async=\"\"></script><script src=\"/_next/static/chunks/28151-9b975e06dd078d6b.js\" async=\"\"></script><script src=\"/_next/static/chunks/98761-1f1e4035f9cea0b6.js\" async=\"\"></script><script src=\"/_next/static/chunks/app/not-found-f7bb3c9b82a096e3.js\" async=\"\"></script><script src=\"/_next/static/chunks/32584-2052ed6c9ce94184.js\" async=\"\"></script><script src=\"/_next/static/chunks/5630-2ea83c9c3d616ebc.js\" async=\"\"></script><script src=\"/_next/static/chunks/32304-a9fecde38fba538e.js\" async=\"\"></script><script src=\"/_next/static/chunks/app/(user)/layout-3c15428b358026f7.js\" async=\"\"></script><script src=\"/_next/static/chunks/app/(static)/layout-007d563104356e66.js\" async=\"\"></script><script src=\"/_next/static/chunks/app/global-error-f927dfe9743bca16.js\" async=\"\"></script><script src=\"https://clerk.openrouter.ai/npm/@clerk/clerk-js@5/dist/clerk.browser.js\" data-clerk-js-script=\"true\" async=\"\" crossorigin=\"anonymous\" data-clerk-publishable-key=\"pk_live_Y2xlcmsub3BlbnJvdXRlci5haSQ\"></script><meta name=\"robots\" content=\"noindex\"/><meta name=\"next-size-adjust\" content=\"\"/><meta name=\"theme-color\" media=\"(prefers-color-scheme: light)\" content=\"rgb(255, 255, 255)\"/><meta name=\"theme-color\" media=\"(prefers-color-scheme: dark)\" content=\"rgb(9, 10, 11)\"/><title>Not Found | OpenRouter</title><meta name=\"description\" content=\"The page you are looking for does not exist\"/><link rel=\"manifest\" href=\"/manifest.webmanifest\"/><meta name=\"openrouter:commit-sha\" content=\"20b0d44554f8066370e22e60c99dd6436acd860c\"/><meta property=\"og:title\" content=\"Not Found | OpenRouter\"/><meta property=\"og:description\" content=\"The page you are looking for does not exist\"/><meta property=\"og:url\" content=\"https://openrouter.ai\"/><meta property=\"og:site_name\" content=\"OpenRouter\"/><meta property=\"og:image\" content=\"https://openrouter.ai/dynamic-og?pathname=not-found&amp;title=Not+Found&amp;description=The+page+you+are+looking+for+does+not+exist\"/><meta name=\"twitter:card\" content=\"summary_large_image\"/><meta name=\"twitter:site\" content=\"@openrouter\"/><meta name=\"twitter:title\" content=\"Not Found | OpenRouter\"/><meta name=\"twitter:description\" content=\"The page you are looking for does not exist\"/><meta name=\"twitter:image\" content=\"https://openrouter.ai/dynamic-og?pathname=not-found&amp;title=Not+Found&amp;description=The+page+you+are+looking+for+does+not+exist\"/><link rel=\"icon\" href=\"/favicon.ico\" type=\"image/x-icon\" sizes=\"16x16\"/><link rel=\"icon\" href=\"/favicon.ico\"/><script async=\"\" src=\"https://www.googletagmanager.com/gtag/js?id=G-R8YZRJS2XN\"></script><script src=\"/_next/static/chunks/polyfills-42372ed130431b0a.js\" noModule=\"\"></script><script>\n            window.dataLayer = window.dataLayer || [];\n            function gtag(){dataLayer.push(arguments);}\n            gtag('js', new Date());\n            gtag('config', 'G-R8YZRJS2XN');\n          </script></head><body class=\"__variable_f367f3 __variable_f910ec font-sans\"><style>\n:root {\n  --bprogress-color: hsl(var(--primary));\n  --bprogress-height: 2px;\n  --bprogress-spinner-size: 18px;\n  --bprogress-spinner-animation-duration: 400ms;\n  --bprogress-spinner-border-size: 2px;\n  --bprogress-box-shadow: 0 0 10px hsl(var(--primary)), 0 0 5px hsl(var(--primary));\n  --bprogress-z-index: 99999;\n  --bprogress-spinner-top: 15px;\n  --bprogress-spinner-bottom: auto;\n  --bprogress-spinner-right: 15px;\n  --bprogress-spinner-left: auto;\n}\n\n.bprogress {\n  width: 0;\n  height: 0;\n  pointer-events: none;\n  z-index: var(--bprogress-z-index);\n}\n\n.bprogress .bar {\n  background: var(--bprogress-color);\n  position: fixed;\n  z-index: var(--bprogress-z-index);\n  top: 0;\n  left: 0;\n  width: 100%;\n  height: var(--bprogress-height);\n}\n\n/* Fancy blur effect */\n.bprogress .peg {\n  display: block;\n  position: absolute;\n  right: 0;\n  width: 100px;\n  height: 100%;\n  box-shadow: var(--bprogress-box-shadow);\n  opacity: 1.0;\n  transform: rotate(3deg) translate(0px, -4px);\n}\n\n/* Remove these to get rid of the spinner */\n.bprogress .spinner {\n  display: block;\n  position: fixed;\n  z-index: var(--bprogress-z-index);\n  top: var(--bprogress-spinner-top);\n  bottom: var(--bprogress-spinner-bottom);\n  right: var(--bprogress-spinner-right);\n  left: var(--bprogress-spinner-left);\n}\n\n.bprogress .spinner-icon {\n  width: var(--bprogress-spinner-size);\n  height: var(--bprogress-spinner-size);\n  box-sizing: border-box;\n  border: solid var(--bprogress-spinner-border-size) transparent;\n  border-top-color: var(--bprogress-color);\n  border-left-color: var(--bprogress-color);\n  border-radius: 50%;\n  -webkit-animation: bprogress-spinner var(--bprogress-spinner-animation-duration) linear infinite;\n  animation: bprogress-spinner var(--bprogress-spinner-animation-duration) linear infinite;\n}\n\n.bprogress-custom-parent {\n  overflow: hidden;\n  position: relative;\n}\n\n.bprogress-custom-parent .bprogress .spinner,\n.bprogress-custom-parent .bprogress .bar {\n  position: absolute;\n}\n\n.bprogress .indeterminate {\n  position: fixed;\n  top: 0;\n  left: 0;\n  width: 100%;\n  height: var(--bprogress-height);\n  overflow: hidden;\n}\n\n.bprogress .indeterminate .inc,\n.bprogress .indeterminate .dec {\n  position: absolute;\n  top: 0;\n  height: 100%;\n  background-color: var(--bprogress-color);\n}\n\n.bprogress .indeterminate .inc {\n  animation: bprogress-indeterminate-increase 2s infinite;\n}\n\n.bprogress .indeterminate .dec {\n  animation: bprogress-indeterminate-decrease 2s 0.5s infinite;\n}\n\n@-webkit-keyframes bprogress-spinner {\n  0%   { -webkit-transform: rotate(0deg); transform: rotate(0deg); }\n  100% { -webkit-transform: rotate(360deg); transform: rotate(360deg); }\n}\n\n@keyframes bprogress-spinner {\n  0%   { transform: rotate(0deg); }\n  100% { transform: rotate(360deg); }\n}\n\n@keyframes bprogress-indeterminate-increase {\n  from { left: -5%; width: 5%; }\n  to { left: 130%; width: 100%; }\n}\n\n@keyframes bprogress-indeterminate-decrease {\n  from { left: -80%; width: 80%; }\n  to { left: 110%; width: 10%; }\n}\n</style><!--$--><!--/$--><script>((a,b,c,d,e,f,g,h)=>{let i=document.documentElement,j=[\"light\",\"dark\"];function k(b){var c;(Array.isArray(a)?a:[a]).forEach(a=>{let c=\"class\"===a,d=c&&f?e.map(a=>f[a]||a):e;c?(i.classList.remove(...d),i.classList.add(f&&f[b]?f[b]:b)):i.setAttribute(a,b)}),c=b,h&&j.includes(c)&&(i.style.colorScheme=c)}if(d)k(d);else try{let a=localStorage.getItem(b)||c,d=g&&\"system\"===a?window.matchMedia(\"(prefers-color-scheme: dark)\").matches?\"dark\":\"light\":a;k(d)}catch(a){}})(\"class\",\"theme\",\"light\",null,[\"light\",\"dark\"],null,true,true)</script><!--$--><!--/$--><main class=\"tabular-nums\"><!--$?--><template id=\"B:0\"></template><nav id=\"main-nav\" class=\"sticky top-0 z-40 bg-background w-full\"><div class=\"mx-auto w-full px-6 py-3.5 lg:py-6 max-w-screen-4xl\"><div class=\"align-center relative flex flex-row justify-between text-sm md:text-base\"><div class=\"flex flex-1 items-center gap-4\"><a class=\"text-muted-foreground\" href=\"/\"><button class=\"inline-flex items-center whitespace-nowrap font-medium transition-colors focus-visible:outline-none disabled:pointer-events-none disabled:opacity-50 focus-visible:ring-1 focus-visible:ring-ring gap-2 leading-6 hover:bg-accent hover:text-accent-foreground border border-transparent h-9 rounded-md w-auto justify-center text-muted-foreground px-2\"><span class=\"flex items-center gap-2 text-base transform cursor-pointer font-medium duration-100 ease-in-out fill-current stroke-current\"><svg width=\"100%\" height=\"100%\" viewBox=\"0 0 512 512\" xmlns=\"http://www.w3.org/2000/svg\" class=\"size-4\" fill=\"currentColor\" stroke=\"currentColor\" role=\"img\" aria-label=\"Logo\"><path d=\"M3 248.945C18 248.945 76 236 106 219C136 202 136 202 198 158C276.497 102.293 332 120.945 423 120.945\" stroke-width=\"90\"></path><path d=\"M511 121.5L357.25 210.268L357.25 32.7324L511 121.5Z\"></path><path d=\"M0 249C15 249 73 261.945 103 278.945C133 295.945 133 295.945 195 339.945C273.497 395.652 329 377 420 377\" stroke-width=\"90\"></path><path d=\"M508 376.445L354.25 287.678L354.25 465.213L508 376.445Z\"></path></svg>OpenRouter</span></button></a><div class=\"hidden md:flex h-9 w-[386px] items-center gap-2 rounded-md bg-slate-3 text-slate-11 opacity-60\"><svg xmlns=\"http://www.w3.org/2000/svg\" viewBox=\"0 0 24 24\" fill=\"currentColor\" aria-hidden=\"true\" data-slot=\"icon\" class=\"ml-3 size-4 shrink-0 text-muted-foreground\"><path fill-rule=\"evenodd\" d=\"M10.5 3.75a6.75 6.75 0 1 0 0 13.5 6.75 6.75 0 0 0 0-13.5ZM2.25 10.5a8.25 8.25 0 1 1 14.59 5.28l4.69 4.69a.75.75 0 1 1-1.06 1.06l-4.69-4.69A8.25 8.25 0 0 1 2.25 10.5Z\" clip-rule=\"evenodd\"></path></svg><span class=\"flex-1 text-sm text-muted-foreground\">Search</span><kbd class=\"flex items-center justify-center aspect-square h-4 w-4 p-1 pointer-events-none rounded-sm bg-border text-xs text-muted-foreground mr-3.5\">/</kbd></div><div class=\"md:hidden flex size-9 items-center justify-center opacity-60\"><svg xmlns=\"http://www.w3.org/2000/svg\" viewBox=\"0 0 24 24\" fill=\"currentColor\" aria-hidden=\"true\" data-slot=\"icon\" class=\"size-4 text-muted-foreground\"><path fill-rule=\"evenodd\" d=\"M10.5 3.75a6.75 6.75 0 1 0 0 13.5 6.75 6.75 0 0 0 0-13.5ZM2.25 10.5a8.25 8.25 0 1 1 14.59 5.28l4.69 4.69a.75.75 0 1 1-1.06 1.06l-4.69-4.69A8.25 8.25 0 0 1 2.25 10.5Z\" clip-rule=\"evenodd\"></path></svg></div></div><div class=\"hidden lg:flex lg:gap-1 text-sm items-center\"><a class=\"text-muted-foreground\" href=\"/models\"><button class=\"inline-flex items-center whitespace-nowrap font-medium transition-colors focus-visible:outline-none disabled:pointer-events-none disabled:opacity-50 focus-visible:ring-1 focus-visible:ring-ring gap-2 leading-6 hover:bg-accent hover:text-accent-foreground border border-transparent h-9 rounded-md w-auto justify-center text-muted-foreground px-2\">Models</button></a><a class=\"text-muted-foreground\" href=\"/chat\"><button class=\"inline-flex items-center whitespace-nowrap font-medium transition-colors focus-visible:outline-none disabled:pointer-events-none disabled:opacity-50 focus-visible:ring-1 focus-visible:ring-ring gap-2 leading-6 hover:bg-accent hover:text-accent-foreground border border-transparent h-9 rounded-md w-auto justify-center text-muted-foreground px-2\">Chat</button></a><a class=\"text-muted-foreground\" href=\"/rankings\"><button class=\"inline-flex items-center whitespace-nowrap font-medium transition-colors focus-visible:outline-none disabled:pointer-events-none disabled:opacity-50 focus-visible:ring-1 focus-visible:ring-ring gap-2 leading-6 hover:bg-accent hover:text-accent-foreground border border-transparent h-9 rounded-md w-auto justify-center text-muted-foreground px-2\">Rankings</button></a><a class=\"text-muted-foreground\" href=\"/apps\"><button class=\"inline-flex items-center whitespace-nowrap font-medium transition-colors focus-visible:outline-none disabled:pointer-events-none disabled:opacity-50 focus-visible:ring-1 focus-visible:ring-ring gap-2 leading-6 hover:bg-accent hover:text-accent-foreground border border-transparent h-9 rounded-md w-auto justify-center text-muted-foreground px-2\">Apps</button></a><a class=\"text-muted-foreground\" href=\"/enterprise\"><button class=\"inline-flex items-center whitespace-nowrap font-medium transition-colors focus-visible:outline-none disabled:pointer-events-none disabled:opacity-50 focus-visible:ring-1 focus-visible:ring-ring gap-2 leading-6 hover:bg-accent hover:text-accent-foreground border border-transparent h-9 rounded-md w-auto justify-center text-muted-foreground px-2\">Enterprise</button></a><a class=\"text-muted-foreground\" href=\"/pricing\"><button class=\"inline-flex items-center whitespace-nowrap font-medium transition-colors focus-visible:outline-none disabled:pointer-events-none disabled:opacity-50 focus-visible:ring-1 focus-visible:ring-ring gap-2 leading-6 hover:bg-accent hover:text-accent-foreground border border-transparent h-9 rounded-md w-auto justify-center text-muted-foreground px-2\">Pricing</button></a><a href=\"/docs/quickstart\" class=\"text-muted-foreground\"><button class=\"inline-flex items-center whitespace-nowrap font-medium transition-colors focus-visible:outline-none disabled:pointer-events-none disabled:opacity-50 focus-visible:ring-1 focus-visible:ring-ring gap-2 leading-6 hover:bg-accent hover:text-accent-foreground border border-transparent h-9 rounded-md w-auto justify-center text-muted-foreground px-2\">Docs</button></a><div class=\"flex w-24 justify-end\"><div class=\"animate-pulse bg-muted h-9 w-full rounded-full\"></div></div></div><div class=\"lg:hidden flex flex-1 justify-end gap-1\"><div class=\"flex w-24 justify-end\"><div class=\"animate-pulse rounded-md bg-muted h-9 flex-1 rounded-l-full\"></div><div class=\"animate-pulse rounded-md bg-muted h-9 w-10 rounded-r-full\"></div></div></div></div></div></nav><!--/$--><!--$--><!--/$--><!--$?--><template id=\"B:1\"></template><div class=\"flex flex-col items-center min-h-[calc(100vh-80px)] w-full md:min-h-screen\"></div><!--/$--></main><div id=\"portal-container\"></div><section aria-label=\"Notifications alt+T\" tabindex=\"-1\" aria-live=\"polite\" aria-relevant=\"additions text\" aria-atomic=\"false\"></section><script>requestAnimationFrame(function(){$RT=performance.now()});</script><script src=\"/_next/static/chunks/webpack-10ba58d93e371456.js\" id=\"_R_\" async=\"\"></script><div hidden id=\"S:0\"><nav id=\"main-nav\" class=\"sticky top-0 z-40 transition-all duration-150 bg-background w-full\"><div class=\"mx-auto w-full transition-all duration-150 px-6 py-3.5 lg:py-6\"><span style=\"position:absolute;border:0;width:1px;height:1px;padding:0;margin:-1px;overflow:hidden;clip:rect(0, 0, 0, 0);white-space:nowrap;word-wrap:normal\"><a href=\"#skip\" class=\"sr-only absolute left-0 top-0 bg-background text-primary focus:not-sr-only\">Skip to content</a></span><div class=\"align-center relative flex flex-row justify-between text-sm md:text-base\"><div class=\"flex flex-1 items-center gap-4\"><a class=\"text-muted-foreground\" href=\"/\"><button class=\"inline-flex items-center whitespace-nowrap font-medium transition-colors focus-visible:outline-none disabled:pointer-events-none disabled:opacity-50 focus-visible:ring-1 focus-visible:ring-ring gap-2 leading-6 hover:bg-accent hover:text-accent-foreground border border-transparent h-9 rounded-md w-auto justify-center text-muted-foreground px-2\"><span class=\"flex items-center gap-2 text-base transform cursor-pointer font-medium duration-100 ease-in-out fill-current stroke-current\"><svg width=\"100%\" height=\"100%\" viewBox=\"0 0 512 512\" xmlns=\"http://www.w3.org/2000/svg\" class=\"size-4\" fill=\"currentColor\" stroke=\"currentColor\" role=\"img\" aria-label=\"Logo\"><path d=\"M3 248.945C18 248.945 76 236 106 219C136 202 136 202 198 158C276.497 102.293 332 120.945 423 120.945\" stroke-width=\"90\"></path><path d=\"M511 121.5L357.25 210.268L357.25 32.7324L511 121.5Z\"></path><path d=\"M0 249C15 249 73 261.945 103 278.945C133 295.945 133 295.945 195 339.945C273.497 395.652 329 377 420 377\" stroke-width=\"90\"></path><path d=\"M508 376.445L354.25 287.678L354.25 465.213L508 376.445Z\"></path></svg>OpenRouter</span></button></a><div class=\"hidden md:block\"><div tabindex=\"-1\" class=\"flex h-full w-full flex-col overflow-hidden rounded-md bg-popover text-popover-foreground\" cmdk-root=\"\"><label cmdk-label=\"\" for=\"radix-_R_6cjdl9bH2_\" id=\"radix-_R_6cjdl9bH1_\" style=\"position:absolute;width:1px;height:1px;padding:0;margin:-1px;overflow:hidden;clip:rect(0, 0, 0, 0);white-space:nowrap;border-width:0\"></label><div role=\"combobox\" aria-controls=\"search-command-list\" aria-expanded=\"false\" class=\"relative flex h-9 w-[386px] items-center gap-2 rounded-md ring-ring transition-colors bg-slate-3 text-slate-11 focus-within:bg-slate-4 focus-within:text-slate-12\" type=\"button\" aria-haspopup=\"dialog\" data-state=\"closed\"><div class=\"flex items-center border-b px-3 w-full focus-visible:outline-none\" cmdk-input-wrapper=\"\"><svg xmlns=\"http://www.w3.org/2000/svg\" viewBox=\"0 0 24 24\" fill=\"currentColor\" aria-hidden=\"true\" data-slot=\"icon\" class=\"mr-2 h-4 w-4 shrink-0 opacity-50\"><path fill-rule=\"evenodd\" d=\"M10.5 3.75a6.75 6.75 0 1 0 0 13.5 6.75 6.75 0 0 0 0-13.5ZM2.25 10.5a8.25 8.25 0 1 1 14.59 5.28l4.69 4.69a.75.75 0 1 1-1.06 1.06l-4.69-4.69A8.25 8.25 0 0 1 2.25 10.5Z\" clip-rule=\"evenodd\"></path></svg><input class=\"flex h-10 w-full rounded-md bg-transparent py-3 text-sm outline-none placeholder:text-muted-foreground disabled:cursor-not-allowed disabled:opacity-50\" placeholder=\"Search\" disabled=\"\" cmdk-input=\"\" autoComplete=\"off\" autoCorrect=\"off\" spellCheck=\"false\" aria-autocomplete=\"list\" role=\"combobox\" aria-expanded=\"true\" aria-controls=\"radix-_R_6cjdl9b_\" aria-labelledby=\"radix-_R_6cjdl9bH1_\" id=\"radix-_R_6cjdl9bH2_\" type=\"text\" value=\"\"/></div><kbd class=\"flex items-center justify-center aspect-square h-4 w-4 p-1 pointer-events-none rounded-sm bg-border text-xs text-muted-foreground absolute right-3.5 transition-opacity duration-200\">/</kbd></div></div></div><div class=\"md:hidden\"><button class=\"inline-flex items-center justify-center whitespace-nowrap rounded-md font-medium transition-colors focus-visible:outline-none disabled:pointer-events-none disabled:opacity-50 focus-visible:ring-1 focus-visible:ring-ring gap-2 leading-6 text-muted-foreground hover:bg-accent hover:text-accent-foreground border border-transparent h-9 w-9\" role=\"combobox\" aria-expanded=\"false\" title=\"Search\" type=\"button\" aria-haspopup=\"dialog\" aria-controls=\"radix-_R_acjdl9b_\" data-state=\"closed\" data-slot=\"dialog-trigger\"><svg xmlns=\"http://www.w3.org/2000/svg\" viewBox=\"0 0 24 24\" fill=\"currentColor\" aria-hidden=\"true\" data-slot=\"icon\" class=\"size-4\"><path fill-rule=\"evenodd\" d=\"M10.5 3.75a6.75 6.75 0 1 0 0 13.5 6.75 6.75 0 0 0 0-13.5ZM2.25 10.5a8.25 8.25 0 1 1 14.59 5.28l4.69 4.69a.75.75 0 1 1-1.06 1.06l-4.69-4.69A8.25 8.25 0 0 1 2.25 10.5Z\" clip-rule=\"evenodd\"></path></svg></button></div></div><div class=\"hidden lg:flex lg:gap-1 text-sm\"><a class=\"text-muted-foreground\" href=\"/models\"><button class=\"inline-flex items-center whitespace-nowrap font-medium transition-colors focus-visible:outline-none disabled:pointer-events-none disabled:opacity-50 focus-visible:ring-1 focus-visible:ring-ring gap-2 leading-6 hover:bg-accent hover:text-accent-foreground border border-transparent h-9 rounded-md w-auto justify-center text-muted-foreground px-2\">Models</button></a><a class=\"text-muted-foreground\" href=\"/chat\"><button class=\"inline-flex items-center whitespace-nowrap font-medium transition-colors focus-visible:outline-none disabled:pointer-events-none disabled:opacity-50 focus-visible:ring-1 focus-visible:ring-ring gap-2 leading-6 hover:bg-accent hover:text-accent-foreground border border-transparent h-9 rounded-md w-auto justify-center text-muted-foreground px-2\">Chat</button></a><a class=\"text-muted-foreground\" href=\"/rankings\"><button class=\"inline-flex items-center whitespace-nowrap font-medium transition-colors focus-visible:outline-none disabled:pointer-events-none disabled:opacity-50 focus-visible:ring-1 focus-visible:ring-ring gap-2 leading-6 hover:bg-accent hover:text-accent-foreground border border-transparent h-9 rounded-md w-auto justify-center text-muted-foreground px-2\">Rankings</button></a><a class=\"text-muted-foreground\" href=\"/apps\"><button class=\"inline-flex items-center whitespace-nowrap font-medium transition-colors focus-visible:outline-none disabled:pointer-events-none disabled:opacity-50 focus-visible:ring-1 focus-visible:ring-ring gap-2 leading-6 hover:bg-accent hover:text-accent-foreground border border-transparent h-9 rounded-md w-auto justify-center text-muted-foreground px-2\">Apps</button></a><a class=\"text-muted-foreground\" href=\"/enterprise\"><button class=\"inline-flex items-center whitespace-nowrap font-medium transition-colors focus-visible:outline-none disabled:pointer-events-none disabled:opacity-50 focus-visible:ring-1 focus-visible:ring-ring gap-2 leading-6 hover:bg-accent hover:text-accent-foreground border border-transparent h-9 rounded-md w-auto justify-center text-muted-foreground px-2\">Enterprise</button></a><a class=\"text-muted-foreground\" href=\"/pricing\"><button class=\"inline-flex items-center whitespace-nowrap font-medium transition-colors focus-visible:outline-none disabled:pointer-events-none disabled:opacity-50 focus-visible:ring-1 focus-visible:ring-ring gap-2 leading-6 hover:bg-accent hover:text-accent-foreground border border-transparent h-9 rounded-md w-auto justify-center text-muted-foreground px-2\">Pricing</button></a><a href=\"/docs/quickstart\" class=\"text-muted-foreground\"><button class=\"inline-flex items-center whitespace-nowrap font-medium transition-colors focus-visible:outline-none disabled:pointer-events-none disabled:opacity-50 focus-visible:ring-1 focus-visible:ring-ring gap-2 leading-6 hover:bg-accent hover:text-accent-foreground border border-transparent h-9 rounded-md w-auto justify-center text-muted-foreground px-2\">Docs</button></a><div class=\"flex w-24 justify-end\"><div class=\"animate-pulse bg-muted h-9 w-full rounded-full\"></div></div></div><div class=\"lg:hidden\"><div class=\"flex flex-1 justify-end gap-1\"><div class=\"flex w-24 justify-end\"><div class=\"animate-pulse rounded-md bg-muted h-9 flex-1 rounded-l-full\"></div><div class=\"animate-pulse rounded-md bg-muted h-9 w-10 rounded-r-full\"></div></div></div></div></div></div></nav></div><script>$RB=[];$RV=function(a){$RT=performance.now();for(var b=0;b<a.length;b+=2){var c=a[b],e=a[b+1];null!==e.parentNode&&e.parentNode.removeChild(e);var f=c.parentNode;if(f){var g=c.previousSibling,h=0;do{if(c&&8===c.nodeType){var d=c.data;if(\"/$\"===d||\"/&\"===d)if(0===h)break;else h--;else\"$\"!==d&&\"$?\"!==d&&\"$~\"!==d&&\"$!\"!==d&&\"&\"!==d||h++}d=c.nextSibling;f.removeChild(c);c=d}while(c);for(;e.firstChild;)f.insertBefore(e.firstChild,c);g.data=\"$\";g._reactRetry&&requestAnimationFrame(g._reactRetry)}}a.length=0};\n$RC=function(a,b){if(b=document.getElementById(b))(a=document.getElementById(a))?(a.previousSibling.data=\"$~\",$RB.push(a,b),2===$RB.length&&(\"number\"!==typeof $RT?requestAnimationFrame($RV.bind(null,$RB)):(a=performance.now(),setTimeout($RV.bind(null,$RB),2300>a&&2E3<a?2300-a:$RT+300-a)))):b.parentNode.removeChild(b)};$RC(\"B:0\",\"S:0\")</script><div hidden id=\"S:1\"><div class=\"flex flex-col items-center justify-center bg-background text-foreground\"><div class=\"relative z-0 transition-all border-border/50 md:border-r h-[calc(100dvh-4rem)] md:h-[calc(100dvh-5.25rem)] main-content-container items-center justify-center flex flex-col gap-4\"><h2 class=\"flex w-96 items-center justify-between gap-2\"><div data-orientation=\"horizontal\" role=\"none\" class=\"h-px w-full flex-1 bg-gradient-to-r from-background via-background to-border\"></div><span>404: Not Found</span><div data-orientation=\"horizontal\" role=\"none\" class=\"h-px w-full flex-1 bg-gradient-to-l from-background via-background to-border\"></div></h2><div class=\"flex flex-col gap-8 md:flex-row\"><a class=\"self-start\" href=\"/\"><button class=\"items-center justify-center whitespace-nowrap font-medium transition-colors focus-visible:outline-none disabled:pointer-events-none disabled:opacity-50 focus-visible:ring-1 focus-visible:ring-ring bg-secondary text-secondary-foreground shadow-sm hover:bg-secondary/80 hover:text-secondary-foreground h-8 rounded-md px-3 text-xs group flex gap-2\"><svg xmlns=\"http://www.w3.org/2000/svg\" fill=\"none\" viewBox=\"0 0 24 24\" stroke-width=\"1.5\" stroke=\"currentColor\" aria-hidden=\"true\" data-slot=\"icon\" class=\"size-4 transition-transform group-hover:-translate-x-1\"><path stroke-linecap=\"round\" stroke-linejoin=\"round\" d=\"M10.5 19.5 3 12m0 0 7.5-7.5M3 12h18\"></path></svg>Go Home</button></a><a class=\"self-end\" href=\"/models\"><button class=\"items-center justify-center whitespace-nowrap font-medium transition-colors focus-visible:outline-none disabled:pointer-events-none disabled:opacity-50 focus-visible:ring-1 focus-visible:ring-ring bg-secondary text-secondary-foreground shadow-sm hover:bg-secondary/80 hover:text-secondary-foreground h-8 rounded-md px-3 text-xs group flex gap-2\">Browse Models<svg xmlns=\"http://www.w3.org/2000/svg\" fill=\"none\" viewBox=\"0 0 24 24\" stroke-width=\"1.5\" stroke=\"currentColor\" aria-hidden=\"true\" data-slot=\"icon\" class=\"size-4 transition-transform group-hover:translate-x-1\"><path stroke-linecap=\"round\" stroke-linejoin=\"round\" d=\"M13.5 4.5 21 12m0 0-7.5 7.5M21 12H3\"></path></svg></button></a></div></div><footer><div class=\"px-6 py-12 md:px-12 md:py-16 border-t bg-background font-medium\"><div class=\"mx-auto max-w-7xl grid gap-8 grid-cols-2 md:grid-cols-4 lg:grid-cols-5\"><div class=\"col-span-2 md:col-span-4 lg:col-span-1 flex flex-col gap-4\"><span data-state=\"closed\" style=\"-webkit-touch-callout:none\"><a class=\"flex items-center gap-2 text-foreground hover:text-foreground/80 transition-colors w-fit\" href=\"/\"><svg width=\"100%\" height=\"100%\" viewBox=\"0 0 512 512\" xmlns=\"http://www.w3.org/2000/svg\" class=\"size-5\" fill=\"currentColor\" stroke=\"currentColor\" role=\"img\" aria-label=\"OpenRouter Logo\"><path d=\"M3 248.945C18 248.945 76 236 106 219C136 202 136 202 198 158C276.497 102.293 332 120.945 423 120.945\" stroke-width=\"90\"></path><path d=\"M511 121.5L357.25 210.268L357.25 32.7324L511 121.5Z\"></path><path d=\"M0 249C15 249 73 261.945 103 278.945C133 295.945 133 295.945 195 339.945C273.497 395.652 329 377 420 377\" stroke-width=\"90\"></path><path d=\"M508 376.445L354.25 287.678L354.25 465.213L508 376.445Z\"></path></svg><span class=\"font-semibold\">OpenRouter</span></a></span><div class=\"text-sm text-muted-foreground\">© 2026 OpenRouter, Inc</div></div><div class=\"flex flex-col gap-3\"><h3 class=\"font-semibold text-foreground\">Product</h3><ul class=\"flex flex-col gap-2\"><li><a class=\"text-sm text-muted-foreground hover:text-foreground transition-colors flex items-center gap-2\" href=\"/chat\">Chat</a></li><li><a class=\"text-sm text-muted-foreground hover:text-foreground transition-colors flex items-center gap-2\" href=\"/rankings\">Rankings</a></li><li><a class=\"text-sm text-muted-foreground hover:text-foreground transition-colors flex items-center gap-2\" href=\"/apps\">Apps</a></li><li><a class=\"text-sm text-muted-foreground hover:text-foreground transition-colors flex items-center gap-2\" href=\"/models\">Models</a></li><li><a class=\"text-sm text-muted-foreground hover:text-foreground transition-colors flex items-center gap-2\" href=\"/providers\">Providers</a></li><li><a class=\"text-sm text-muted-foreground hover:text-foreground transition-colors flex items-center gap-2\" href=\"/pricing\">Pricing</a></li><li><a class=\"text-sm text-muted-foreground hover:text-foreground transition-colors flex items-center gap-2\" href=\"/redeem\">Redeem</a></li><li><a class=\"text-sm text-muted-foreground hover:text-foreground transition-colors flex items-center gap-2\" href=\"/enterprise\">Enterprise</a></li></ul></div><div class=\"flex flex-col gap-3\"><h3 class=\"font-semibold text-foreground\">Company</h3><ul class=\"flex flex-col gap-2\"><li><a class=\"text-sm text-muted-foreground hover:text-foreground transition-colors flex items-center gap-2\" href=\"/about\">About</a></li><li><a class=\"text-sm text-muted-foreground hover:text-foreground transition-colors flex items-center gap-2\" href=\"/announcements\">Announcements</a></li><li><a class=\"text-sm text-muted-foreground hover:text-foreground transition-colors flex items-center gap-2\" href=\"/careers\">Careers<span class=\"text-xs bg-primary/10 text-primary px-1.5 py-0.5 rounded\">Hiring</span></a></li><li><a class=\"text-sm text-muted-foreground hover:text-foreground transition-colors flex items-center gap-2\" href=\"/privacy\">Privacy</a></li><li><a class=\"text-sm text-muted-foreground hover:text-foreground transition-colors flex items-center gap-2\" href=\"/terms\">Terms of Service</a></li><li><a class=\"text-sm text-muted-foreground hover:text-foreground transition-colors flex items-center gap-2\" href=\"/support\">Support</a></li><li><a class=\"text-sm text-muted-foreground hover:text-foreground transition-colors flex items-center gap-2\" href=\"/state-of-ai\">State of AI</a></li><li><a class=\"text-sm text-muted-foreground hover:text-foreground transition-colors flex items-center gap-2\" href=\"/works-with-openrouter\">Works With OR</a></li></ul></div><div class=\"flex flex-col gap-3\"><h3 class=\"font-semibold text-foreground\">Developer</h3><ul class=\"flex flex-col gap-2\"><li><a href=\"/docs\" class=\"text-sm text-muted-foreground hover:text-foreground transition-colors flex items-center gap-2\" target=\"_blank\" rel=\"noopener noreferrer\">Documentation</a></li><li><a href=\"/docs/api-reference\" class=\"text-sm text-muted-foreground hover:text-foreground transition-colors flex items-center gap-2\" target=\"_blank\" rel=\"noopener noreferrer\">API Reference</a></li><li><a class=\"text-sm text-muted-foreground hover:text-foreground transition-colors flex items-center gap-2\" href=\"/sdk\">SDK</a></li><li><a href=\"https://status.openrouter.ai\" class=\"text-sm text-muted-foreground hover:text-foreground transition-colors flex items-center gap-2\" target=\"_blank\" rel=\"noopener noreferrer\">Status</a></li></ul></div><div class=\"flex flex-col gap-3\"><h3 class=\"font-semibold text-foreground\">Connect</h3><ul class=\"flex flex-col gap-2\"><li><a href=\"https://discord.gg/fVyRaUDgxW\" class=\"text-sm text-muted-foreground hover:text-foreground transition-colors flex items-center gap-2\" target=\"_blank\" rel=\"noopener noreferrer\">Discord</a></li><li><a href=\"https://github.com/OpenRouterTeam\" class=\"text-sm text-muted-foreground hover:text-foreground transition-colors flex items-center gap-2\" target=\"_blank\" rel=\"noopener noreferrer\">GitHub</a></li><li><a href=\"https://www.linkedin.com/company/104068329\" class=\"text-sm text-muted-foreground hover:text-foreground transition-colors flex items-center gap-2\" target=\"_blank\" rel=\"noopener noreferrer\">LinkedIn</a></li><li><a href=\"https://twitter.com/openrouter\" class=\"text-sm text-muted-foreground hover:text-foreground transition-colors flex items-center gap-2\" target=\"_blank\" rel=\"noopener noreferrer\">X</a></li><li><a href=\"https://www.youtube.com/@OpenRouterAI\" class=\"text-sm text-muted-foreground hover:text-foreground transition-colors flex items-center gap-2\" target=\"_blank\" rel=\"noopener noreferrer\">YouTube</a></li></ul></div></div></div></footer></div></div><script>$RC(\"B:1\",\"S:1\")</script><script>(self.__next_f=self.__next_f||[]).push([0])</script><script>self.__next_f.push([1,\"1:\\\"$Sreact.fragment\\\"\\n\"])</script><script>self.__next_f.push([1,\"2:I[40756,[\\\"25170\\\",\\\"static/chunks/25170-0e6181b2ccbbb6c4.js\\\",\\\"3888\\\",\\\"static/chunks/3888-1b80ac3e66e8a62f.js\\\",\\\"71106\\\",\\\"static/chunks/71106-b7535260a328d1a8.js\\\",\\\"3144\\\",\\\"static/chunks/3144-31c3de663d43a81f.js\\\",\\\"1734\\\",\\\"static/chunks/1734-d5af36f0b162a573.js\\\",\\\"45079\\\",\\\"static/chunks/45079-024b7107b15d4084.js\\\",\\\"5985\\\",\\\"static/chunks/5985-c1dc926d4d436766.js\\\",\\\"10756\\\",\\\"static/chunks/10756-daa34ab87965281e.js\\\",\\\"65088\\\",\\\"static/chunks/65088-8591857f52c4c13f.js\\\",\\\"6829\\\",\\\"static/chunks/6829-df03642e9cfbc8f4.js\\\",\\\"40331\\\",\\\"static/chunks/40331-459dbea7989a248e.js\\\",\\\"57028\\\",\\\"static/chunks/57028-3214d72e2a7c9de0.js\\\",\\\"28464\\\",\\\"static/chunks/28464-1f4a9b148a86c8af.js\\\",\\\"13557\\\",\\\"static/chunks/13557-d8c6f4320672188d.js\\\",\\\"57518\\\",\\\"static/chunks/57518-354d9d9eed155c41.js\\\",\\\"56873\\\",\\\"static/chunks/56873-2d1079b450e7f242.js\\\",\\\"80212\\\",\\\"static/chunks/80212-b72efa8ae64f19b5.js\\\",\\\"3556\\\",\\\"static/chunks/3556-d73559aa65408ef1.js\\\",\\\"5590\\\",\\\"static/chunks/5590-d9fabde5f7ff1a3e.js\\\",\\\"51822\\\",\\\"static/chunks/51822-78ff3a66cbc8c8da.js\\\",\\\"81729\\\",\\\"static/chunks/81729-516046754f560fe3.js\\\",\\\"97045\\\",\\\"static/chunks/97045-3066625d43510da3.js\\\",\\\"7177\\\",\\\"static/chunks/app/layout-e98b45b309fcb7a3.js\\\"],\\\"GoogleAnalytics\\\"]\\n\"])</script><script>self.__next_f.push([1,\"3:I[38519,[\\\"25170\\\",\\\"static/chunks/25170-0e6181b2ccbbb6c4.js\\\",\\\"3888\\\",\\\"static/chunks/3888-1b80ac3e66e8a62f.js\\\",\\\"71106\\\",\\\"static/chunks/71106-b7535260a328d1a8.js\\\",\\\"3144\\\",\\\"static/chunks/3144-31c3de663d43a81f.js\\\",\\\"1734\\\",\\\"static/chunks/1734-d5af36f0b162a573.js\\\",\\\"45079\\\",\\\"static/chunks/45079-024b7107b15d4084.js\\\",\\\"5985\\\",\\\"static/chunks/5985-c1dc926d4d436766.js\\\",\\\"10756\\\",\\\"static/chunks/10756-daa34ab87965281e.js\\\",\\\"65088\\\",\\\"static/chunks/65088-8591857f52c4c13f.js\\\",\\\"6829\\\",\\\"static/chunks/6829-df03642e9cfbc8f4.js\\\",\\\"40331\\\",\\\"static/chunks/40331-459dbea7989a248e.js\\\",\\\"57028\\\",\\\"static/chunks/57028-3214d72e2a7c9de0.js\\\",\\\"28464\\\",\\\"static/chunks/28464-1f4a9b148a86c8af.js\\\",\\\"13557\\\",\\\"static/chunks/13557-d8c6f4320672188d.js\\\",\\\"57518\\\",\\\"static/chunks/57518-354d9d9eed155c41.js\\\",\\\"56873\\\",\\\"static/chunks/56873-2d1079b450e7f242.js\\\",\\\"80212\\\",\\\"static/chunks/80212-b72efa8ae64f19b5.js\\\",\\\"3556\\\",\\\"static/chunks/3556-d73559aa65408ef1.js\\\",\\\"5590\\\",\\\"static/chunks/5590-d9fabde5f7ff1a3e.js\\\",\\\"51822\\\",\\\"static/chunks/51822-78ff3a66cbc8c8da.js\\\",\\\"81729\\\",\\\"static/chunks/81729-516046754f560fe3.js\\\",\\\"97045\\\",\\\"static/chunks/97045-3066625d43510da3.js\\\",\\\"7177\\\",\\\"static/chunks/app/layout-e98b45b309fcb7a3.js\\\"],\\\"DatadogRUM\\\"]\\n\"])</script><script>self.__next_f.push([1,\"4:I[37142,[\\\"25170\\\",\\\"static/chunks/25170-0e6181b2ccbbb6c4.js\\\",\\\"3888\\\",\\\"static/chunks/3888-1b80ac3e66e8a62f.js\\\",\\\"71106\\\",\\\"static/chunks/71106-b7535260a328d1a8.js\\\",\\\"3144\\\",\\\"static/chunks/3144-31c3de663d43a81f.js\\\",\\\"1734\\\",\\\"static/chunks/1734-d5af36f0b162a573.js\\\",\\\"45079\\\",\\\"static/chunks/45079-024b7107b15d4084.js\\\",\\\"5985\\\",\\\"static/chunks/5985-c1dc926d4d436766.js\\\",\\\"10756\\\",\\\"static/chunks/10756-daa34ab87965281e.js\\\",\\\"65088\\\",\\\"static/chunks/65088-8591857f52c4c13f.js\\\",\\\"6829\\\",\\\"static/chunks/6829-df03642e9cfbc8f4.js\\\",\\\"40331\\\",\\\"static/chunks/40331-459dbea7989a248e.js\\\",\\\"57028\\\",\\\"static/chunks/57028-3214d72e2a7c9de0.js\\\",\\\"28464\\\",\\\"static/chunks/28464-1f4a9b148a86c8af.js\\\",\\\"13557\\\",\\\"static/chunks/13557-d8c6f4320672188d.js\\\",\\\"57518\\\",\\\"static/chunks/57518-354d9d9eed155c41.js\\\",\\\"56873\\\",\\\"static/chunks/56873-2d1079b450e7f242.js\\\",\\\"80212\\\",\\\"static/chunks/80212-b72efa8ae64f19b5.js\\\",\\\"3556\\\",\\\"static/chunks/3556-d73559aa65408ef1.js\\\",\\\"5590\\\",\\\"static/chunks/5590-d9fabde5f7ff1a3e.js\\\",\\\"51822\\\",\\\"static/chunks/51822-78ff3a66cbc8c8da.js\\\",\\\"81729\\\",\\\"static/chunks/81729-516046754f560fe3.js\\\",\\\"97045\\\",\\\"static/chunks/97045-3066625d43510da3.js\\\",\\\"7177\\\",\\\"static/chunks/app/layout-e98b45b309fcb7a3.js\\\"],\\\"ConsentManager\\\"]\\n\"])</script><script>self.__next_f.push([1,\"5:I[16783,[\\\"25170\\\",\\\"static/chunks/25170-0e6181b2ccbbb6c4.js\\\",\\\"3888\\\",\\\"static/chunks/3888-1b80ac3e66e8a62f.js\\\",\\\"71106\\\",\\\"static/chunks/71106-b7535260a328d1a8.js\\\",\\\"3144\\\",\\\"static/chunks/3144-31c3de663d43a81f.js\\\",\\\"1734\\\",\\\"static/chunks/1734-d5af36f0b162a573.js\\\",\\\"45079\\\",\\\"static/chunks/45079-024b7107b15d4084.js\\\",\\\"5985\\\",\\\"static/chunks/5985-c1dc926d4d436766.js\\\",\\\"10756\\\",\\\"static/chunks/10756-daa34ab87965281e.js\\\",\\\"65088\\\",\\\"static/chunks/65088-8591857f52c4c13f.js\\\",\\\"6829\\\",\\\"static/chunks/6829-df03642e9cfbc8f4.js\\\",\\\"40331\\\",\\\"static/chunks/40331-459dbea7989a248e.js\\\",\\\"57028\\\",\\\"static/chunks/57028-3214d72e2a7c9de0.js\\\",\\\"28464\\\",\\\"static/chunks/28464-1f4a9b148a86c8af.js\\\",\\\"13557\\\",\\\"static/chunks/13557-d8c6f4320672188d.js\\\",\\\"57518\\\",\\\"static/chunks/57518-354d9d9eed155c41.js\\\",\\\"56873\\\",\\\"static/chunks/56873-2d1079b450e7f242.js\\\",\\\"80212\\\",\\\"static/chunks/80212-b72efa8ae64f19b5.js\\\",\\\"3556\\\",\\\"static/chunks/3556-d73559aa65408ef1.js\\\",\\\"5590\\\",\\\"static/chunks/5590-d9fabde5f7ff1a3e.js\\\",\\\"51822\\\",\\\"static/chunks/51822-78ff3a66cbc8c8da.js\\\",\\\"81729\\\",\\\"static/chunks/81729-516046754f560fe3.js\\\",\\\"97045\\\",\\\"static/chunks/97045-3066625d43510da3.js\\\",\\\"7177\\\",\\\"static/chunks/app/layout-e98b45b309fcb7a3.js\\\"],\\\"ThemeProvider\\\"]\\n\"])</script><script>self.__next_f.push([1,\"6:I[27456,[\\\"25170\\\",\\\"static/chunks/25170-0e6181b2ccbbb6c4.js\\\",\\\"3888\\\",\\\"static/chunks/3888-1b80ac3e66e8a62f.js\\\",\\\"71106\\\",\\\"static/chunks/71106-b7535260a328d1a8.js\\\",\\\"3144\\\",\\\"static/chunks/3144-31c3de663d43a81f.js\\\",\\\"1734\\\",\\\"static/chunks/1734-d5af36f0b162a573.js\\\",\\\"45079\\\",\\\"static/chunks/45079-024b7107b15d4084.js\\\",\\\"5985\\\",\\\"static/chunks/5985-c1dc926d4d436766.js\\\",\\\"10756\\\",\\\"static/chunks/10756-daa34ab87965281e.js\\\",\\\"65088\\\",\\\"static/chunks/65088-8591857f52c4c13f.js\\\",\\\"6829\\\",\\\"static/chunks/6829-df03642e9cfbc8f4.js\\\",\\\"40331\\\",\\\"static/chunks/40331-459dbea7989a248e.js\\\",\\\"57028\\\",\\\"static/chunks/57028-3214d72e2a7c9de0.js\\\",\\\"28464\\\",\\\"static/chunks/28464-1f4a9b148a86c8af.js\\\",\\\"13557\\\",\\\"static/chunks/13557-d8c6f4320672188d.js\\\",\\\"57518\\\",\\\"static/chunks/57518-354d9d9eed155c41.js\\\",\\\"56873\\\",\\\"static/chunks/56873-2d1079b450e7f242.js\\\",\\\"80212\\\",\\\"static/chunks/80212-b72efa8ae64f19b5.js\\\",\\\"3556\\\",\\\"static/chunks/3556-d73559aa65408ef1.js\\\",\\\"5590\\\",\\\"static/chunks/5590-d9fabde5f7ff1a3e.js\\\",\\\"51822\\\",\\\"static/chunks/51822-78ff3a66cbc8c8da.js\\\",\\\"81729\\\",\\\"static/chunks/81729-516046754f560fe3.js\\\",\\\"97045\\\",\\\"static/chunks/97045-3066625d43510da3.js\\\",\\\"7177\\\",\\\"static/chunks/app/layout-e98b45b309fcb7a3.js\\\"],\\\"ExpandedErrorModalProvider\\\"]\\n\"])</script><script>self.__next_f.push([1,\"7:I[58604,[\\\"25170\\\",\\\"static/chunks/25170-0e6181b2ccbbb6c4.js\\\",\\\"3888\\\",\\\"static/chunks/3888-1b80ac3e66e8a62f.js\\\",\\\"71106\\\",\\\"static/chunks/71106-b7535260a328d1a8.js\\\",\\\"3144\\\",\\\"static/chunks/3144-31c3de663d43a81f.js\\\",\\\"1734\\\",\\\"static/chunks/1734-d5af36f0b162a573.js\\\",\\\"45079\\\",\\\"static/chunks/45079-024b7107b15d4084.js\\\",\\\"5985\\\",\\\"static/chunks/5985-c1dc926d4d436766.js\\\",\\\"10756\\\",\\\"static/chunks/10756-daa34ab87965281e.js\\\",\\\"65088\\\",\\\"static/chunks/65088-8591857f52c4c13f.js\\\",\\\"6829\\\",\\\"static/chunks/6829-df03642e9cfbc8f4.js\\\",\\\"40331\\\",\\\"static/chunks/40331-459dbea7989a248e.js\\\",\\\"57028\\\",\\\"static/chunks/57028-3214d72e2a7c9de0.js\\\",\\\"28464\\\",\\\"static/chunks/28464-1f4a9b148a86c8af.js\\\",\\\"13557\\\",\\\"static/chunks/13557-d8c6f4320672188d.js\\\",\\\"57518\\\",\\\"static/chunks/57518-354d9d9eed155c41.js\\\",\\\"56873\\\",\\\"static/chunks/56873-2d1079b450e7f242.js\\\",\\\"80212\\\",\\\"static/chunks/80212-b72efa8ae64f19b5.js\\\",\\\"3556\\\",\\\"static/chunks/3556-d73559aa65408ef1.js\\\",\\\"5590\\\",\\\"static/chunks/5590-d9fabde5f7ff1a3e.js\\\",\\\"51822\\\",\\\"static/chunks/51822-78ff3a66cbc8c8da.js\\\",\\\"81729\\\",\\\"static/chunks/81729-516046754f560fe3.js\\\",\\\"97045\\\",\\\"static/chunks/97045-3066625d43510da3.js\\\",\\\"7177\\\",\\\"static/chunks/app/layout-e98b45b309fcb7a3.js\\\"],\\\"GlobalErrorToastProvider\\\"]\\n\"])</script><script>self.__next_f.push([1,\"8:I[82761,[\\\"25170\\\",\\\"static/chunks/25170-0e6181b2ccbbb6c4.js\\\",\\\"3888\\\",\\\"static/chunks/3888-1b80ac3e66e8a62f.js\\\",\\\"71106\\\",\\\"static/chunks/71106-b7535260a328d1a8.js\\\",\\\"3144\\\",\\\"static/chunks/3144-31c3de663d43a81f.js\\\",\\\"1734\\\",\\\"static/chunks/1734-d5af36f0b162a573.js\\\",\\\"45079\\\",\\\"static/chunks/45079-024b7107b15d4084.js\\\",\\\"5985\\\",\\\"static/chunks/5985-c1dc926d4d436766.js\\\",\\\"10756\\\",\\\"static/chunks/10756-daa34ab87965281e.js\\\",\\\"65088\\\",\\\"static/chunks/65088-8591857f52c4c13f.js\\\",\\\"6829\\\",\\\"static/chunks/6829-df03642e9cfbc8f4.js\\\",\\\"40331\\\",\\\"static/chunks/40331-459dbea7989a248e.js\\\",\\\"57028\\\",\\\"static/chunks/57028-3214d72e2a7c9de0.js\\\",\\\"28464\\\",\\\"static/chunks/28464-1f4a9b148a86c8af.js\\\",\\\"13557\\\",\\\"static/chunks/13557-d8c6f4320672188d.js\\\",\\\"57518\\\",\\\"static/chunks/57518-354d9d9eed155c41.js\\\",\\\"56873\\\",\\\"static/chunks/56873-2d1079b450e7f242.js\\\",\\\"80212\\\",\\\"static/chunks/80212-b72efa8ae64f19b5.js\\\",\\\"3556\\\",\\\"static/chunks/3556-d73559aa65408ef1.js\\\",\\\"5590\\\",\\\"static/chunks/5590-d9fabde5f7ff1a3e.js\\\",\\\"51822\\\",\\\"static/chunks/51822-78ff3a66cbc8c8da.js\\\",\\\"81729\\\",\\\"static/chunks/81729-516046754f560fe3.js\\\",\\\"97045\\\",\\\"static/chunks/97045-3066625d43510da3.js\\\",\\\"7177\\\",\\\"static/chunks/app/layout-e98b45b309fcb7a3.js\\\"],\\\"GlobalProvider\\\"]\\n\"])</script><script>self.__next_f.push([1,\"9:I[88593,[\\\"25170\\\",\\\"static/chunks/25170-0e6181b2ccbbb6c4.js\\\",\\\"3888\\\",\\\"static/chunks/3888-1b80ac3e66e8a62f.js\\\",\\\"71106\\\",\\\"static/chunks/71106-b7535260a328d1a8.js\\\",\\\"3144\\\",\\\"static/chunks/3144-31c3de663d43a81f.js\\\",\\\"1734\\\",\\\"static/chunks/1734-d5af36f0b162a573.js\\\",\\\"45079\\\",\\\"static/chunks/45079-024b7107b15d4084.js\\\",\\\"5985\\\",\\\"static/chunks/5985-c1dc926d4d436766.js\\\",\\\"10756\\\",\\\"static/chunks/10756-daa34ab87965281e.js\\\",\\\"65088\\\",\\\"static/chunks/65088-8591857f52c4c13f.js\\\",\\\"6829\\\",\\\"static/chunks/6829-df03642e9cfbc8f4.js\\\",\\\"40331\\\",\\\"static/chunks/40331-459dbea7989a248e.js\\\",\\\"57028\\\",\\\"static/chunks/57028-3214d72e2a7c9de0.js\\\",\\\"28464\\\",\\\"static/chunks/28464-1f4a9b148a86c8af.js\\\",\\\"13557\\\",\\\"static/chunks/13557-d8c6f4320672188d.js\\\",\\\"57518\\\",\\\"static/chunks/57518-354d9d9eed155c41.js\\\",\\\"56873\\\",\\\"static/chunks/56873-2d1079b450e7f242.js\\\",\\\"80212\\\",\\\"static/chunks/80212-b72efa8ae64f19b5.js\\\",\\\"3556\\\",\\\"static/chunks/3556-d73559aa65408ef1.js\\\",\\\"5590\\\",\\\"static/chunks/5590-d9fabde5f7ff1a3e.js\\\",\\\"51822\\\",\\\"static/chunks/51822-78ff3a66cbc8c8da.js\\\",\\\"81729\\\",\\\"static/chunks/81729-516046754f560fe3.js\\\",\\\"97045\\\",\\\"static/chunks/97045-3066625d43510da3.js\\\",\\\"7177\\\",\\\"static/chunks/app/layout-e98b45b309fcb7a3.js\\\"],\\\"ClerkAuthProvider\\\"]\\n\"])</script><script>self.__next_f.push([1,\"a:I[5737,[\\\"25170\\\",\\\"static/chunks/25170-0e6181b2ccbbb6c4.js\\\",\\\"3888\\\",\\\"static/chunks/3888-1b80ac3e66e8a62f.js\\\",\\\"71106\\\",\\\"static/chunks/71106-b7535260a328d1a8.js\\\",\\\"3144\\\",\\\"static/chunks/3144-31c3de663d43a81f.js\\\",\\\"1734\\\",\\\"static/chunks/1734-d5af36f0b162a573.js\\\",\\\"45079\\\",\\\"static/chunks/45079-024b7107b15d4084.js\\\",\\\"5985\\\",\\\"static/chunks/5985-c1dc926d4d436766.js\\\",\\\"10756\\\",\\\"static/chunks/10756-daa34ab87965281e.js\\\",\\\"65088\\\",\\\"static/chunks/65088-8591857f52c4c13f.js\\\",\\\"6829\\\",\\\"static/chunks/6829-df03642e9cfbc8f4.js\\\",\\\"40331\\\",\\\"static/chunks/40331-459dbea7989a248e.js\\\",\\\"57028\\\",\\\"static/chunks/57028-3214d72e2a7c9de0.js\\\",\\\"28464\\\",\\\"static/chunks/28464-1f4a9b148a86c8af.js\\\",\\\"13557\\\",\\\"static/chunks/13557-d8c6f4320672188d.js\\\",\\\"57518\\\",\\\"static/chunks/57518-354d9d9eed155c41.js\\\",\\\"56873\\\",\\\"static/chunks/56873-2d1079b450e7f242.js\\\",\\\"80212\\\",\\\"static/chunks/80212-b72efa8ae64f19b5.js\\\",\\\"3556\\\",\\\"static/chunks/3556-d73559aa65408ef1.js\\\",\\\"5590\\\",\\\"static/chunks/5590-d9fabde5f7ff1a3e.js\\\",\\\"51822\\\",\\\"static/chunks/51822-78ff3a66cbc8c8da.js\\\",\\\"81729\\\",\\\"static/chunks/81729-516046754f560fe3.js\\\",\\\"97045\\\",\\\"static/chunks/97045-3066625d43510da3.js\\\",\\\"7177\\\",\\\"static/chunks/app/layout-e98b45b309fcb7a3.js\\\"],\\\"PostHogAnalyticsProvider\\\"]\\n\"])</script><script>self.__next_f.push([1,\"b:I[5630,[\\\"25170\\\",\\\"static/chunks/25170-0e6181b2ccbbb6c4.js\\\",\\\"3888\\\",\\\"static/chunks/3888-1b80ac3e66e8a62f.js\\\",\\\"71106\\\",\\\"static/chunks/71106-b7535260a328d1a8.js\\\",\\\"3144\\\",\\\"static/chunks/3144-31c3de663d43a81f.js\\\",\\\"1734\\\",\\\"static/chunks/1734-d5af36f0b162a573.js\\\",\\\"45079\\\",\\\"static/chunks/45079-024b7107b15d4084.js\\\",\\\"5985\\\",\\\"static/chunks/5985-c1dc926d4d436766.js\\\",\\\"10756\\\",\\\"static/chunks/10756-daa34ab87965281e.js\\\",\\\"65088\\\",\\\"static/chunks/65088-8591857f52c4c13f.js\\\",\\\"6829\\\",\\\"static/chunks/6829-df03642e9cfbc8f4.js\\\",\\\"40331\\\",\\\"static/chunks/40331-459dbea7989a248e.js\\\",\\\"57028\\\",\\\"static/chunks/57028-3214d72e2a7c9de0.js\\\",\\\"28464\\\",\\\"static/chunks/28464-1f4a9b148a86c8af.js\\\",\\\"13557\\\",\\\"static/chunks/13557-d8c6f4320672188d.js\\\",\\\"57518\\\",\\\"static/chunks/57518-354d9d9eed155c41.js\\\",\\\"56873\\\",\\\"static/chunks/56873-2d1079b450e7f242.js\\\",\\\"80212\\\",\\\"static/chunks/80212-b72efa8ae64f19b5.js\\\",\\\"3556\\\",\\\"static/chunks/3556-d73559aa65408ef1.js\\\",\\\"5590\\\",\\\"static/chunks/5590-d9fabde5f7ff1a3e.js\\\",\\\"51822\\\",\\\"static/chunks/51822-78ff3a66cbc8c8da.js\\\",\\\"81729\\\",\\\"static/chunks/81729-516046754f560fe3.js\\\",\\\"97045\\\",\\\"static/chunks/97045-3066625d43510da3.js\\\",\\\"7177\\\",\\\"static/chunks/app/layout-e98b45b309fcb7a3.js\\\"],\\\"UserContextProvider\\\"]\\n\"])</script><script>self.__next_f.push([1,\"c:I[54911,[\\\"25170\\\",\\\"static/chunks/25170-0e6181b2ccbbb6c4.js\\\",\\\"3888\\\",\\\"static/chunks/3888-1b80ac3e66e8a62f.js\\\",\\\"71106\\\",\\\"static/chunks/71106-b7535260a328d1a8.js\\\",\\\"3144\\\",\\\"static/chunks/3144-31c3de663d43a81f.js\\\",\\\"1734\\\",\\\"static/chunks/1734-d5af36f0b162a573.js\\\",\\\"45079\\\",\\\"static/chunks/45079-024b7107b15d4084.js\\\",\\\"5985\\\",\\\"static/chunks/5985-c1dc926d4d436766.js\\\",\\\"10756\\\",\\\"static/chunks/10756-daa34ab87965281e.js\\\",\\\"65088\\\",\\\"static/chunks/65088-8591857f52c4c13f.js\\\",\\\"6829\\\",\\\"static/chunks/6829-df03642e9cfbc8f4.js\\\",\\\"40331\\\",\\\"static/chunks/40331-459dbea7989a248e.js\\\",\\\"57028\\\",\\\"static/chunks/57028-3214d72e2a7c9de0.js\\\",\\\"28464\\\",\\\"static/chunks/28464-1f4a9b148a86c8af.js\\\",\\\"13557\\\",\\\"static/chunks/13557-d8c6f4320672188d.js\\\",\\\"57518\\\",\\\"static/chunks/57518-354d9d9eed155c41.js\\\",\\\"56873\\\",\\\"static/chunks/56873-2d1079b450e7f242.js\\\",\\\"80212\\\",\\\"static/chunks/80212-b72efa8ae64f19b5.js\\\",\\\"3556\\\",\\\"static/chunks/3556-d73559aa65408ef1.js\\\",\\\"5590\\\",\\\"static/chunks/5590-d9fabde5f7ff1a3e.js\\\",\\\"51822\\\",\\\"static/chunks/51822-78ff3a66cbc8c8da.js\\\",\\\"81729\\\",\\\"static/chunks/81729-516046754f560fe3.js\\\",\\\"97045\\\",\\\"static/chunks/97045-3066625d43510da3.js\\\",\\\"7177\\\",\\\"static/chunks/app/layout-e98b45b309fcb7a3.js\\\"],\\\"NuqsAdapter\\\"]\\n\"])</script><script>self.__next_f.push([1,\"d:I[79025,[\\\"25170\\\",\\\"static/chunks/25170-0e6181b2ccbbb6c4.js\\\",\\\"3888\\\",\\\"static/chunks/3888-1b80ac3e66e8a62f.js\\\",\\\"71106\\\",\\\"static/chunks/71106-b7535260a328d1a8.js\\\",\\\"3144\\\",\\\"static/chunks/3144-31c3de663d43a81f.js\\\",\\\"1734\\\",\\\"static/chunks/1734-d5af36f0b162a573.js\\\",\\\"45079\\\",\\\"static/chunks/45079-024b7107b15d4084.js\\\",\\\"5985\\\",\\\"static/chunks/5985-c1dc926d4d436766.js\\\",\\\"10756\\\",\\\"static/chunks/10756-daa34ab87965281e.js\\\",\\\"65088\\\",\\\"static/chunks/65088-8591857f52c4c13f.js\\\",\\\"6829\\\",\\\"static/chunks/6829-df03642e9cfbc8f4.js\\\",\\\"40331\\\",\\\"static/chunks/40331-459dbea7989a248e.js\\\",\\\"57028\\\",\\\"static/chunks/57028-3214d72e2a7c9de0.js\\\",\\\"28464\\\",\\\"static/chunks/28464-1f4a9b148a86c8af.js\\\",\\\"13557\\\",\\\"static/chunks/13557-d8c6f4320672188d.js\\\",\\\"57518\\\",\\\"static/chunks/57518-354d9d9eed155c41.js\\\",\\\"56873\\\",\\\"static/chunks/56873-2d1079b450e7f242.js\\\",\\\"80212\\\",\\\"static/chunks/80212-b72efa8ae64f19b5.js\\\",\\\"3556\\\",\\\"static/chunks/3556-d73559aa65408ef1.js\\\",\\\"5590\\\",\\\"static/chunks/5590-d9fabde5f7ff1a3e.js\\\",\\\"51822\\\",\\\"static/chunks/51822-78ff3a66cbc8c8da.js\\\",\\\"81729\\\",\\\"static/chunks/81729-516046754f560fe3.js\\\",\\\"97045\\\",\\\"static/chunks/97045-3066625d43510da3.js\\\",\\\"7177\\\",\\\"static/chunks/app/layout-e98b45b309fcb7a3.js\\\"],\\\"TooltipProvider\\\"]\\n\"])</script><script>self.__next_f.push([1,\"e:\\\"$Sreact.suspense\\\"\\n\"])</script><script>self.__next_f.push([1,\"11:I[90776,[\\\"25170\\\",\\\"static/chunks/25170-0e6181b2ccbbb6c4.js\\\",\\\"3888\\\",\\\"static/chunks/3888-1b80ac3e66e8a62f.js\\\",\\\"71106\\\",\\\"static/chunks/71106-b7535260a328d1a8.js\\\",\\\"3144\\\",\\\"static/chunks/3144-31c3de663d43a81f.js\\\",\\\"1734\\\",\\\"static/chunks/1734-d5af36f0b162a573.js\\\",\\\"45079\\\",\\\"static/chunks/45079-024b7107b15d4084.js\\\",\\\"5985\\\",\\\"static/chunks/5985-c1dc926d4d436766.js\\\",\\\"10756\\\",\\\"static/chunks/10756-daa34ab87965281e.js\\\",\\\"65088\\\",\\\"static/chunks/65088-8591857f52c4c13f.js\\\",\\\"6829\\\",\\\"static/chunks/6829-df03642e9cfbc8f4.js\\\",\\\"40331\\\",\\\"static/chunks/40331-459dbea7989a248e.js\\\",\\\"57028\\\",\\\"static/chunks/57028-3214d72e2a7c9de0.js\\\",\\\"28464\\\",\\\"static/chunks/28464-1f4a9b148a86c8af.js\\\",\\\"13557\\\",\\\"static/chunks/13557-d8c6f4320672188d.js\\\",\\\"57518\\\",\\\"static/chunks/57518-354d9d9eed155c41.js\\\",\\\"56873\\\",\\\"static/chunks/56873-2d1079b450e7f242.js\\\",\\\"80212\\\",\\\"static/chunks/80212-b72efa8ae64f19b5.js\\\",\\\"3556\\\",\\\"static/chunks/3556-d73559aa65408ef1.js\\\",\\\"5590\\\",\\\"static/chunks/5590-d9fabde5f7ff1a3e.js\\\",\\\"51822\\\",\\\"static/chunks/51822-78ff3a66cbc8c8da.js\\\",\\\"81729\\\",\\\"static/chunks/81729-516046754f560fe3.js\\\",\\\"97045\\\",\\\"static/chunks/97045-3066625d43510da3.js\\\",\\\"7177\\\",\\\"static/chunks/app/layout-e98b45b309fcb7a3.js\\\"],\\\"default\\\"]\\n\"])</script><script>self.__next_f.push([1,\"12:I[69707,[\\\"25170\\\",\\\"static/chunks/25170-0e6181b2ccbbb6c4.js\\\",\\\"3888\\\",\\\"static/chunks/3888-1b80ac3e66e8a62f.js\\\",\\\"71106\\\",\\\"static/chunks/71106-b7535260a328d1a8.js\\\",\\\"3144\\\",\\\"static/chunks/3144-31c3de663d43a81f.js\\\",\\\"1734\\\",\\\"static/chunks/1734-d5af36f0b162a573.js\\\",\\\"45079\\\",\\\"static/chunks/45079-024b7107b15d4084.js\\\",\\\"5985\\\",\\\"static/chunks/5985-c1dc926d4d436766.js\\\",\\\"10756\\\",\\\"static/chunks/10756-daa34ab87965281e.js\\\",\\\"65088\\\",\\\"static/chunks/65088-8591857f52c4c13f.js\\\",\\\"6829\\\",\\\"static/chunks/6829-df03642e9cfbc8f4.js\\\",\\\"40331\\\",\\\"static/chunks/40331-459dbea7989a248e.js\\\",\\\"57028\\\",\\\"static/chunks/57028-3214d72e2a7c9de0.js\\\",\\\"28464\\\",\\\"static/chunks/28464-1f4a9b148a86c8af.js\\\",\\\"13557\\\",\\\"static/chunks/13557-d8c6f4320672188d.js\\\",\\\"57518\\\",\\\"static/chunks/57518-354d9d9eed155c41.js\\\",\\\"56873\\\",\\\"static/chunks/56873-2d1079b450e7f242.js\\\",\\\"80212\\\",\\\"static/chunks/80212-b72efa8ae64f19b5.js\\\",\\\"3556\\\",\\\"static/chunks/3556-d73559aa65408ef1.js\\\",\\\"5590\\\",\\\"static/chunks/5590-d9fabde5f7ff1a3e.js\\\",\\\"51822\\\",\\\"static/chunks/51822-78ff3a66cbc8c8da.js\\\",\\\"81729\\\",\\\"static/chunks/81729-516046754f560fe3.js\\\",\\\"97045\\\",\\\"static/chunks/97045-3066625d43510da3.js\\\",\\\"7177\\\",\\\"static/chunks/app/layout-e98b45b309fcb7a3.js\\\"],\\\"OnboardingModal\\\"]\\n\"])</script><script>self.__next_f.push([1,\"13:I[36233,[\\\"25170\\\",\\\"static/chunks/25170-0e6181b2ccbbb6c4.js\\\",\\\"3888\\\",\\\"static/chunks/3888-1b80ac3e66e8a62f.js\\\",\\\"71106\\\",\\\"static/chunks/71106-b7535260a328d1a8.js\\\",\\\"3144\\\",\\\"static/chunks/3144-31c3de663d43a81f.js\\\",\\\"1734\\\",\\\"static/chunks/1734-d5af36f0b162a573.js\\\",\\\"45079\\\",\\\"static/chunks/45079-024b7107b15d4084.js\\\",\\\"5985\\\",\\\"static/chunks/5985-c1dc926d4d436766.js\\\",\\\"10756\\\",\\\"static/chunks/10756-daa34ab87965281e.js\\\",\\\"65088\\\",\\\"static/chunks/65088-8591857f52c4c13f.js\\\",\\\"6829\\\",\\\"static/chunks/6829-df03642e9cfbc8f4.js\\\",\\\"40331\\\",\\\"static/chunks/40331-459dbea7989a248e.js\\\",\\\"57028\\\",\\\"static/chunks/57028-3214d72e2a7c9de0.js\\\",\\\"28464\\\",\\\"static/chunks/28464-1f4a9b148a86c8af.js\\\",\\\"13557\\\",\\\"static/chunks/13557-d8c6f4320672188d.js\\\",\\\"57518\\\",\\\"static/chunks/57518-354d9d9eed155c41.js\\\",\\\"56873\\\",\\\"static/chunks/56873-2d1079b450e7f242.js\\\",\\\"80212\\\",\\\"static/chunks/80212-b72efa8ae64f19b5.js\\\",\\\"3556\\\",\\\"static/chunks/3556-d73559aa65408ef1.js\\\",\\\"5590\\\",\\\"static/chunks/5590-d9fabde5f7ff1a3e.js\\\",\\\"51822\\\",\\\"static/chunks/51822-78ff3a66cbc8c8da.js\\\",\\\"81729\\\",\\\"static/chunks/81729-516046754f560fe3.js\\\",\\\"97045\\\",\\\"static/chunks/97045-3066625d43510da3.js\\\",\\\"7177\\\",\\\"static/chunks/app/layout-e98b45b309fcb7a3.js\\\"],\\\"PageConfetti\\\"]\\n\"])</script><script>self.__next_f.push([1,\"14:I[7755,[],\\\"\\\"]\\n15:I[48919,[],\\\"\\\"]\\n16:I[13157,[\\\"25170\\\",\\\"static/chunks/25170-0e6181b2ccbbb6c4.js\\\",\\\"3888\\\",\\\"static/chunks/3888-1b80ac3e66e8a62f.js\\\",\\\"71106\\\",\\\"static/chunks/71106-b7535260a328d1a8.js\\\",\\\"3144\\\",\\\"static/chunks/3144-31c3de663d43a81f.js\\\",\\\"1734\\\",\\\"static/chunks/1734-d5af36f0b162a573.js\\\",\\\"45079\\\",\\\"static/chunks/45079-024b7107b15d4084.js\\\",\\\"6829\\\",\\\"static/chunks/6829-df03642e9cfbc8f4.js\\\",\\\"28151\\\",\\\"static/chunks/28151-9b975e06dd078d6b.js\\\",\\\"98761\\\",\\\"static/chunks/98761-1f1e4035f9cea0b6.js\\\",\\\"24345\\\",\\\"static/chunks/app/not-found-f7bb3c9b82a096e3.js\\\"],\\\"Separator\\\"]\\n17:I[66414,[\\\"25170\\\",\\\"static/chunks/25170-0e6181b2ccbbb6c4.js\\\",\\\"3888\\\",\\\"static/chunks/3888-1b80ac3e66e8a62f.js\\\",\\\"71106\\\",\\\"static/chunks/71106-b7535260a328d1a8.js\\\",\\\"40331\\\",\\\"static/chunks/40331-459dbea7989a248e.js\\\",\\\"32584\\\",\\\"static/chunks/32584-2052ed6c9ce94184.js\\\",\\\"5630\\\",\\\"static/chunks/5630-2ea83c9c3d616ebc.js\\\",\\\"32304\\\",\\\"static/chunks/32304-a9fecde38fba538e.js\\\",\\\"83318\\\",\\\"static/chunks/app/(user)/layout-3c15428b358026f7.js\\\"],\\\"Link\\\"]\\n18:I[98761,[\\\"25170\\\",\\\"static/chunks/25170-0e6181b2ccbbb6c4.js\\\",\\\"3888\\\",\\\"static/chunks/3888-1b80ac3e66e8a62f.js\\\",\\\"71106\\\",\\\"static/chunks/71106-b7535260a328d1a8.js\\\",\\\"3144\\\",\\\"static/chunks/3144-31c3de663d43a81f.js\\\",\\\"1734\\\",\\\"static/chunks/1734-d5af36f0b162a573.js\\\",\\\"45079\\\",\\\"static/chunks/45079-024b7107b15d4084.js\\\",\\\"6829\\\",\\\"static/chunks/6829-df03642e9cfbc8f4.js\\\",\\\"28151\\\",\\\"static/chunks/28151-9b975e06dd078d6b.js\\\",\\\"98761\\\",\\\"static/chunks/98761-1f1e4035f9cea0b6.js\\\",\\\"71957\\\",\\\"static/chunks/app/(static)/layout-007d563104356e66.js\\\"],\\\"Footer\\\"]\\n\"])</script><script>self.__next_f.push([1,\"19:I[88807,[\\\"25170\\\",\\\"static/chunks/25170-0e6181b2ccbbb6c4.js\\\",\\\"3888\\\",\\\"static/chunks/3888-1b80ac3e66e8a62f.js\\\",\\\"71106\\\",\\\"static/chunks/71106-b7535260a328d1a8.js\\\",\\\"3144\\\",\\\"static/chunks/3144-31c3de663d43a81f.js\\\",\\\"1734\\\",\\\"static/chunks/1734-d5af36f0b162a573.js\\\",\\\"45079\\\",\\\"static/chunks/45079-024b7107b15d4084.js\\\",\\\"5985\\\",\\\"static/chunks/5985-c1dc926d4d436766.js\\\",\\\"10756\\\",\\\"static/chunks/10756-daa34ab87965281e.js\\\",\\\"65088\\\",\\\"static/chunks/65088-8591857f52c4c13f.js\\\",\\\"6829\\\",\\\"static/chunks/6829-df03642e9cfbc8f4.js\\\",\\\"40331\\\",\\\"static/chunks/40331-459dbea7989a248e.js\\\",\\\"57028\\\",\\\"static/chunks/57028-3214d72e2a7c9de0.js\\\",\\\"28464\\\",\\\"static/chunks/28464-1f4a9b148a86c8af.js\\\",\\\"13557\\\",\\\"static/chunks/13557-d8c6f4320672188d.js\\\",\\\"57518\\\",\\\"static/chunks/57518-354d9d9eed155c41.js\\\",\\\"56873\\\",\\\"static/chunks/56873-2d1079b450e7f242.js\\\",\\\"80212\\\",\\\"static/chunks/80212-b72efa8ae64f19b5.js\\\",\\\"3556\\\",\\\"static/chunks/3556-d73559aa65408ef1.js\\\",\\\"5590\\\",\\\"static/chunks/5590-d9fabde5f7ff1a3e.js\\\",\\\"51822\\\",\\\"static/chunks/51822-78ff3a66cbc8c8da.js\\\",\\\"81729\\\",\\\"static/chunks/81729-516046754f560fe3.js\\\",\\\"97045\\\",\\\"static/chunks/97045-3066625d43510da3.js\\\",\\\"7177\\\",\\\"static/chunks/app/layout-e98b45b309fcb7a3.js\\\"],\\\"Toaster\\\"]\\n\"])</script><script>self.__next_f.push([1,\"1a:I[5115,[\\\"25170\\\",\\\"static/chunks/25170-0e6181b2ccbbb6c4.js\\\",\\\"3888\\\",\\\"static/chunks/3888-1b80ac3e66e8a62f.js\\\",\\\"71106\\\",\\\"static/chunks/71106-b7535260a328d1a8.js\\\",\\\"3144\\\",\\\"static/chunks/3144-31c3de663d43a81f.js\\\",\\\"1734\\\",\\\"static/chunks/1734-d5af36f0b162a573.js\\\",\\\"45079\\\",\\\"static/chunks/45079-024b7107b15d4084.js\\\",\\\"5985\\\",\\\"static/chunks/5985-c1dc926d4d436766.js\\\",\\\"10756\\\",\\\"static/chunks/10756-daa34ab87965281e.js\\\",\\\"65088\\\",\\\"static/chunks/65088-8591857f52c4c13f.js\\\",\\\"6829\\\",\\\"static/chunks/6829-df03642e9cfbc8f4.js\\\",\\\"40331\\\",\\\"static/chunks/40331-459dbea7989a248e.js\\\",\\\"57028\\\",\\\"static/chunks/57028-3214d72e2a7c9de0.js\\\",\\\"28464\\\",\\\"static/chunks/28464-1f4a9b148a86c8af.js\\\",\\\"13557\\\",\\\"static/chunks/13557-d8c6f4320672188d.js\\\",\\\"57518\\\",\\\"static/chunks/57518-354d9d9eed155c41.js\\\",\\\"56873\\\",\\\"static/chunks/56873-2d1079b450e7f242.js\\\",\\\"80212\\\",\\\"static/chunks/80212-b72efa8ae64f19b5.js\\\",\\\"3556\\\",\\\"static/chunks/3556-d73559aa65408ef1.js\\\",\\\"5590\\\",\\\"static/chunks/5590-d9fabde5f7ff1a3e.js\\\",\\\"51822\\\",\\\"static/chunks/51822-78ff3a66cbc8c8da.js\\\",\\\"81729\\\",\\\"static/chunks/81729-516046754f560fe3.js\\\",\\\"97045\\\",\\\"static/chunks/97045-3066625d43510da3.js\\\",\\\"7177\\\",\\\"static/chunks/app/layout-e98b45b309fcb7a3.js\\\"],\\\"CookieConsent\\\"]\\n\"])</script><script>self.__next_f.push([1,\"1f:I[98274,[\\\"3556\\\",\\\"static/chunks/3556-d73559aa65408ef1.js\\\",\\\"34219\\\",\\\"static/chunks/app/global-error-f927dfe9743bca16.js\\\"],\\\"default\\\"]\\n20:I[34594,[],\\\"OutletBoundary\\\"]\\n23:I[34594,[],\\\"ViewportBoundary\\\"]\\n25:I[34594,[],\\\"MetadataBoundary\\\"]\\n\"])</script><script>self.__next_f.push([1,\"27:I[43118,[\\\"25170\\\",\\\"static/chunks/25170-0e6181b2ccbbb6c4.js\\\",\\\"3888\\\",\\\"static/chunks/3888-1b80ac3e66e8a62f.js\\\",\\\"71106\\\",\\\"static/chunks/71106-b7535260a328d1a8.js\\\",\\\"3144\\\",\\\"static/chunks/3144-31c3de663d43a81f.js\\\",\\\"1734\\\",\\\"static/chunks/1734-d5af36f0b162a573.js\\\",\\\"45079\\\",\\\"static/chunks/45079-024b7107b15d4084.js\\\",\\\"5985\\\",\\\"static/chunks/5985-c1dc926d4d436766.js\\\",\\\"10756\\\",\\\"static/chunks/10756-daa34ab87965281e.js\\\",\\\"65088\\\",\\\"static/chunks/65088-8591857f52c4c13f.js\\\",\\\"6829\\\",\\\"static/chunks/6829-df03642e9cfbc8f4.js\\\",\\\"40331\\\",\\\"static/chunks/40331-459dbea7989a248e.js\\\",\\\"57028\\\",\\\"static/chunks/57028-3214d72e2a7c9de0.js\\\",\\\"28464\\\",\\\"static/chunks/28464-1f4a9b148a86c8af.js\\\",\\\"13557\\\",\\\"static/chunks/13557-d8c6f4320672188d.js\\\",\\\"57518\\\",\\\"static/chunks/57518-354d9d9eed155c41.js\\\",\\\"56873\\\",\\\"static/chunks/56873-2d1079b450e7f242.js\\\",\\\"80212\\\",\\\"static/chunks/80212-b72efa8ae64f19b5.js\\\",\\\"3556\\\",\\\"static/chunks/3556-d73559aa65408ef1.js\\\",\\\"5590\\\",\\\"static/chunks/5590-d9fabde5f7ff1a3e.js\\\",\\\"51822\\\",\\\"static/chunks/51822-78ff3a66cbc8c8da.js\\\",\\\"81729\\\",\\\"static/chunks/81729-516046754f560fe3.js\\\",\\\"97045\\\",\\\"static/chunks/97045-3066625d43510da3.js\\\",\\\"7177\\\",\\\"static/chunks/app/layout-e98b45b309fcb7a3.js\\\"],\\\"NavLink\\\"]\\n\"])</script><script>self.__next_f.push([1,\"28:I[89750,[\\\"25170\\\",\\\"static/chunks/25170-0e6181b2ccbbb6c4.js\\\",\\\"3888\\\",\\\"static/chunks/3888-1b80ac3e66e8a62f.js\\\",\\\"71106\\\",\\\"static/chunks/71106-b7535260a328d1a8.js\\\",\\\"3144\\\",\\\"static/chunks/3144-31c3de663d43a81f.js\\\",\\\"1734\\\",\\\"static/chunks/1734-d5af36f0b162a573.js\\\",\\\"45079\\\",\\\"static/chunks/45079-024b7107b15d4084.js\\\",\\\"5985\\\",\\\"static/chunks/5985-c1dc926d4d436766.js\\\",\\\"10756\\\",\\\"static/chunks/10756-daa34ab87965281e.js\\\",\\\"65088\\\",\\\"static/chunks/65088-8591857f52c4c13f.js\\\",\\\"6829\\\",\\\"static/chunks/6829-df03642e9cfbc8f4.js\\\",\\\"40331\\\",\\\"static/chunks/40331-459dbea7989a248e.js\\\",\\\"57028\\\",\\\"static/chunks/57028-3214d72e2a7c9de0.js\\\",\\\"28464\\\",\\\"static/chunks/28464-1f4a9b148a86c8af.js\\\",\\\"13557\\\",\\\"static/chunks/13557-d8c6f4320672188d.js\\\",\\\"57518\\\",\\\"static/chunks/57518-354d9d9eed155c41.js\\\",\\\"56873\\\",\\\"static/chunks/56873-2d1079b450e7f242.js\\\",\\\"80212\\\",\\\"static/chunks/80212-b72efa8ae64f19b5.js\\\",\\\"3556\\\",\\\"static/chunks/3556-d73559aa65408ef1.js\\\",\\\"5590\\\",\\\"static/chunks/5590-d9fabde5f7ff1a3e.js\\\",\\\"51822\\\",\\\"static/chunks/51822-78ff3a66cbc8c8da.js\\\",\\\"81729\\\",\\\"static/chunks/81729-516046754f560fe3.js\\\",\\\"97045\\\",\\\"static/chunks/97045-3066625d43510da3.js\\\",\\\"7177\\\",\\\"static/chunks/app/layout-e98b45b309fcb7a3.js\\\"],\\\"Navbar\\\"]\\n\"])</script><script>self.__next_f.push([1,\"29:I[49255,[],\\\"IconMark\\\"]\\n:HL[\\\"/_next/static/media/5b01f339abf2f1a5.p.woff2\\\",\\\"font\\\",{\\\"crossOrigin\\\":\\\"\\\",\\\"type\\\":\\\"font/woff2\\\"}]\\n:HL[\\\"/_next/static/media/e4af272ccee01ff0-s.p.woff2\\\",\\\"font\\\",{\\\"crossOrigin\\\":\\\"\\\",\\\"type\\\":\\\"font/woff2\\\"}]\\n:HL[\\\"/_next/static/css/cda3af16020f96ba.css\\\",\\\"style\\\"]\\n:HL[\\\"/_next/static/css/23565049b3597e0b.css\\\",\\\"style\\\"]\\n:HL[\\\"/_next/static/css/7f803c4ba0b62a29.css\\\",\\\"style\\\"]\\n\"])</script><script>self.__next_f.push([1,\"0:{\\\"P\\\":null,\\\"b\\\":\\\"033yALtZb2bus48NIwP0A\\\",\\\"p\\\":\\\"\\\",\\\"c\\\":[\\\"\\\",\\\"api\\\",\\\"v1\\\",\\\"v1\\\",\\\"messages\\\"],\\\"i\\\":false,\\\"f\\\":[[[\\\"\\\",{\\\"children\\\":[\\\"/_not-found\\\",{\\\"children\\\":[\\\"__PAGE__\\\",{}]}]},\\\"$undefined\\\",\\\"$undefined\\\",true],[\\\"\\\",[\\\"$\\\",\\\"$1\\\",\\\"c\\\",{\\\"children\\\":[[[\\\"$\\\",\\\"link\\\",\\\"0\\\",{\\\"rel\\\":\\\"stylesheet\\\",\\\"href\\\":\\\"/_next/static/css/cda3af16020f96ba.css\\\",\\\"precedence\\\":\\\"next\\\",\\\"crossOrigin\\\":\\\"$undefined\\\",\\\"nonce\\\":\\\"$undefined\\\"}],[\\\"$\\\",\\\"link\\\",\\\"1\\\",{\\\"rel\\\":\\\"stylesheet\\\",\\\"href\\\":\\\"/_next/static/css/23565049b3597e0b.css\\\",\\\"precedence\\\":\\\"next\\\",\\\"crossOrigin\\\":\\\"$undefined\\\",\\\"nonce\\\":\\\"$undefined\\\"}],[\\\"$\\\",\\\"link\\\",\\\"2\\\",{\\\"rel\\\":\\\"stylesheet\\\",\\\"href\\\":\\\"/_next/static/css/7f803c4ba0b62a29.css\\\",\\\"precedence\\\":\\\"next\\\",\\\"crossOrigin\\\":\\\"$undefined\\\",\\\"nonce\\\":\\\"$undefined\\\"}]],[\\\"$\\\",\\\"html\\\",null,{\\\"lang\\\":\\\"en\\\",\\\"suppressHydrationWarning\\\":true,\\\"children\\\":[\\\"$\\\",\\\"body\\\",null,{\\\"className\\\":\\\"__variable_f367f3 __variable_f910ec font-sans\\\",\\\"children\\\":[[\\\"$\\\",\\\"$L2\\\",null,{}],[\\\"$\\\",\\\"$L3\\\",null,{}],[\\\"$\\\",\\\"$L4\\\",null,{}],[\\\"$\\\",\\\"$L5\\\",null,{\\\"attribute\\\":\\\"class\\\",\\\"defaultTheme\\\":\\\"light\\\",\\\"disableTransitionOnChange\\\":true,\\\"children\\\":[\\\"$\\\",\\\"$L6\\\",null,{\\\"children\\\":[\\\"$\\\",\\\"$L7\\\",null,{\\\"children\\\":[\\\"$\\\",\\\"$L8\\\",null,{\\\"children\\\":[\\\"$\\\",\\\"$L9\\\",null,{\\\"children\\\":[\\\"$\\\",\\\"$La\\\",null,{\\\"children\\\":[\\\"$\\\",\\\"$Lb\\\",null,{\\\"children\\\":[\\\"$\\\",\\\"$Lc\\\",null,{\\\"children\\\":[\\\"$\\\",\\\"$Ld\\\",null,{\\\"children\\\":[[\\\"$\\\",\\\"main\\\",null,{\\\"className\\\":\\\"tabular-nums\\\",\\\"children\\\":[[\\\"$\\\",\\\"$e\\\",null,{\\\"fallback\\\":\\\"$Lf\\\",\\\"children\\\":\\\"$L10\\\"}],[\\\"$\\\",\\\"$e\\\",null,{\\\"children\\\":[[\\\"$\\\",\\\"$L11\\\",null,{}],[\\\"$\\\",\\\"$L12\\\",null,{}],[\\\"$\\\",\\\"$L13\\\",null,{}]]}],[\\\"$\\\",\\\"$L14\\\",null,{\\\"parallelRouterKey\\\":\\\"children\\\",\\\"error\\\":\\\"$undefined\\\",\\\"errorStyles\\\":\\\"$undefined\\\",\\\"errorScripts\\\":\\\"$undefined\\\",\\\"template\\\":[\\\"$\\\",\\\"$L15\\\",null,{}],\\\"templateStyles\\\":\\\"$undefined\\\",\\\"templateScripts\\\":\\\"$undefined\\\",\\\"notFound\\\":[[\\\"$\\\",\\\"div\\\",null,{\\\"className\\\":\\\"flex flex-col items-center justify-center bg-background text-foreground\\\",\\\"children\\\":[[\\\"$\\\",\\\"div\\\",null,{\\\"className\\\":\\\"relative z-0 transition-all border-border/50 md:border-r h-[calc(100dvh-4rem)] md:h-[calc(100dvh-5.25rem)] main-content-container items-center justify-center flex flex-col gap-4\\\",\\\"ref\\\":\\\"$undefined\\\",\\\"children\\\":[[\\\"$\\\",\\\"h2\\\",null,{\\\"className\\\":\\\"flex w-96 items-center justify-between gap-2\\\",\\\"children\\\":[[\\\"$\\\",\\\"$L16\\\",null,{\\\"className\\\":\\\"flex-1 bg-gradient-to-r from-background via-background to-border\\\"}],[\\\"$\\\",\\\"span\\\",null,{\\\"children\\\":\\\"404: Not Found\\\"}],[\\\"$\\\",\\\"$L16\\\",null,{\\\"className\\\":\\\"flex-1 bg-gradient-to-l from-background via-background to-border\\\"}]]}],[\\\"$\\\",\\\"div\\\",null,{\\\"className\\\":\\\"flex flex-col gap-8 md:flex-row\\\",\\\"children\\\":[[\\\"$\\\",\\\"$L17\\\",null,{\\\"href\\\":\\\"/\\\",\\\"className\\\":\\\"self-start\\\",\\\"children\\\":[\\\"$\\\",\\\"button\\\",null,{\\\"className\\\":\\\"items-center justify-center whitespace-nowrap font-medium transition-colors focus-visible:outline-none disabled:pointer-events-none disabled:opacity-50 focus-visible:ring-1 focus-visible:ring-ring bg-secondary text-secondary-foreground shadow-sm hover:bg-secondary/80 hover:text-secondary-foreground h-8 rounded-md px-3 text-xs group flex gap-2\\\",\\\"ref\\\":\\\"$undefined\\\",\\\"disabled\\\":\\\"$undefined\\\",\\\"children\\\":[[\\\"$\\\",\\\"svg\\\",null,{\\\"xmlns\\\":\\\"http://www.w3.org/2000/svg\\\",\\\"fill\\\":\\\"none\\\",\\\"viewBox\\\":\\\"0 0 24 24\\\",\\\"strokeWidth\\\":1.5,\\\"stroke\\\":\\\"currentColor\\\",\\\"aria-hidden\\\":\\\"true\\\",\\\"data-slot\\\":\\\"icon\\\",\\\"ref\\\":\\\"$undefined\\\",\\\"aria-labelledby\\\":\\\"$undefined\\\",\\\"className\\\":\\\"size-4 transition-transform group-hover:-translate-x-1\\\",\\\"children\\\":[null,[\\\"$\\\",\\\"path\\\",null,{\\\"strokeLinecap\\\":\\\"round\\\",\\\"strokeLinejoin\\\":\\\"round\\\",\\\"d\\\":\\\"M10.5 19.5 3 12m0 0 7.5-7.5M3 12h18\\\"}]]}],\\\"Go Home\\\"]}]}],[\\\"$\\\",\\\"$L17\\\",null,{\\\"href\\\":\\\"/models\\\",\\\"className\\\":\\\"self-end\\\",\\\"children\\\":[\\\"$\\\",\\\"button\\\",null,{\\\"className\\\":\\\"items-center justify-center whitespace-nowrap font-medium transition-colors focus-visible:outline-none disabled:pointer-events-none disabled:opacity-50 focus-visible:ring-1 focus-visible:ring-ring bg-secondary text-secondary-foreground shadow-sm hover:bg-secondary/80 hover:text-secondary-foreground h-8 rounded-md px-3 text-xs group flex gap-2\\\",\\\"ref\\\":\\\"$undefined\\\",\\\"disabled\\\":\\\"$undefined\\\",\\\"children\\\":[\\\"Browse Models\\\",[\\\"$\\\",\\\"svg\\\",null,{\\\"xmlns\\\":\\\"http://www.w3.org/2000/svg\\\",\\\"fill\\\":\\\"none\\\",\\\"viewBox\\\":\\\"0 0 24 24\\\",\\\"strokeWidth\\\":1.5,\\\"stroke\\\":\\\"currentColor\\\",\\\"aria-hidden\\\":\\\"true\\\",\\\"data-slot\\\":\\\"icon\\\",\\\"ref\\\":\\\"$undefined\\\",\\\"aria-labelledby\\\":\\\"$undefined\\\",\\\"className\\\":\\\"size-4 transition-transform group-hover:translate-x-1\\\",\\\"children\\\":[null,[\\\"$\\\",\\\"path\\\",null,{\\\"strokeLinecap\\\":\\\"round\\\",\\\"strokeLinejoin\\\":\\\"round\\\",\\\"d\\\":\\\"M13.5 4.5 21 12m0 0-7.5 7.5M21 12H3\\\"}]]}]]}]}]]}]]}],[\\\"$\\\",\\\"$L18\\\",null,{}]]}],[]],\\\"forbidden\\\":\\\"$undefined\\\",\\\"unauthorized\\\":\\\"$undefined\\\"}]]}],[\\\"$\\\",\\\"div\\\",null,{\\\"id\\\":\\\"portal-container\\\"}],[\\\"$\\\",\\\"$L19\\\",null,{}],[\\\"$\\\",\\\"$L1a\\\",null,{}]]}]}]}]}]}]}]}]}]}]]}]}]]}],{\\\"children\\\":[\\\"/_not-found\\\",[\\\"$\\\",\\\"$1\\\",\\\"c\\\",{\\\"children\\\":[null,[\\\"$\\\",\\\"$L14\\\",null,{\\\"parallelRouterKey\\\":\\\"children\\\",\\\"error\\\":\\\"$undefined\\\",\\\"errorStyles\\\":\\\"$undefined\\\",\\\"errorScripts\\\":\\\"$undefined\\\",\\\"template\\\":[\\\"$\\\",\\\"$L15\\\",null,{}],\\\"templateStyles\\\":\\\"$undefined\\\",\\\"templateScripts\\\":\\\"$undefined\\\",\\\"notFound\\\":\\\"$undefined\\\",\\\"forbidden\\\":\\\"$undefined\\\",\\\"unauthorized\\\":\\\"$undefined\\\"}]]}],{\\\"children\\\":[\\\"__PAGE__\\\",[\\\"$\\\",\\\"$1\\\",\\\"c\\\",{\\\"children\\\":[\\\"$L1b\\\",null,\\\"$L1c\\\"]}],{},null,false]},null,false]},[\\\"$L1d\\\",[],[]],false],\\\"$L1e\\\",false]],\\\"m\\\":\\\"$undefined\\\",\\\"G\\\":[\\\"$1f\\\",[]],\\\"s\\\":false,\\\"S\\\":false}\\n\"])</script><script>self.__next_f.push([1,\"1b:[\\\"$\\\",\\\"div\\\",null,{\\\"className\\\":\\\"flex flex-col items-center justify-center bg-background text-foreground\\\",\\\"children\\\":[[\\\"$\\\",\\\"div\\\",null,{\\\"className\\\":\\\"relative z-0 transition-all border-border/50 md:border-r h-[calc(100dvh-4rem)] md:h-[calc(100dvh-5.25rem)] main-content-container items-center justify-center flex flex-col gap-4\\\",\\\"ref\\\":\\\"$undefined\\\",\\\"children\\\":[[\\\"$\\\",\\\"h2\\\",null,{\\\"className\\\":\\\"flex w-96 items-center justify-between gap-2\\\",\\\"children\\\":[[\\\"$\\\",\\\"$L16\\\",null,{\\\"className\\\":\\\"flex-1 bg-gradient-to-r from-background via-background to-border\\\"}],[\\\"$\\\",\\\"span\\\",null,{\\\"children\\\":\\\"404: Not Found\\\"}],[\\\"$\\\",\\\"$L16\\\",null,{\\\"className\\\":\\\"flex-1 bg-gradient-to-l from-background via-background to-border\\\"}]]}],[\\\"$\\\",\\\"div\\\",null,{\\\"className\\\":\\\"flex flex-col gap-8 md:flex-row\\\",\\\"children\\\":[[\\\"$\\\",\\\"$L17\\\",null,{\\\"href\\\":\\\"/\\\",\\\"className\\\":\\\"self-start\\\",\\\"children\\\":[\\\"$\\\",\\\"button\\\",null,{\\\"className\\\":\\\"items-center justify-center whitespace-nowrap font-medium transition-colors focus-visible:outline-none disabled:pointer-events-none disabled:opacity-50 focus-visible:ring-1 focus-visible:ring-ring bg-secondary text-secondary-foreground shadow-sm hover:bg-secondary/80 hover:text-secondary-foreground h-8 rounded-md px-3 text-xs group flex gap-2\\\",\\\"ref\\\":\\\"$undefined\\\",\\\"disabled\\\":\\\"$undefined\\\",\\\"children\\\":[[\\\"$\\\",\\\"svg\\\",null,{\\\"xmlns\\\":\\\"http://www.w3.org/2000/svg\\\",\\\"fill\\\":\\\"none\\\",\\\"viewBox\\\":\\\"0 0 24 24\\\",\\\"strokeWidth\\\":1.5,\\\"stroke\\\":\\\"currentColor\\\",\\\"aria-hidden\\\":\\\"true\\\",\\\"data-slot\\\":\\\"icon\\\",\\\"ref\\\":\\\"$undefined\\\",\\\"aria-labelledby\\\":\\\"$undefined\\\",\\\"className\\\":\\\"size-4 transition-transform group-hover:-translate-x-1\\\",\\\"children\\\":[null,[\\\"$\\\",\\\"path\\\",null,{\\\"strokeLinecap\\\":\\\"round\\\",\\\"strokeLinejoin\\\":\\\"round\\\",\\\"d\\\":\\\"M10.5 19.5 3 12m0 0 7.5-7.5M3 12h18\\\"}]]}],\\\"Go Home\\\"]}]}],[\\\"$\\\",\\\"$L17\\\",null,{\\\"href\\\":\\\"/models\\\",\\\"className\\\":\\\"self-end\\\",\\\"children\\\":[\\\"$\\\",\\\"button\\\",null,{\\\"className\\\":\\\"items-center justify-center whitespace-nowrap font-medium transition-colors focus-visible:outline-none disabled:pointer-events-none disabled:opacity-50 focus-visible:ring-1 focus-visible:ring-ring bg-secondary text-secondary-foreground shadow-sm hover:bg-secondary/80 hover:text-secondary-foreground h-8 rounded-md px-3 text-xs group flex gap-2\\\",\\\"ref\\\":\\\"$undefined\\\",\\\"disabled\\\":\\\"$undefined\\\",\\\"children\\\":[\\\"Browse Models\\\",[\\\"$\\\",\\\"svg\\\",null,{\\\"xmlns\\\":\\\"http://www.w3.org/2000/svg\\\",\\\"fill\\\":\\\"none\\\",\\\"viewBox\\\":\\\"0 0 24 24\\\",\\\"strokeWidth\\\":1.5,\\\"stroke\\\":\\\"currentColor\\\",\\\"aria-hidden\\\":\\\"true\\\",\\\"data-slot\\\":\\\"icon\\\",\\\"ref\\\":\\\"$undefined\\\",\\\"aria-labelledby\\\":\\\"$undefined\\\",\\\"className\\\":\\\"size-4 transition-transform group-hover:translate-x-1\\\",\\\"children\\\":[null,[\\\"$\\\",\\\"path\\\",null,{\\\"strokeLinecap\\\":\\\"round\\\",\\\"strokeLinejoin\\\":\\\"round\\\",\\\"d\\\":\\\"M13.5 4.5 21 12m0 0-7.5 7.5M21 12H3\\\"}]]}]]}]}]]}]]}],[\\\"$\\\",\\\"$L18\\\",null,{}]]}]\\n\"])</script><script>self.__next_f.push([1,\"1c:[\\\"$\\\",\\\"$L20\\\",null,{\\\"children\\\":[\\\"$L21\\\",\\\"$L22\\\"]}]\\n1d:[\\\"$\\\",\\\"div\\\",\\\"l\\\",{\\\"className\\\":\\\"flex flex-col items-center min-h-[calc(100vh-80px)] w-full md:min-h-screen\\\"}]\\n1e:[\\\"$\\\",\\\"$1\\\",\\\"h\\\",{\\\"children\\\":[[\\\"$\\\",\\\"meta\\\",null,{\\\"name\\\":\\\"robots\\\",\\\"content\\\":\\\"noindex\\\"}],[[\\\"$\\\",\\\"$L23\\\",null,{\\\"children\\\":\\\"$L24\\\"}],[\\\"$\\\",\\\"meta\\\",null,{\\\"name\\\":\\\"next-size-adjust\\\",\\\"content\\\":\\\"\\\"}]],[\\\"$\\\",\\\"$L25\\\",null,{\\\"children\\\":\\\"$L26\\\"}]]}]\\n\"])</script><script>self.__next_f.push([1,\"f:[\\\"$\\\",\\\"nav\\\",null,{\\\"id\\\":\\\"main-nav\\\",\\\"className\\\":\\\"sticky top-0 z-40 bg-background w-full\\\",\\\"children\\\":[\\\"$\\\",\\\"div\\\",null,{\\\"className\\\":\\\"mx-auto w-full px-6 py-3.5 lg:py-6 max-w-screen-4xl\\\",\\\"children\\\":[\\\"$\\\",\\\"div\\\",null,{\\\"className\\\":\\\"align-center relative flex flex-row justify-between text-sm md:text-base\\\",\\\"children\\\":[[\\\"$\\\",\\\"div\\\",null,{\\\"className\\\":\\\"flex flex-1 items-center gap-4\\\",\\\"children\\\":[[\\\"$\\\",\\\"$L27\\\",null,{\\\"href\\\":\\\"/\\\",\\\"children\\\":[\\\"$\\\",\\\"span\\\",null,{\\\"className\\\":\\\"flex items-center gap-2 text-base transform cursor-pointer font-medium duration-100 ease-in-out fill-current stroke-current\\\",\\\"children\\\":[[\\\"$\\\",\\\"svg\\\",null,{\\\"width\\\":\\\"100%\\\",\\\"height\\\":\\\"100%\\\",\\\"viewBox\\\":\\\"0 0 512 512\\\",\\\"xmlns\\\":\\\"http://www.w3.org/2000/svg\\\",\\\"className\\\":\\\"size-4\\\",\\\"fill\\\":\\\"currentColor\\\",\\\"stroke\\\":\\\"currentColor\\\",\\\"role\\\":\\\"img\\\",\\\"aria-label\\\":\\\"Logo\\\",\\\"children\\\":[[\\\"$\\\",\\\"path\\\",null,{\\\"d\\\":\\\"M3 248.945C18 248.945 76 236 106 219C136 202 136 202 198 158C276.497 102.293 332 120.945 423 120.945\\\",\\\"strokeWidth\\\":\\\"90\\\"}],[\\\"$\\\",\\\"path\\\",null,{\\\"d\\\":\\\"M511 121.5L357.25 210.268L357.25 32.7324L511 121.5Z\\\"}],[\\\"$\\\",\\\"path\\\",null,{\\\"d\\\":\\\"M0 249C15 249 73 261.945 103 278.945C133 295.945 133 295.945 195 339.945C273.497 395.652 329 377 420 377\\\",\\\"strokeWidth\\\":\\\"90\\\"}],[\\\"$\\\",\\\"path\\\",null,{\\\"d\\\":\\\"M508 376.445L354.25 287.678L354.25 465.213L508 376.445Z\\\"}]]}],\\\"OpenRouter\\\"]}]}],[[\\\"$\\\",\\\"div\\\",null,{\\\"className\\\":\\\"hidden md:flex h-9 w-[386px] items-center gap-2 rounded-md bg-slate-3 text-slate-11 opacity-60\\\",\\\"children\\\":[[\\\"$\\\",\\\"svg\\\",null,{\\\"xmlns\\\":\\\"http://www.w3.org/2000/svg\\\",\\\"viewBox\\\":\\\"0 0 24 24\\\",\\\"fill\\\":\\\"currentColor\\\",\\\"aria-hidden\\\":\\\"true\\\",\\\"data-slot\\\":\\\"icon\\\",\\\"ref\\\":\\\"$undefined\\\",\\\"aria-labelledby\\\":\\\"$undefined\\\",\\\"className\\\":\\\"ml-3 size-4 shrink-0 text-muted-foreground\\\",\\\"children\\\":[null,[\\\"$\\\",\\\"path\\\",null,{\\\"fillRule\\\":\\\"evenodd\\\",\\\"d\\\":\\\"M10.5 3.75a6.75 6.75 0 1 0 0 13.5 6.75 6.75 0 0 0 0-13.5ZM2.25 10.5a8.25 8.25 0 1 1 14.59 5.28l4.69 4.69a.75.75 0 1 1-1.06 1.06l-4.69-4.69A8.25 8.25 0 0 1 2.25 10.5Z\\\",\\\"clipRule\\\":\\\"evenodd\\\"}]]}],[\\\"$\\\",\\\"span\\\",null,{\\\"className\\\":\\\"flex-1 text-sm text-muted-foreground\\\",\\\"children\\\":\\\"Search\\\"}],[\\\"$\\\",\\\"kbd\\\",null,{\\\"className\\\":\\\"flex items-center justify-center aspect-square h-4 w-4 p-1 pointer-events-none rounded-sm bg-border text-xs text-muted-foreground mr-3.5\\\",\\\"children\\\":\\\"/\\\"}]]}],[\\\"$\\\",\\\"div\\\",null,{\\\"className\\\":\\\"md:hidden flex size-9 items-center justify-center opacity-60\\\",\\\"children\\\":[\\\"$\\\",\\\"svg\\\",null,{\\\"xmlns\\\":\\\"http://www.w3.org/2000/svg\\\",\\\"viewBox\\\":\\\"0 0 24 24\\\",\\\"fill\\\":\\\"currentColor\\\",\\\"aria-hidden\\\":\\\"true\\\",\\\"data-slot\\\":\\\"icon\\\",\\\"ref\\\":\\\"$undefined\\\",\\\"aria-labelledby\\\":\\\"$undefined\\\",\\\"className\\\":\\\"size-4 text-muted-foreground\\\",\\\"children\\\":[null,[\\\"$\\\",\\\"path\\\",null,{\\\"fillRule\\\":\\\"evenodd\\\",\\\"d\\\":\\\"M10.5 3.75a6.75 6.75 0 1 0 0 13.5 6.75 6.75 0 0 0 0-13.5ZM2.25 10.5a8.25 8.25 0 1 1 14.59 5.28l4.69 4.69a.75.75 0 1 1-1.06 1.06l-4.69-4.69A8.25 8.25 0 0 1 2.25 10.5Z\\\",\\\"clipRule\\\":\\\"evenodd\\\"}]]}]}]]]}],[\\\"$\\\",\\\"div\\\",null,{\\\"className\\\":\\\"hidden lg:flex lg:gap-1 text-sm items-center\\\",\\\"children\\\":[[\\\"$\\\",\\\"$L27\\\",null,{\\\"href\\\":\\\"/models\\\",\\\"children\\\":\\\"Models\\\"}],[\\\"$\\\",\\\"$L27\\\",null,{\\\"href\\\":\\\"/chat\\\",\\\"children\\\":\\\"Chat\\\"}],[\\\"$\\\",\\\"$L27\\\",null,{\\\"href\\\":\\\"/rankings\\\",\\\"children\\\":\\\"Rankings\\\"}],[\\\"$\\\",\\\"$L27\\\",null,{\\\"href\\\":\\\"/apps\\\",\\\"children\\\":\\\"Apps\\\"}],[[\\\"$\\\",\\\"$L27\\\",null,{\\\"href\\\":\\\"/enterprise\\\",\\\"children\\\":\\\"Enterprise\\\"}],[\\\"$\\\",\\\"$L27\\\",null,{\\\"href\\\":\\\"/pricing\\\",\\\"children\\\":\\\"Pricing\\\"}]],[\\\"$\\\",\\\"$L27\\\",null,{\\\"href\\\":\\\"/docs/quickstart\\\",\\\"children\\\":\\\"Docs\\\"}],[\\\"$\\\",\\\"div\\\",null,{\\\"className\\\":\\\"flex w-24 justify-end\\\",\\\"children\\\":[\\\"$\\\",\\\"div\\\",null,{\\\"className\\\":\\\"animate-pulse bg-muted h-9 w-full rounded-full\\\"}]}]]}],[\\\"$\\\",\\\"div\\\",null,{\\\"className\\\":\\\"lg:hidden flex flex-1 justify-end gap-1\\\",\\\"children\\\":[\\\"$\\\",\\\"div\\\",null,{\\\"className\\\":\\\"flex w-24 justify-end\\\",\\\"children\\\":[[\\\"$\\\",\\\"div\\\",null,{\\\"className\\\":\\\"animate-pulse rounded-md bg-muted h-9 flex-1 rounded-l-full\\\"}],[\\\"$\\\",\\\"div\\\",null,{\\\"className\\\":\\\"animate-pulse rounded-md bg-muted h-9 w-10 rounded-r-full\\\"}]]}]}]]}]}]}]\\n\"])</script><script>self.__next_f.push([1,\"10:[\\\"$\\\",\\\"$L28\\\",null,{\\\"initialIsSignedIn\\\":false,\\\"initialIsAdmin\\\":false,\\\"initialUserImageUrl\\\":\\\"$undefined\\\",\\\"initialUserName\\\":\\\"$undefined\\\"}]\\n24:[[\\\"$\\\",\\\"meta\\\",\\\"0\\\",{\\\"charSet\\\":\\\"utf-8\\\"}],[\\\"$\\\",\\\"meta\\\",\\\"1\\\",{\\\"name\\\":\\\"viewport\\\",\\\"content\\\":\\\"width=device-width, initial-scale=1, minimum-scale=1\\\"}],[\\\"$\\\",\\\"meta\\\",\\\"2\\\",{\\\"name\\\":\\\"theme-color\\\",\\\"media\\\":\\\"(prefers-color-scheme: light)\\\",\\\"content\\\":\\\"rgb(255, 255, 255)\\\"}],[\\\"$\\\",\\\"meta\\\",\\\"3\\\",{\\\"name\\\":\\\"theme-color\\\",\\\"media\\\":\\\"(prefers-color-scheme: dark)\\\",\\\"content\\\":\\\"rgb(9, 10, 11)\\\"}]]\\n21:null\\n22:null\\n\"])</script><script>self.__next_f.push([1,\"26:[[\\\"$\\\",\\\"title\\\",\\\"0\\\",{\\\"children\\\":\\\"Not Found | OpenRouter\\\"}],[\\\"$\\\",\\\"meta\\\",\\\"1\\\",{\\\"name\\\":\\\"description\\\",\\\"content\\\":\\\"The page you are looking for does not exist\\\"}],[\\\"$\\\",\\\"link\\\",\\\"2\\\",{\\\"rel\\\":\\\"manifest\\\",\\\"href\\\":\\\"/manifest.webmanifest\\\",\\\"crossOrigin\\\":\\\"$undefined\\\"}],[\\\"$\\\",\\\"meta\\\",\\\"3\\\",{\\\"name\\\":\\\"openrouter:commit-sha\\\",\\\"content\\\":\\\"20b0d44554f8066370e22e60c99dd6436acd860c\\\"}],[\\\"$\\\",\\\"meta\\\",\\\"4\\\",{\\\"property\\\":\\\"og:title\\\",\\\"content\\\":\\\"Not Found | OpenRouter\\\"}],[\\\"$\\\",\\\"meta\\\",\\\"5\\\",{\\\"property\\\":\\\"og:description\\\",\\\"content\\\":\\\"The page you are looking for does not exist\\\"}],[\\\"$\\\",\\\"meta\\\",\\\"6\\\",{\\\"property\\\":\\\"og:url\\\",\\\"content\\\":\\\"https://openrouter.ai\\\"}],[\\\"$\\\",\\\"meta\\\",\\\"7\\\",{\\\"property\\\":\\\"og:site_name\\\",\\\"content\\\":\\\"OpenRouter\\\"}],[\\\"$\\\",\\\"meta\\\",\\\"8\\\",{\\\"property\\\":\\\"og:image\\\",\\\"content\\\":\\\"https://openrouter.ai/dynamic-og?pathname=not-found\\u0026title=Not+Found\\u0026description=The+page+you+are+looking+for+does+not+exist\\\"}],[\\\"$\\\",\\\"meta\\\",\\\"9\\\",{\\\"name\\\":\\\"twitter:card\\\",\\\"content\\\":\\\"summary_large_image\\\"}],[\\\"$\\\",\\\"meta\\\",\\\"10\\\",{\\\"name\\\":\\\"twitter:site\\\",\\\"content\\\":\\\"@openrouter\\\"}],[\\\"$\\\",\\\"meta\\\",\\\"11\\\",{\\\"name\\\":\\\"twitter:title\\\",\\\"content\\\":\\\"Not Found | OpenRouter\\\"}],[\\\"$\\\",\\\"meta\\\",\\\"12\\\",{\\\"name\\\":\\\"twitter:description\\\",\\\"content\\\":\\\"The page you are looking for does not exist\\\"}],[\\\"$\\\",\\\"meta\\\",\\\"13\\\",{\\\"name\\\":\\\"twitter:image\\\",\\\"content\\\":\\\"https://openrouter.ai/dynamic-og?pathname=not-found\\u0026title=Not+Found\\u0026description=The+page+you+are+looking+for+does+not+exist\\\"}],[\\\"$\\\",\\\"link\\\",\\\"14\\\",{\\\"rel\\\":\\\"icon\\\",\\\"href\\\":\\\"/favicon.ico\\\",\\\"type\\\":\\\"image/x-icon\\\",\\\"sizes\\\":\\\"16x16\\\"}],[\\\"$\\\",\\\"link\\\",\\\"15\\\",{\\\"rel\\\":\\\"icon\\\",\\\"href\\\":\\\"/favicon.ico\\\"}],[\\\"$\\\",\\\"$L29\\\",\\\"16\\\",{}]]\\n\"])</script></body></html>","timestamp":"2026-03-07T11:01:42.428Z"}
{"context":"API","level":"info","message":"GET /api/pipeline/runs","timestamp":"2026-03-07T11:01:43.123Z"}
{"context":"StrategyClassifier","level":"warn","message":"  Claude API attempt 1/3 failed: 404 <!DOCTYPE html><html lang=\"en\"><head><meta charSet=\"utf-8\"/><meta name=\"viewport\" content=\"width=device-width, initial-scale=1, minimum-scale=1\"/><link rel=\"stylesheet\" href=\"/_next/static/css/cda3af16020f96ba.css\" data-precedence=\"next\"/><link rel=\"stylesheet\" href=\"/_next/static/css/23565049b3597e0b.css\" data-precedence=\"next\"/><link rel=\"stylesheet\" href=\"/_next/static/css/7f803c4ba0b62a29.css\" data-precedence=\"next\"/><link rel=\"preload\" as=\"script\" fetchPriority=\"low\" href=\"/_next/static/chunks/webpack-10ba58d93e371456.js\"/><script src=\"/_next/static/chunks/9ba4270a-e6f67529ac26615d.js\" async=\"\"></script><script src=\"/_next/static/chunks/92a4cbe8-e405d44926c37b73.js\" async=\"\"></script><script src=\"/_next/static/chunks/60384-70e3fa1342d029c7.js\" async=\"\"></script><script src=\"/_next/static/chunks/46437-de717c850179876b.js\" async=\"\"></script><script src=\"/_next/static/chunks/main-app-0bba5adccdad5b04.js\" async=\"\"></script><script src=\"/_next/static/chunks/25170-0e6181b2ccbbb6c4.js\" async=\"\"></script><script src=\"/_next/static/chunks/3888-1b80ac3e66e8a62f.js\" async=\"\"></script><script src=\"/_next/static/chunks/71106-b7535260a328d1a8.js\" async=\"\"></script><script src=\"/_next/static/chunks/3144-31c3de663d43a81f.js\" async=\"\"></script><script src=\"/_next/static/chunks/1734-d5af36f0b162a573.js\" async=\"\"></script><script src=\"/_next/static/chunks/45079-024b7107b15d4084.js\" async=\"\"></script><script src=\"/_next/static/chunks/5985-c1dc926d4d436766.js\" async=\"\"></script><script src=\"/_next/static/chunks/10756-daa34ab87965281e.js\" async=\"\"></script><script src=\"/_next/static/chunks/65088-8591857f52c4c13f.js\" async=\"\"></script><script src=\"/_next/static/chunks/6829-df03642e9cfbc8f4.js\" async=\"\"></script><script src=\"/_next/static/chunks/40331-459dbea7989a248e.js\" async=\"\"></script><script src=\"/_next/static/chunks/57028-3214d72e2a7c9de0.js\" async=\"\"></script><script src=\"/_next/static/chunks/28464-1f4a9b148a86c8af.js\" async=\"\"></script><script src=\"/_next/static/chunks/13557-d8c6f4320672188d.js\" async=\"\"></script><script src=\"/_next/static/chunks/57518-354d9d9eed155c41.js\" async=\"\"></script><script src=\"/_next/static/chunks/56873-2d1079b450e7f242.js\" async=\"\"></script><script src=\"/_next/static/chunks/80212-b72efa8ae64f19b5.js\" async=\"\"></script><script src=\"/_next/static/chunks/3556-d73559aa65408ef1.js\" async=\"\"></script><script src=\"/_next/static/chunks/5590-d9fabde5f7ff1a3e.js\" async=\"\"></script><script src=\"/_next/static/chunks/51822-78ff3a66cbc8c8da.js\" async=\"\"></script><script src=\"/_next/static/chunks/81729-516046754f560fe3.js\" async=\"\"></script><script src=\"/_next/static/chunks/97045-3066625d43510da3.js\" async=\"\"></script><script src=\"/_next/static/chunks/app/layout-e98b45b309fcb7a3.js\" async=\"\"></script><script src=\"/_next/static/chunks/28151-9b975e06dd078d6b.js\" async=\"\"></script><script src=\"/_next/static/chunks/98761-1f1e4035f9cea0b6.js\" async=\"\"></script><script src=\"/_next/static/chunks/app/not-found-f7bb3c9b82a096e3.js\" async=\"\"></script><script src=\"/_next/static/chunks/32584-2052ed6c9ce94184.js\" async=\"\"></script><script src=\"/_next/static/chunks/5630-2ea83c9c3d616ebc.js\" async=\"\"></script><script src=\"/_next/static/chunks/32304-a9fecde38fba538e.js\" async=\"\"></script><script src=\"/_next/static/chunks/app/(user)/layout-3c15428b358026f7.js\" async=\"\"></script><script src=\"/_next/static/chunks/app/(static)/layout-007d563104356e66.js\" async=\"\"></script><script src=\"/_next/static/chunks/app/global-error-f927dfe9743bca16.js\" async=\"\"></script><script src=\"https://clerk.openrouter.ai/npm/@clerk/clerk-js@5/dist/clerk.browser.js\" data-clerk-js-script=\"true\" async=\"\" crossorigin=\"anonymous\" data-clerk-publishable-key=\"pk_live_Y2xlcmsub3BlbnJvdXRlci5haSQ\"></script><meta name=\"robots\" content=\"noindex\"/><meta name=\"next-size-adjust\" content=\"\"/><meta name=\"theme-color\" media=\"(prefers-color-scheme: light)\" content=\"rgb(255, 255, 255)\"/><meta name=\"theme-color\" media=\"(prefers-color-scheme: dark)\" content=\"rgb(9, 10, 11)\"/><title>Not Found | OpenRouter</title><meta name=\"description\" content=\"The page you are looking for does not exist\"/><link rel=\"manifest\" href=\"/manifest.webmanifest\"/><meta name=\"openrouter:commit-sha\" content=\"20b0d44554f8066370e22e60c99dd6436acd860c\"/><meta property=\"og:title\" content=\"Not Found | OpenRouter\"/><meta property=\"og:description\" content=\"The page you are looking for does not exist\"/><meta property=\"og:url\" content=\"https://openrouter.ai\"/><meta property=\"og:site_name\" content=\"OpenRouter\"/><meta property=\"og:image\" content=\"https://openrouter.ai/dynamic-og?pathname=not-found&amp;title=Not+Found&amp;description=The+page+you+are+looking+for+does+not+exist\"/><meta name=\"twitter:card\" content=\"summary_large_image\"/><meta name=\"twitter:site\" content=\"@openrouter\"/><meta name=\"twitter:title\" content=\"Not Found | OpenRouter\"/><meta name=\"twitter:description\" content=\"The page you are looking for does not exist\"/><meta name=\"twitter:image\" content=\"https://openrouter.ai/dynamic-og?pathname=not-found&amp;title=Not+Found&amp;description=The+page+you+are+looking+for+does+not+exist\"/><link rel=\"icon\" href=\"/favicon.ico\" type=\"image/x-icon\" sizes=\"16x16\"/><link rel=\"icon\" href=\"/favicon.ico\"/><script async=\"\" src=\"https://www.googletagmanager.com/gtag/js?id=G-R8YZRJS2XN\"></script><script src=\"/_next/static/chunks/polyfills-42372ed130431b0a.js\" noModule=\"\"></script><script>\n            window.dataLayer = window.dataLayer || [];\n            function gtag(){dataLayer.push(arguments);}\n            gtag('js', new Date());\n            gtag('config', 'G-R8YZRJS2XN');\n          </script></head><body class=\"__variable_f367f3 __variable_f910ec font-sans\"><style>\n:root {\n  --bprogress-color: hsl(var(--primary));\n  --bprogress-height: 2px;\n  --bprogress-spinner-size: 18px;\n  --bprogress-spinner-animation-duration: 400ms;\n  --bprogress-spinner-border-size: 2px;\n  --bprogress-box-shadow: 0 0 10px hsl(var(--primary)), 0 0 5px hsl(var(--primary));\n  --bprogress-z-index: 99999;\n  --bprogress-spinner-top: 15px;\n  --bprogress-spinner-bottom: auto;\n  --bprogress-spinner-right: 15px;\n  --bprogress-spinner-left: auto;\n}\n\n.bprogress {\n  width: 0;\n  height: 0;\n  pointer-events: none;\n  z-index: var(--bprogress-z-index);\n}\n\n.bprogress .bar {\n  background: var(--bprogress-color);\n  position: fixed;\n  z-index: var(--bprogress-z-index);\n  top: 0;\n  left: 0;\n  width: 100%;\n  height: var(--bprogress-height);\n}\n\n/* Fancy blur effect */\n.bprogress .peg {\n  display: block;\n  position: absolute;\n  right: 0;\n  width: 100px;\n  height: 100%;\n  box-shadow: var(--bprogress-box-shadow);\n  opacity: 1.0;\n  transform: rotate(3deg) translate(0px, -4px);\n}\n\n/* Remove these to get rid of the spinner */\n.bprogress .spinner {\n  display: block;\n  position: fixed;\n  z-index: var(--bprogress-z-index);\n  top: var(--bprogress-spinner-top);\n  bottom: var(--bprogress-spinner-bottom);\n  right: var(--bprogress-spinner-right);\n  left: var(--bprogress-spinner-left);\n}\n\n.bprogress .spinner-icon {\n  width: var(--bprogress-spinner-size);\n  height: var(--bprogress-spinner-size);\n  box-sizing: border-box;\n  border: solid var(--bprogress-spinner-border-size) transparent;\n  border-top-color: var(--bprogress-color);\n  border-left-color: var(--bprogress-color);\n  border-radius: 50%;\n  -webkit-animation: bprogress-spinner var(--bprogress-spinner-animation-duration) linear infinite;\n  animation: bprogress-spinner var(--bprogress-spinner-animation-duration) linear infinite;\n}\n\n.bprogress-custom-parent {\n  overflow: hidden;\n  position: relative;\n}\n\n.bprogress-custom-parent .bprogress .spinner,\n.bprogress-custom-parent .bprogress .bar {\n  position: absolute;\n}\n\n.bprogress .indeterminate {\n  position: fixed;\n  top: 0;\n  left: 0;\n  width: 100%;\n  height: var(--bprogress-height);\n  overflow: hidden;\n}\n\n.bprogress .indeterminate .inc,\n.bprogress .indeterminate .dec {\n  position: absolute;\n  top: 0;\n  height: 100%;\n  background-color: var(--bprogress-color);\n}\n\n.bprogress .indeterminate .inc {\n  animation: bprogress-indeterminate-increase 2s infinite;\n}\n\n.bprogress .indeterminate .dec {\n  animation: bprogress-indeterminate-decrease 2s 0.5s infinite;\n}\n\n@-webkit-keyframes bprogress-spinner {\n  0%   { -webkit-transform: rotate(0deg); transform: rotate(0deg); }\n  100% { -webkit-transform: rotate(360deg); transform: rotate(360deg); }\n}\n\n@keyframes bprogress-spinner {\n  0%   { transform: rotate(0deg); }\n  100% { transform: rotate(360deg); }\n}\n\n@keyframes bprogress-indeterminate-increase {\n  from { left: -5%; width: 5%; }\n  to { left: 130%; width: 100%; }\n}\n\n@keyframes bprogress-indeterminate-decrease {\n  from { left: -80%; width: 80%; }\n  to { left: 110%; width: 10%; }\n}\n</style><!--$--><!--/$--><script>((a,b,c,d,e,f,g,h)=>{let i=document.documentElement,j=[\"light\",\"dark\"];function k(b){var c;(Array.isArray(a)?a:[a]).forEach(a=>{let c=\"class\"===a,d=c&&f?e.map(a=>f[a]||a):e;c?(i.classList.remove(...d),i.classList.add(f&&f[b]?f[b]:b)):i.setAttribute(a,b)}),c=b,h&&j.includes(c)&&(i.style.colorScheme=c)}if(d)k(d);else try{let a=localStorage.getItem(b)||c,d=g&&\"system\"===a?window.matchMedia(\"(prefers-color-scheme: dark)\").matches?\"dark\":\"light\":a;k(d)}catch(a){}})(\"class\",\"theme\",\"light\",null,[\"light\",\"dark\"],null,true,true)</script><!--$--><!--/$--><main class=\"tabular-nums\"><!--$?--><template id=\"B:0\"></template><nav id=\"main-nav\" class=\"sticky top-0 z-40 bg-background w-full\"><div class=\"mx-auto w-full px-6 py-3.5 lg:py-6 max-w-screen-4xl\"><div class=\"align-center relative flex flex-row justify-between text-sm md:text-base\"><div class=\"flex flex-1 items-center gap-4\"><a class=\"text-muted-foreground\" href=\"/\"><button class=\"inline-flex items-center whitespace-nowrap font-medium transition-colors focus-visible:outline-none disabled:pointer-events-none disabled:opacity-50 focus-visible:ring-1 focus-visible:ring-ring gap-2 leading-6 hover:bg-accent hover:text-accent-foreground border border-transparent h-9 rounded-md w-auto justify-center text-muted-foreground px-2\"><span class=\"flex items-center gap-2 text-base transform cursor-pointer font-medium duration-100 ease-in-out fill-current stroke-current\"><svg width=\"100%\" height=\"100%\" viewBox=\"0 0 512 512\" xmlns=\"http://www.w3.org/2000/svg\" class=\"size-4\" fill=\"currentColor\" stroke=\"currentColor\" role=\"img\" aria-label=\"Logo\"><path d=\"M3 248.945C18 248.945 76 236 106 219C136 202 136 202 198 158C276.497 102.293 332 120.945 423 120.945\" stroke-width=\"90\"></path><path d=\"M511 121.5L357.25 210.268L357.25 32.7324L511 121.5Z\"></path><path d=\"M0 249C15 249 73 261.945 103 278.945C133 295.945 133 295.945 195 339.945C273.497 395.652 329 377 420 377\" stroke-width=\"90\"></path><path d=\"M508 376.445L354.25 287.678L354.25 465.213L508 376.445Z\"></path></svg>OpenRouter</span></button></a><div class=\"hidden md:flex h-9 w-[386px] items-center gap-2 rounded-md bg-slate-3 text-slate-11 opacity-60\"><svg xmlns=\"http://www.w3.org/2000/svg\" viewBox=\"0 0 24 24\" fill=\"currentColor\" aria-hidden=\"true\" data-slot=\"icon\" class=\"ml-3 size-4 shrink-0 text-muted-foreground\"><path fill-rule=\"evenodd\" d=\"M10.5 3.75a6.75 6.75 0 1 0 0 13.5 6.75 6.75 0 0 0 0-13.5ZM2.25 10.5a8.25 8.25 0 1 1 14.59 5.28l4.69 4.69a.75.75 0 1 1-1.06 1.06l-4.69-4.69A8.25 8.25 0 0 1 2.25 10.5Z\" clip-rule=\"evenodd\"></path></svg><span class=\"flex-1 text-sm text-muted-foreground\">Search</span><kbd class=\"flex items-center justify-center aspect-square h-4 w-4 p-1 pointer-events-none rounded-sm bg-border text-xs text-muted-foreground mr-3.5\">/</kbd></div><div class=\"md:hidden flex size-9 items-center justify-center opacity-60\"><svg xmlns=\"http://www.w3.org/2000/svg\" viewBox=\"0 0 24 24\" fill=\"currentColor\" aria-hidden=\"true\" data-slot=\"icon\" class=\"size-4 text-muted-foreground\"><path fill-rule=\"evenodd\" d=\"M10.5 3.75a6.75 6.75 0 1 0 0 13.5 6.75 6.75 0 0 0 0-13.5ZM2.25 10.5a8.25 8.25 0 1 1 14.59 5.28l4.69 4.69a.75.75 0 1 1-1.06 1.06l-4.69-4.69A8.25 8.25 0 0 1 2.25 10.5Z\" clip-rule=\"evenodd\"></path></svg></div></div><div class=\"hidden lg:flex lg:gap-1 text-sm items-center\"><a class=\"text-muted-foreground\" href=\"/models\"><button class=\"inline-flex items-center whitespace-nowrap font-medium transition-colors focus-visible:outline-none disabled:pointer-events-none disabled:opacity-50 focus-visible:ring-1 focus-visible:ring-ring gap-2 leading-6 hover:bg-accent hover:text-accent-foreground border border-transparent h-9 rounded-md w-auto justify-center text-muted-foreground px-2\">Models</button></a><a class=\"text-muted-foreground\" href=\"/chat\"><button class=\"inline-flex items-center whitespace-nowrap font-medium transition-colors focus-visible:outline-none disabled:pointer-events-none disabled:opacity-50 focus-visible:ring-1 focus-visible:ring-ring gap-2 leading-6 hover:bg-accent hover:text-accent-foreground border border-transparent h-9 rounded-md w-auto justify-center text-muted-foreground px-2\">Chat</button></a><a class=\"text-muted-foreground\" href=\"/rankings\"><button class=\"inline-flex items-center whitespace-nowrap font-medium transition-colors focus-visible:outline-none disabled:pointer-events-none disabled:opacity-50 focus-visible:ring-1 focus-visible:ring-ring gap-2 leading-6 hover:bg-accent hover:text-accent-foreground border border-transparent h-9 rounded-md w-auto justify-center text-muted-foreground px-2\">Rankings</button></a><a class=\"text-muted-foreground\" href=\"/apps\"><button class=\"inline-flex items-center whitespace-nowrap font-medium transition-colors focus-visible:outline-none disabled:pointer-events-none disabled:opacity-50 focus-visible:ring-1 focus-visible:ring-ring gap-2 leading-6 hover:bg-accent hover:text-accent-foreground border border-transparent h-9 rounded-md w-auto justify-center text-muted-foreground px-2\">Apps</button></a><a class=\"text-muted-foreground\" href=\"/enterprise\"><button class=\"inline-flex items-center whitespace-nowrap font-medium transition-colors focus-visible:outline-none disabled:pointer-events-none disabled:opacity-50 focus-visible:ring-1 focus-visible:ring-ring gap-2 leading-6 hover:bg-accent hover:text-accent-foreground border border-transparent h-9 rounded-md w-auto justify-center text-muted-foreground px-2\">Enterprise</button></a><a class=\"text-muted-foreground\" href=\"/pricing\"><button class=\"inline-flex items-center whitespace-nowrap font-medium transition-colors focus-visible:outline-none disabled:pointer-events-none disabled:opacity-50 focus-visible:ring-1 focus-visible:ring-ring gap-2 leading-6 hover:bg-accent hover:text-accent-foreground border border-transparent h-9 rounded-md w-auto justify-center text-muted-foreground px-2\">Pricing</button></a><a href=\"/docs/quickstart\" class=\"text-muted-foreground\"><button class=\"inline-flex items-center whitespace-nowrap font-medium transition-colors focus-visible:outline-none disabled:pointer-events-none disabled:opacity-50 focus-visible:ring-1 focus-visible:ring-ring gap-2 leading-6 hover:bg-accent hover:text-accent-foreground border border-transparent h-9 rounded-md w-auto justify-center text-muted-foreground px-2\">Docs</button></a><div class=\"flex w-24 justify-end\"><div class=\"animate-pulse bg-muted h-9 w-full rounded-full\"></div></div></div><div class=\"lg:hidden flex flex-1 justify-end gap-1\"><div class=\"flex w-24 justify-end\"><div class=\"animate-pulse rounded-md bg-muted h-9 flex-1 rounded-l-full\"></div><div class=\"animate-pulse rounded-md bg-muted h-9 w-10 rounded-r-full\"></div></div></div></div></div></nav><!--/$--><!--$--><!--/$--><!--$?--><template id=\"B:1\"></template><div class=\"flex flex-col items-center min-h-[calc(100vh-80px)] w-full md:min-h-screen\"></div><!--/$--></main><div id=\"portal-container\"></div><section aria-label=\"Notifications alt+T\" tabindex=\"-1\" aria-live=\"polite\" aria-relevant=\"additions text\" aria-atomic=\"false\"></section><script>requestAnimationFrame(function(){$RT=performance.now()});</script><script src=\"/_next/static/chunks/webpack-10ba58d93e371456.js\" id=\"_R_\" async=\"\"></script><div hidden id=\"S:0\"><nav id=\"main-nav\" class=\"sticky top-0 z-40 transition-all duration-150 bg-background w-full\"><div class=\"mx-auto w-full transition-all duration-150 px-6 py-3.5 lg:py-6\"><span style=\"position:absolute;border:0;width:1px;height:1px;padding:0;margin:-1px;overflow:hidden;clip:rect(0, 0, 0, 0);white-space:nowrap;word-wrap:normal\"><a href=\"#skip\" class=\"sr-only absolute left-0 top-0 bg-background text-primary focus:not-sr-only\">Skip to content</a></span><div class=\"align-center relative flex flex-row justify-between text-sm md:text-base\"><div class=\"flex flex-1 items-center gap-4\"><a class=\"text-muted-foreground\" href=\"/\"><button class=\"inline-flex items-center whitespace-nowrap font-medium transition-colors focus-visible:outline-none disabled:pointer-events-none disabled:opacity-50 focus-visible:ring-1 focus-visible:ring-ring gap-2 leading-6 hover:bg-accent hover:text-accent-foreground border border-transparent h-9 rounded-md w-auto justify-center text-muted-foreground px-2\"><span class=\"flex items-center gap-2 text-base transform cursor-pointer font-medium duration-100 ease-in-out fill-current stroke-current\"><svg width=\"100%\" height=\"100%\" viewBox=\"0 0 512 512\" xmlns=\"http://www.w3.org/2000/svg\" class=\"size-4\" fill=\"currentColor\" stroke=\"currentColor\" role=\"img\" aria-label=\"Logo\"><path d=\"M3 248.945C18 248.945 76 236 106 219C136 202 136 202 198 158C276.497 102.293 332 120.945 423 120.945\" stroke-width=\"90\"></path><path d=\"M511 121.5L357.25 210.268L357.25 32.7324L511 121.5Z\"></path><path d=\"M0 249C15 249 73 261.945 103 278.945C133 295.945 133 295.945 195 339.945C273.497 395.652 329 377 420 377\" stroke-width=\"90\"></path><path d=\"M508 376.445L354.25 287.678L354.25 465.213L508 376.445Z\"></path></svg>OpenRouter</span></button></a><div class=\"hidden md:block\"><div tabindex=\"-1\" class=\"flex h-full w-full flex-col overflow-hidden rounded-md bg-popover text-popover-foreground\" cmdk-root=\"\"><label cmdk-label=\"\" for=\"radix-_R_6cjdl9bH2_\" id=\"radix-_R_6cjdl9bH1_\" style=\"position:absolute;width:1px;height:1px;padding:0;margin:-1px;overflow:hidden;clip:rect(0, 0, 0, 0);white-space:nowrap;border-width:0\"></label><div role=\"combobox\" aria-controls=\"search-command-list\" aria-expanded=\"false\" class=\"relative flex h-9 w-[386px] items-center gap-2 rounded-md ring-ring transition-colors bg-slate-3 text-slate-11 focus-within:bg-slate-4 focus-within:text-slate-12\" type=\"button\" aria-haspopup=\"dialog\" data-state=\"closed\"><div class=\"flex items-center border-b px-3 w-full focus-visible:outline-none\" cmdk-input-wrapper=\"\"><svg xmlns=\"http://www.w3.org/2000/svg\" viewBox=\"0 0 24 24\" fill=\"currentColor\" aria-hidden=\"true\" data-slot=\"icon\" class=\"mr-2 h-4 w-4 shrink-0 opacity-50\"><path fill-rule=\"evenodd\" d=\"M10.5 3.75a6.75 6.75 0 1 0 0 13.5 6.75 6.75 0 0 0 0-13.5ZM2.25 10.5a8.25 8.25 0 1 1 14.59 5.28l4.69 4.69a.75.75 0 1 1-1.06 1.06l-4.69-4.69A8.25 8.25 0 0 1 2.25 10.5Z\" clip-rule=\"evenodd\"></path></svg><input class=\"flex h-10 w-full rounded-md bg-transparent py-3 text-sm outline-none placeholder:text-muted-foreground disabled:cursor-not-allowed disabled:opacity-50\" placeholder=\"Search\" disabled=\"\" cmdk-input=\"\" autoComplete=\"off\" autoCorrect=\"off\" spellCheck=\"false\" aria-autocomplete=\"list\" role=\"combobox\" aria-expanded=\"true\" aria-controls=\"radix-_R_6cjdl9b_\" aria-labelledby=\"radix-_R_6cjdl9bH1_\" id=\"radix-_R_6cjdl9bH2_\" type=\"text\" value=\"\"/></div><kbd class=\"flex items-center justify-center aspect-square h-4 w-4 p-1 pointer-events-none rounded-sm bg-border text-xs text-muted-foreground absolute right-3.5 transition-opacity duration-200\">/</kbd></div></div></div><div class=\"md:hidden\"><button class=\"inline-flex items-center justify-center whitespace-nowrap rounded-md font-medium transition-colors focus-visible:outline-none disabled:pointer-events-none disabled:opacity-50 focus-visible:ring-1 focus-visible:ring-ring gap-2 leading-6 text-muted-foreground hover:bg-accent hover:text-accent-foreground border border-transparent h-9 w-9\" role=\"combobox\" aria-expanded=\"false\" title=\"Search\" type=\"button\" aria-haspopup=\"dialog\" aria-controls=\"radix-_R_acjdl9b_\" data-state=\"closed\" data-slot=\"dialog-trigger\"><svg xmlns=\"http://www.w3.org/2000/svg\" viewBox=\"0 0 24 24\" fill=\"currentColor\" aria-hidden=\"true\" data-slot=\"icon\" class=\"size-4\"><path fill-rule=\"evenodd\" d=\"M10.5 3.75a6.75 6.75 0 1 0 0 13.5 6.75 6.75 0 0 0 0-13.5ZM2.25 10.5a8.25 8.25 0 1 1 14.59 5.28l4.69 4.69a.75.75 0 1 1-1.06 1.06l-4.69-4.69A8.25 8.25 0 0 1 2.25 10.5Z\" clip-rule=\"evenodd\"></path></svg></button></div></div><div class=\"hidden lg:flex lg:gap-1 text-sm\"><a class=\"text-muted-foreground\" href=\"/models\"><button class=\"inline-flex items-center whitespace-nowrap font-medium transition-colors focus-visible:outline-none disabled:pointer-events-none disabled:opacity-50 focus-visible:ring-1 focus-visible:ring-ring gap-2 leading-6 hover:bg-accent hover:text-accent-foreground border border-transparent h-9 rounded-md w-auto justify-center text-muted-foreground px-2\">Models</button></a><a class=\"text-muted-foreground\" href=\"/chat\"><button class=\"inline-flex items-center whitespace-nowrap font-medium transition-colors focus-visible:outline-none disabled:pointer-events-none disabled:opacity-50 focus-visible:ring-1 focus-visible:ring-ring gap-2 leading-6 hover:bg-accent hover:text-accent-foreground border border-transparent h-9 rounded-md w-auto justify-center text-muted-foreground px-2\">Chat</button></a><a class=\"text-muted-foreground\" href=\"/rankings\"><button class=\"inline-flex items-center whitespace-nowrap font-medium transition-colors focus-visible:outline-none disabled:pointer-events-none disabled:opacity-50 focus-visible:ring-1 focus-visible:ring-ring gap-2 leading-6 hover:bg-accent hover:text-accent-foreground border border-transparent h-9 rounded-md w-auto justify-center text-muted-foreground px-2\">Rankings</button></a><a class=\"text-muted-foreground\" href=\"/apps\"><button class=\"inline-flex items-center whitespace-nowrap font-medium transition-colors focus-visible:outline-none disabled:pointer-events-none disabled:opacity-50 focus-visible:ring-1 focus-visible:ring-ring gap-2 leading-6 hover:bg-accent hover:text-accent-foreground border border-transparent h-9 rounded-md w-auto justify-center text-muted-foreground px-2\">Apps</button></a><a class=\"text-muted-foreground\" href=\"/enterprise\"><button class=\"inline-flex items-center whitespace-nowrap font-medium transition-colors focus-visible:outline-none disabled:pointer-events-none disabled:opacity-50 focus-visible:ring-1 focus-visible:ring-ring gap-2 leading-6 hover:bg-accent hover:text-accent-foreground border border-transparent h-9 rounded-md w-auto justify-center text-muted-foreground px-2\">Enterprise</button></a><a class=\"text-muted-foreground\" href=\"/pricing\"><button class=\"inline-flex items-center whitespace-nowrap font-medium transition-colors focus-visible:outline-none disabled:pointer-events-none disabled:opacity-50 focus-visible:ring-1 focus-visible:ring-ring gap-2 leading-6 hover:bg-accent hover:text-accent-foreground border border-transparent h-9 rounded-md w-auto justify-center text-muted-foreground px-2\">Pricing</button></a><a href=\"/docs/quickstart\" class=\"text-muted-foreground\"><button class=\"inline-flex items-center whitespace-nowrap font-medium transition-colors focus-visible:outline-none disabled:pointer-events-none disabled:opacity-50 focus-visible:ring-1 focus-visible:ring-ring gap-2 leading-6 hover:bg-accent hover:text-accent-foreground border border-transparent h-9 rounded-md w-auto justify-center text-muted-foreground px-2\">Docs</button></a><div class=\"flex w-24 justify-end\"><div class=\"animate-pulse bg-muted h-9 w-full rounded-full\"></div></div></div><div class=\"lg:hidden\"><div class=\"flex flex-1 justify-end gap-1\"><div class=\"flex w-24 justify-end\"><div class=\"animate-pulse rounded-md bg-muted h-9 flex-1 rounded-l-full\"></div><div class=\"animate-pulse rounded-md bg-muted h-9 w-10 rounded-r-full\"></div></div></div></div></div></div></nav></div><script>$RB=[];$RV=function(a){$RT=performance.now();for(var b=0;b<a.length;b+=2){var c=a[b],e=a[b+1];null!==e.parentNode&&e.parentNode.removeChild(e);var f=c.parentNode;if(f){var g=c.previousSibling,h=0;do{if(c&&8===c.nodeType){var d=c.data;if(\"/$\"===d||\"/&\"===d)if(0===h)break;else h--;else\"$\"!==d&&\"$?\"!==d&&\"$~\"!==d&&\"$!\"!==d&&\"&\"!==d||h++}d=c.nextSibling;f.removeChild(c);c=d}while(c);for(;e.firstChild;)f.insertBefore(e.firstChild,c);g.data=\"$\";g._reactRetry&&requestAnimationFrame(g._reactRetry)}}a.length=0};\n$RC=function(a,b){if(b=document.getElementById(b))(a=document.getElementById(a))?(a.previousSibling.data=\"$~\",$RB.push(a,b),2===$RB.length&&(\"number\"!==typeof $RT?requestAnimationFrame($RV.bind(null,$RB)):(a=performance.now(),setTimeout($RV.bind(null,$RB),2300>a&&2E3<a?2300-a:$RT+300-a)))):b.parentNode.removeChild(b)};$RC(\"B:0\",\"S:0\")</script><div hidden id=\"S:1\"><div class=\"flex flex-col items-center justify-center bg-background text-foreground\"><div class=\"relative z-0 transition-all border-border/50 md:border-r h-[calc(100dvh-4rem)] md:h-[calc(100dvh-5.25rem)] main-content-container items-center justify-center flex flex-col gap-4\"><h2 class=\"flex w-96 items-center justify-between gap-2\"><div data-orientation=\"horizontal\" role=\"none\" class=\"h-px w-full flex-1 bg-gradient-to-r from-background via-background to-border\"></div><span>404: Not Found</span><div data-orientation=\"horizontal\" role=\"none\" class=\"h-px w-full flex-1 bg-gradient-to-l from-background via-background to-border\"></div></h2><div class=\"flex flex-col gap-8 md:flex-row\"><a class=\"self-start\" href=\"/\"><button class=\"items-center justify-center whitespace-nowrap font-medium transition-colors focus-visible:outline-none disabled:pointer-events-none disabled:opacity-50 focus-visible:ring-1 focus-visible:ring-ring bg-secondary text-secondary-foreground shadow-sm hover:bg-secondary/80 hover:text-secondary-foreground h-8 rounded-md px-3 text-xs group flex gap-2\"><svg xmlns=\"http://www.w3.org/2000/svg\" fill=\"none\" viewBox=\"0 0 24 24\" stroke-width=\"1.5\" stroke=\"currentColor\" aria-hidden=\"true\" data-slot=\"icon\" class=\"size-4 transition-transform group-hover:-translate-x-1\"><path stroke-linecap=\"round\" stroke-linejoin=\"round\" d=\"M10.5 19.5 3 12m0 0 7.5-7.5M3 12h18\"></path></svg>Go Home</button></a><a class=\"self-end\" href=\"/models\"><button class=\"items-center justify-center whitespace-nowrap font-medium transition-colors focus-visible:outline-none disabled:pointer-events-none disabled:opacity-50 focus-visible:ring-1 focus-visible:ring-ring bg-secondary text-secondary-foreground shadow-sm hover:bg-secondary/80 hover:text-secondary-foreground h-8 rounded-md px-3 text-xs group flex gap-2\">Browse Models<svg xmlns=\"http://www.w3.org/2000/svg\" fill=\"none\" viewBox=\"0 0 24 24\" stroke-width=\"1.5\" stroke=\"currentColor\" aria-hidden=\"true\" data-slot=\"icon\" class=\"size-4 transition-transform group-hover:translate-x-1\"><path stroke-linecap=\"round\" stroke-linejoin=\"round\" d=\"M13.5 4.5 21 12m0 0-7.5 7.5M21 12H3\"></path></svg></button></a></div></div><footer><div class=\"px-6 py-12 md:px-12 md:py-16 border-t bg-background font-medium\"><div class=\"mx-auto max-w-7xl grid gap-8 grid-cols-2 md:grid-cols-4 lg:grid-cols-5\"><div class=\"col-span-2 md:col-span-4 lg:col-span-1 flex flex-col gap-4\"><span data-state=\"closed\" style=\"-webkit-touch-callout:none\"><a class=\"flex items-center gap-2 text-foreground hover:text-foreground/80 transition-colors w-fit\" href=\"/\"><svg width=\"100%\" height=\"100%\" viewBox=\"0 0 512 512\" xmlns=\"http://www.w3.org/2000/svg\" class=\"size-5\" fill=\"currentColor\" stroke=\"currentColor\" role=\"img\" aria-label=\"OpenRouter Logo\"><path d=\"M3 248.945C18 248.945 76 236 106 219C136 202 136 202 198 158C276.497 102.293 332 120.945 423 120.945\" stroke-width=\"90\"></path><path d=\"M511 121.5L357.25 210.268L357.25 32.7324L511 121.5Z\"></path><path d=\"M0 249C15 249 73 261.945 103 278.945C133 295.945 133 295.945 195 339.945C273.497 395.652 329 377 420 377\" stroke-width=\"90\"></path><path d=\"M508 376.445L354.25 287.678L354.25 465.213L508 376.445Z\"></path></svg><span class=\"font-semibold\">OpenRouter</span></a></span><div class=\"text-sm text-muted-foreground\">© 2026 OpenRouter, Inc</div></div><div class=\"flex flex-col gap-3\"><h3 class=\"font-semibold text-foreground\">Product</h3><ul class=\"flex flex-col gap-2\"><li><a class=\"text-sm text-muted-foreground hover:text-foreground transition-colors flex items-center gap-2\" href=\"/chat\">Chat</a></li><li><a class=\"text-sm text-muted-foreground hover:text-foreground transition-colors flex items-center gap-2\" href=\"/rankings\">Rankings</a></li><li><a class=\"text-sm text-muted-foreground hover:text-foreground transition-colors flex items-center gap-2\" href=\"/apps\">Apps</a></li><li><a class=\"text-sm text-muted-foreground hover:text-foreground transition-colors flex items-center gap-2\" href=\"/models\">Models</a></li><li><a class=\"text-sm text-muted-foreground hover:text-foreground transition-colors flex items-center gap-2\" href=\"/providers\">Providers</a></li><li><a class=\"text-sm text-muted-foreground hover:text-foreground transition-colors flex items-center gap-2\" href=\"/pricing\">Pricing</a></li><li><a class=\"text-sm text-muted-foreground hover:text-foreground transition-colors flex items-center gap-2\" href=\"/redeem\">Redeem</a></li><li><a class=\"text-sm text-muted-foreground hover:text-foreground transition-colors flex items-center gap-2\" href=\"/enterprise\">Enterprise</a></li></ul></div><div class=\"flex flex-col gap-3\"><h3 class=\"font-semibold text-foreground\">Company</h3><ul class=\"flex flex-col gap-2\"><li><a class=\"text-sm text-muted-foreground hover:text-foreground transition-colors flex items-center gap-2\" href=\"/about\">About</a></li><li><a class=\"text-sm text-muted-foreground hover:text-foreground transition-colors flex items-center gap-2\" href=\"/announcements\">Announcements</a></li><li><a class=\"text-sm text-muted-foreground hover:text-foreground transition-colors flex items-center gap-2\" href=\"/careers\">Careers<span class=\"text-xs bg-primary/10 text-primary px-1.5 py-0.5 rounded\">Hiring</span></a></li><li><a class=\"text-sm text-muted-foreground hover:text-foreground transition-colors flex items-center gap-2\" href=\"/privacy\">Privacy</a></li><li><a class=\"text-sm text-muted-foreground hover:text-foreground transition-colors flex items-center gap-2\" href=\"/terms\">Terms of Service</a></li><li><a class=\"text-sm text-muted-foreground hover:text-foreground transition-colors flex items-center gap-2\" href=\"/support\">Support</a></li><li><a class=\"text-sm text-muted-foreground hover:text-foreground transition-colors flex items-center gap-2\" href=\"/state-of-ai\">State of AI</a></li><li><a class=\"text-sm text-muted-foreground hover:text-foreground transition-colors flex items-center gap-2\" href=\"/works-with-openrouter\">Works With OR</a></li></ul></div><div class=\"flex flex-col gap-3\"><h3 class=\"font-semibold text-foreground\">Developer</h3><ul class=\"flex flex-col gap-2\"><li><a href=\"/docs\" class=\"text-sm text-muted-foreground hover:text-foreground transition-colors flex items-center gap-2\" target=\"_blank\" rel=\"noopener noreferrer\">Documentation</a></li><li><a href=\"/docs/api-reference\" class=\"text-sm text-muted-foreground hover:text-foreground transition-colors flex items-center gap-2\" target=\"_blank\" rel=\"noopener noreferrer\">API Reference</a></li><li><a class=\"text-sm text-muted-foreground hover:text-foreground transition-colors flex items-center gap-2\" href=\"/sdk\">SDK</a></li><li><a href=\"https://status.openrouter.ai\" class=\"text-sm text-muted-foreground hover:text-foreground transition-colors flex items-center gap-2\" target=\"_blank\" rel=\"noopener noreferrer\">Status</a></li></ul></div><div class=\"flex flex-col gap-3\"><h3 class=\"font-semibold text-foreground\">Connect</h3><ul class=\"flex flex-col gap-2\"><li><a href=\"https://discord.gg/fVyRaUDgxW\" class=\"text-sm text-muted-foreground hover:text-foreground transition-colors flex items-center gap-2\" target=\"_blank\" rel=\"noopener noreferrer\">Discord</a></li><li><a href=\"https://github.com/OpenRouterTeam\" class=\"text-sm text-muted-foreground hover:text-foreground transition-colors flex items-center gap-2\" target=\"_blank\" rel=\"noopener noreferrer\">GitHub</a></li><li><a href=\"https://www.linkedin.com/company/104068329\" class=\"text-sm text-muted-foreground hover:text-foreground transition-colors flex items-center gap-2\" target=\"_blank\" rel=\"noopener noreferrer\">LinkedIn</a></li><li><a href=\"https://twitter.com/openrouter\" class=\"text-sm text-muted-foreground hover:text-foreground transition-colors flex items-center gap-2\" target=\"_blank\" rel=\"noopener noreferrer\">X</a></li><li><a href=\"https://www.youtube.com/@OpenRouterAI\" class=\"text-sm text-muted-foreground hover:text-foreground transition-colors flex items-center gap-2\" target=\"_blank\" rel=\"noopener noreferrer\">YouTube</a></li></ul></div></div></div></footer></div></div><script>$RC(\"B:1\",\"S:1\")</script><script>(self.__next_f=self.__next_f||[]).push([0])</script><script>self.__next_f.push([1,\"1:\\\"$Sreact.fragment\\\"\\n\"])</script><script>self.__next_f.push([1,\"2:I[40756,[\\\"25170\\\",\\\"static/chunks/25170-0e6181b2ccbbb6c4.js\\\",\\\"3888\\\",\\\"static/chunks/3888-1b80ac3e66e8a62f.js\\\",\\\"71106\\\",\\\"static/chunks/71106-b7535260a328d1a8.js\\\",\\\"3144\\\",\\\"static/chunks/3144-31c3de663d43a81f.js\\\",\\\"1734\\\",\\\"static/chunks/1734-d5af36f0b162a573.js\\\",\\\"45079\\\",\\\"static/chunks/45079-024b7107b15d4084.js\\\",\\\"5985\\\",\\\"static/chunks/5985-c1dc926d4d436766.js\\\",\\\"10756\\\",\\\"static/chunks/10756-daa34ab87965281e.js\\\",\\\"65088\\\",\\\"static/chunks/65088-8591857f52c4c13f.js\\\",\\\"6829\\\",\\\"static/chunks/6829-df03642e9cfbc8f4.js\\\",\\\"40331\\\",\\\"static/chunks/40331-459dbea7989a248e.js\\\",\\\"57028\\\",\\\"static/chunks/57028-3214d72e2a7c9de0.js\\\",\\\"28464\\\",\\\"static/chunks/28464-1f4a9b148a86c8af.js\\\",\\\"13557\\\",\\\"static/chunks/13557-d8c6f4320672188d.js\\\",\\\"57518\\\",\\\"static/chunks/57518-354d9d9eed155c41.js\\\",\\\"56873\\\",\\\"static/chunks/56873-2d1079b450e7f242.js\\\",\\\"80212\\\",\\\"static/chunks/80212-b72efa8ae64f19b5.js\\\",\\\"3556\\\",\\\"static/chunks/3556-d73559aa65408ef1.js\\\",\\\"5590\\\",\\\"static/chunks/5590-d9fabde5f7ff1a3e.js\\\",\\\"51822\\\",\\\"static/chunks/51822-78ff3a66cbc8c8da.js\\\",\\\"81729\\\",\\\"static/chunks/81729-516046754f560fe3.js\\\",\\\"97045\\\",\\\"static/chunks/97045-3066625d43510da3.js\\\",\\\"7177\\\",\\\"static/chunks/app/layout-e98b45b309fcb7a3.js\\\"],\\\"GoogleAnalytics\\\"]\\n\"])</script><script>self.__next_f.push([1,\"3:I[38519,[\\\"25170\\\",\\\"static/chunks/25170-0e6181b2ccbbb6c4.js\\\",\\\"3888\\\",\\\"static/chunks/3888-1b80ac3e66e8a62f.js\\\",\\\"71106\\\",\\\"static/chunks/71106-b7535260a328d1a8.js\\\",\\\"3144\\\",\\\"static/chunks/3144-31c3de663d43a81f.js\\\",\\\"1734\\\",\\\"static/chunks/1734-d5af36f0b162a573.js\\\",\\\"45079\\\",\\\"static/chunks/45079-024b7107b15d4084.js\\\",\\\"5985\\\",\\\"static/chunks/5985-c1dc926d4d436766.js\\\",\\\"10756\\\",\\\"static/chunks/10756-daa34ab87965281e.js\\\",\\\"65088\\\",\\\"static/chunks/65088-8591857f52c4c13f.js\\\",\\\"6829\\\",\\\"static/chunks/6829-df03642e9cfbc8f4.js\\\",\\\"40331\\\",\\\"static/chunks/40331-459dbea7989a248e.js\\\",\\\"57028\\\",\\\"static/chunks/57028-3214d72e2a7c9de0.js\\\",\\\"28464\\\",\\\"static/chunks/28464-1f4a9b148a86c8af.js\\\",\\\"13557\\\",\\\"static/chunks/13557-d8c6f4320672188d.js\\\",\\\"57518\\\",\\\"static/chunks/57518-354d9d9eed155c41.js\\\",\\\"56873\\\",\\\"static/chunks/56873-2d1079b450e7f242.js\\\",\\\"80212\\\",\\\"static/chunks/80212-b72efa8ae64f19b5.js\\\",\\\"3556\\\",\\\"static/chunks/3556-d73559aa65408ef1.js\\\",\\\"5590\\\",\\\"static/chunks/5590-d9fabde5f7ff1a3e.js\\\",\\\"51822\\\",\\\"static/chunks/51822-78ff3a66cbc8c8da.js\\\",\\\"81729\\\",\\\"static/chunks/81729-516046754f560fe3.js\\\",\\\"97045\\\",\\\"static/chunks/97045-3066625d43510da3.js\\\",\\\"7177\\\",\\\"static/chunks/app/layout-e98b45b309fcb7a3.js\\\"],\\\"DatadogRUM\\\"]\\n\"])</script><script>self.__next_f.push([1,\"4:I[37142,[\\\"25170\\\",\\\"static/chunks/25170-0e6181b2ccbbb6c4.js\\\",\\\"3888\\\",\\\"static/chunks/3888-1b80ac3e66e8a62f.js\\\",\\\"71106\\\",\\\"static/chunks/71106-b7535260a328d1a8.js\\\",\\\"3144\\\",\\\"static/chunks/3144-31c3de663d43a81f.js\\\",\\\"1734\\\",\\\"static/chunks/1734-d5af36f0b162a573.js\\\",\\\"45079\\\",\\\"static/chunks/45079-024b7107b15d4084.js\\\",\\\"5985\\\",\\\"static/chunks/5985-c1dc926d4d436766.js\\\",\\\"10756\\\",\\\"static/chunks/10756-daa34ab87965281e.js\\\",\\\"65088\\\",\\\"static/chunks/65088-8591857f52c4c13f.js\\\",\\\"6829\\\",\\\"static/chunks/6829-df03642e9cfbc8f4.js\\\",\\\"40331\\\",\\\"static/chunks/40331-459dbea7989a248e.js\\\",\\\"57028\\\",\\\"static/chunks/57028-3214d72e2a7c9de0.js\\\",\\\"28464\\\",\\\"static/chunks/28464-1f4a9b148a86c8af.js\\\",\\\"13557\\\",\\\"static/chunks/13557-d8c6f4320672188d.js\\\",\\\"57518\\\",\\\"static/chunks/57518-354d9d9eed155c41.js\\\",\\\"56873\\\",\\\"static/chunks/56873-2d1079b450e7f242.js\\\",\\\"80212\\\",\\\"static/chunks/80212-b72efa8ae64f19b5.js\\\",\\\"3556\\\",\\\"static/chunks/3556-d73559aa65408ef1.js\\\",\\\"5590\\\",\\\"static/chunks/5590-d9fabde5f7ff1a3e.js\\\",\\\"51822\\\",\\\"static/chunks/51822-78ff3a66cbc8c8da.js\\\",\\\"81729\\\",\\\"static/chunks/81729-516046754f560fe3.js\\\",\\\"97045\\\",\\\"static/chunks/97045-3066625d43510da3.js\\\",\\\"7177\\\",\\\"static/chunks/app/layout-e98b45b309fcb7a3.js\\\"],\\\"ConsentManager\\\"]\\n\"])</script><script>self.__next_f.push([1,\"5:I[16783,[\\\"25170\\\",\\\"static/chunks/25170-0e6181b2ccbbb6c4.js\\\",\\\"3888\\\",\\\"static/chunks/3888-1b80ac3e66e8a62f.js\\\",\\\"71106\\\",\\\"static/chunks/71106-b7535260a328d1a8.js\\\",\\\"3144\\\",\\\"static/chunks/3144-31c3de663d43a81f.js\\\",\\\"1734\\\",\\\"static/chunks/1734-d5af36f0b162a573.js\\\",\\\"45079\\\",\\\"static/chunks/45079-024b7107b15d4084.js\\\",\\\"5985\\\",\\\"static/chunks/5985-c1dc926d4d436766.js\\\",\\\"10756\\\",\\\"static/chunks/10756-daa34ab87965281e.js\\\",\\\"65088\\\",\\\"static/chunks/65088-8591857f52c4c13f.js\\\",\\\"6829\\\",\\\"static/chunks/6829-df03642e9cfbc8f4.js\\\",\\\"40331\\\",\\\"static/chunks/40331-459dbea7989a248e.js\\\",\\\"57028\\\",\\\"static/chunks/57028-3214d72e2a7c9de0.js\\\",\\\"28464\\\",\\\"static/chunks/28464-1f4a9b148a86c8af.js\\\",\\\"13557\\\",\\\"static/chunks/13557-d8c6f4320672188d.js\\\",\\\"57518\\\",\\\"static/chunks/57518-354d9d9eed155c41.js\\\",\\\"56873\\\",\\\"static/chunks/56873-2d1079b450e7f242.js\\\",\\\"80212\\\",\\\"static/chunks/80212-b72efa8ae64f19b5.js\\\",\\\"3556\\\",\\\"static/chunks/3556-d73559aa65408ef1.js\\\",\\\"5590\\\",\\\"static/chunks/5590-d9fabde5f7ff1a3e.js\\\",\\\"51822\\\",\\\"static/chunks/51822-78ff3a66cbc8c8da.js\\\",\\\"81729\\\",\\\"static/chunks/81729-516046754f560fe3.js\\\",\\\"97045\\\",\\\"static/chunks/97045-3066625d43510da3.js\\\",\\\"7177\\\",\\\"static/chunks/app/layout-e98b45b309fcb7a3.js\\\"],\\\"ThemeProvider\\\"]\\n\"])</script><script>self.__next_f.push([1,\"6:I[27456,[\\\"25170\\\",\\\"static/chunks/25170-0e6181b2ccbbb6c4.js\\\",\\\"3888\\\",\\\"static/chunks/3888-1b80ac3e66e8a62f.js\\\",\\\"71106\\\",\\\"static/chunks/71106-b7535260a328d1a8.js\\\",\\\"3144\\\",\\\"static/chunks/3144-31c3de663d43a81f.js\\\",\\\"1734\\\",\\\"static/chunks/1734-d5af36f0b162a573.js\\\",\\\"45079\\\",\\\"static/chunks/45079-024b7107b15d4084.js\\\",\\\"5985\\\",\\\"static/chunks/5985-c1dc926d4d436766.js\\\",\\\"10756\\\",\\\"static/chunks/10756-daa34ab87965281e.js\\\",\\\"65088\\\",\\\"static/chunks/65088-8591857f52c4c13f.js\\\",\\\"6829\\\",\\\"static/chunks/6829-df03642e9cfbc8f4.js\\\",\\\"40331\\\",\\\"static/chunks/40331-459dbea7989a248e.js\\\",\\\"57028\\\",\\\"static/chunks/57028-3214d72e2a7c9de0.js\\\",\\\"28464\\\",\\\"static/chunks/28464-1f4a9b148a86c8af.js\\\",\\\"13557\\\",\\\"static/chunks/13557-d8c6f4320672188d.js\\\",\\\"57518\\\",\\\"static/chunks/57518-354d9d9eed155c41.js\\\",\\\"56873\\\",\\\"static/chunks/56873-2d1079b450e7f242.js\\\",\\\"80212\\\",\\\"static/chunks/80212-b72efa8ae64f19b5.js\\\",\\\"3556\\\",\\\"static/chunks/3556-d73559aa65408ef1.js\\\",\\\"5590\\\",\\\"static/chunks/5590-d9fabde5f7ff1a3e.js\\\",\\\"51822\\\",\\\"static/chunks/51822-78ff3a66cbc8c8da.js\\\",\\\"81729\\\",\\\"static/chunks/81729-516046754f560fe3.js\\\",\\\"97045\\\",\\\"static/chunks/97045-3066625d43510da3.js\\\",\\\"7177\\\",\\\"static/chunks/app/layout-e98b45b309fcb7a3.js\\\"],\\\"ExpandedErrorModalProvider\\\"]\\n\"])</script><script>self.__next_f.push([1,\"7:I[58604,[\\\"25170\\\",\\\"static/chunks/25170-0e6181b2ccbbb6c4.js\\\",\\\"3888\\\",\\\"static/chunks/3888-1b80ac3e66e8a62f.js\\\",\\\"71106\\\",\\\"static/chunks/71106-b7535260a328d1a8.js\\\",\\\"3144\\\",\\\"static/chunks/3144-31c3de663d43a81f.js\\\",\\\"1734\\\",\\\"static/chunks/1734-d5af36f0b162a573.js\\\",\\\"45079\\\",\\\"static/chunks/45079-024b7107b15d4084.js\\\",\\\"5985\\\",\\\"static/chunks/5985-c1dc926d4d436766.js\\\",\\\"10756\\\",\\\"static/chunks/10756-daa34ab87965281e.js\\\",\\\"65088\\\",\\\"static/chunks/65088-8591857f52c4c13f.js\\\",\\\"6829\\\",\\\"static/chunks/6829-df03642e9cfbc8f4.js\\\",\\\"40331\\\",\\\"static/chunks/40331-459dbea7989a248e.js\\\",\\\"57028\\\",\\\"static/chunks/57028-3214d72e2a7c9de0.js\\\",\\\"28464\\\",\\\"static/chunks/28464-1f4a9b148a86c8af.js\\\",\\\"13557\\\",\\\"static/chunks/13557-d8c6f4320672188d.js\\\",\\\"57518\\\",\\\"static/chunks/57518-354d9d9eed155c41.js\\\",\\\"56873\\\",\\\"static/chunks/56873-2d1079b450e7f242.js\\\",\\\"80212\\\",\\\"static/chunks/80212-b72efa8ae64f19b5.js\\\",\\\"3556\\\",\\\"static/chunks/3556-d73559aa65408ef1.js\\\",\\\"5590\\\",\\\"static/chunks/5590-d9fabde5f7ff1a3e.js\\\",\\\"51822\\\",\\\"static/chunks/51822-78ff3a66cbc8c8da.js\\\",\\\"81729\\\",\\\"static/chunks/81729-516046754f560fe3.js\\\",\\\"97045\\\",\\\"static/chunks/97045-3066625d43510da3.js\\\",\\\"7177\\\",\\\"static/chunks/app/layout-e98b45b309fcb7a3.js\\\"],\\\"GlobalErrorToastProvider\\\"]\\n\"])</script><script>self.__next_f.push([1,\"8:I[82761,[\\\"25170\\\",\\\"static/chunks/25170-0e6181b2ccbbb6c4.js\\\",\\\"3888\\\",\\\"static/chunks/3888-1b80ac3e66e8a62f.js\\\",\\\"71106\\\",\\\"static/chunks/71106-b7535260a328d1a8.js\\\",\\\"3144\\\",\\\"static/chunks/3144-31c3de663d43a81f.js\\\",\\\"1734\\\",\\\"static/chunks/1734-d5af36f0b162a573.js\\\",\\\"45079\\\",\\\"static/chunks/45079-024b7107b15d4084.js\\\",\\\"5985\\\",\\\"static/chunks/5985-c1dc926d4d436766.js\\\",\\\"10756\\\",\\\"static/chunks/10756-daa34ab87965281e.js\\\",\\\"65088\\\",\\\"static/chunks/65088-8591857f52c4c13f.js\\\",\\\"6829\\\",\\\"static/chunks/6829-df03642e9cfbc8f4.js\\\",\\\"40331\\\",\\\"static/chunks/40331-459dbea7989a248e.js\\\",\\\"57028\\\",\\\"static/chunks/57028-3214d72e2a7c9de0.js\\\",\\\"28464\\\",\\\"static/chunks/28464-1f4a9b148a86c8af.js\\\",\\\"13557\\\",\\\"static/chunks/13557-d8c6f4320672188d.js\\\",\\\"57518\\\",\\\"static/chunks/57518-354d9d9eed155c41.js\\\",\\\"56873\\\",\\\"static/chunks/56873-2d1079b450e7f242.js\\\",\\\"80212\\\",\\\"static/chunks/80212-b72efa8ae64f19b5.js\\\",\\\"3556\\\",\\\"static/chunks/3556-d73559aa65408ef1.js\\\",\\\"5590\\\",\\\"static/chunks/5590-d9fabde5f7ff1a3e.js\\\",\\\"51822\\\",\\\"static/chunks/51822-78ff3a66cbc8c8da.js\\\",\\\"81729\\\",\\\"static/chunks/81729-516046754f560fe3.js\\\",\\\"97045\\\",\\\"static/chunks/97045-3066625d43510da3.js\\\",\\\"7177\\\",\\\"static/chunks/app/layout-e98b45b309fcb7a3.js\\\"],\\\"GlobalProvider\\\"]\\n\"])</script><script>self.__next_f.push([1,\"9:I[88593,[\\\"25170\\\",\\\"static/chunks/25170-0e6181b2ccbbb6c4.js\\\",\\\"3888\\\",\\\"static/chunks/3888-1b80ac3e66e8a62f.js\\\",\\\"71106\\\",\\\"static/chunks/71106-b7535260a328d1a8.js\\\",\\\"3144\\\",\\\"static/chunks/3144-31c3de663d43a81f.js\\\",\\\"1734\\\",\\\"static/chunks/1734-d5af36f0b162a573.js\\\",\\\"45079\\\",\\\"static/chunks/45079-024b7107b15d4084.js\\\",\\\"5985\\\",\\\"static/chunks/5985-c1dc926d4d436766.js\\\",\\\"10756\\\",\\\"static/chunks/10756-daa34ab87965281e.js\\\",\\\"65088\\\",\\\"static/chunks/65088-8591857f52c4c13f.js\\\",\\\"6829\\\",\\\"static/chunks/6829-df03642e9cfbc8f4.js\\\",\\\"40331\\\",\\\"static/chunks/40331-459dbea7989a248e.js\\\",\\\"57028\\\",\\\"static/chunks/57028-3214d72e2a7c9de0.js\\\",\\\"28464\\\",\\\"static/chunks/28464-1f4a9b148a86c8af.js\\\",\\\"13557\\\",\\\"static/chunks/13557-d8c6f4320672188d.js\\\",\\\"57518\\\",\\\"static/chunks/57518-354d9d9eed155c41.js\\\",\\\"56873\\\",\\\"static/chunks/56873-2d1079b450e7f242.js\\\",\\\"80212\\\",\\\"static/chunks/80212-b72efa8ae64f19b5.js\\\",\\\"3556\\\",\\\"static/chunks/3556-d73559aa65408ef1.js\\\",\\\"5590\\\",\\\"static/chunks/5590-d9fabde5f7ff1a3e.js\\\",\\\"51822\\\",\\\"static/chunks/51822-78ff3a66cbc8c8da.js\\\",\\\"81729\\\",\\\"static/chunks/81729-516046754f560fe3.js\\\",\\\"97045\\\",\\\"static/chunks/97045-3066625d43510da3.js\\\",\\\"7177\\\",\\\"static/chunks/app/layout-e98b45b309fcb7a3.js\\\"],\\\"ClerkAuthProvider\\\"]\\n\"])</script><script>self.__next_f.push([1,\"a:I[5737,[\\\"25170\\\",\\\"static/chunks/25170-0e6181b2ccbbb6c4.js\\\",\\\"3888\\\",\\\"static/chunks/3888-1b80ac3e66e8a62f.js\\\",\\\"71106\\\",\\\"static/chunks/71106-b7535260a328d1a8.js\\\",\\\"3144\\\",\\\"static/chunks/3144-31c3de663d43a81f.js\\\",\\\"1734\\\",\\\"static/chunks/1734-d5af36f0b162a573.js\\\",\\\"45079\\\",\\\"static/chunks/45079-024b7107b15d4084.js\\\",\\\"5985\\\",\\\"static/chunks/5985-c1dc926d4d436766.js\\\",\\\"10756\\\",\\\"static/chunks/10756-daa34ab87965281e.js\\\",\\\"65088\\\",\\\"static/chunks/65088-8591857f52c4c13f.js\\\",\\\"6829\\\",\\\"static/chunks/6829-df03642e9cfbc8f4.js\\\",\\\"40331\\\",\\\"static/chunks/40331-459dbea7989a248e.js\\\",\\\"57028\\\",\\\"static/chunks/57028-3214d72e2a7c9de0.js\\\",\\\"28464\\\",\\\"static/chunks/28464-1f4a9b148a86c8af.js\\\",\\\"13557\\\",\\\"static/chunks/13557-d8c6f4320672188d.js\\\",\\\"57518\\\",\\\"static/chunks/57518-354d9d9eed155c41.js\\\",\\\"56873\\\",\\\"static/chunks/56873-2d1079b450e7f242.js\\\",\\\"80212\\\",\\\"static/chunks/80212-b72efa8ae64f19b5.js\\\",\\\"3556\\\",\\\"static/chunks/3556-d73559aa65408ef1.js\\\",\\\"5590\\\",\\\"static/chunks/5590-d9fabde5f7ff1a3e.js\\\",\\\"51822\\\",\\\"static/chunks/51822-78ff3a66cbc8c8da.js\\\",\\\"81729\\\",\\\"static/chunks/81729-516046754f560fe3.js\\\",\\\"97045\\\",\\\"static/chunks/97045-3066625d43510da3.js\\\",\\\"7177\\\",\\\"static/chunks/app/layout-e98b45b309fcb7a3.js\\\"],\\\"PostHogAnalyticsProvider\\\"]\\n\"])</script><script>self.__next_f.push([1,\"b:I[5630,[\\\"25170\\\",\\\"static/chunks/25170-0e6181b2ccbbb6c4.js\\\",\\\"3888\\\",\\\"static/chunks/3888-1b80ac3e66e8a62f.js\\\",\\\"71106\\\",\\\"static/chunks/71106-b7535260a328d1a8.js\\\",\\\"3144\\\",\\\"static/chunks/3144-31c3de663d43a81f.js\\\",\\\"1734\\\",\\\"static/chunks/1734-d5af36f0b162a573.js\\\",\\\"45079\\\",\\\"static/chunks/45079-024b7107b15d4084.js\\\",\\\"5985\\\",\\\"static/chunks/5985-c1dc926d4d436766.js\\\",\\\"10756\\\",\\\"static/chunks/10756-daa34ab87965281e.js\\\",\\\"65088\\\",\\\"static/chunks/65088-8591857f52c4c13f.js\\\",\\\"6829\\\",\\\"static/chunks/6829-df03642e9cfbc8f4.js\\\",\\\"40331\\\",\\\"static/chunks/40331-459dbea7989a248e.js\\\",\\\"57028\\\",\\\"static/chunks/57028-3214d72e2a7c9de0.js\\\",\\\"28464\\\",\\\"static/chunks/28464-1f4a9b148a86c8af.js\\\",\\\"13557\\\",\\\"static/chunks/13557-d8c6f4320672188d.js\\\",\\\"57518\\\",\\\"static/chunks/57518-354d9d9eed155c41.js\\\",\\\"56873\\\",\\\"static/chunks/56873-2d1079b450e7f242.js\\\",\\\"80212\\\",\\\"static/chunks/80212-b72efa8ae64f19b5.js\\\",\\\"3556\\\",\\\"static/chunks/3556-d73559aa65408ef1.js\\\",\\\"5590\\\",\\\"static/chunks/5590-d9fabde5f7ff1a3e.js\\\",\\\"51822\\\",\\\"static/chunks/51822-78ff3a66cbc8c8da.js\\\",\\\"81729\\\",\\\"static/chunks/81729-516046754f560fe3.js\\\",\\\"97045\\\",\\\"static/chunks/97045-3066625d43510da3.js\\\",\\\"7177\\\",\\\"static/chunks/app/layout-e98b45b309fcb7a3.js\\\"],\\\"UserContextProvider\\\"]\\n\"])</script><script>self.__next_f.push([1,\"c:I[54911,[\\\"25170\\\",\\\"static/chunks/25170-0e6181b2ccbbb6c4.js\\\",\\\"3888\\\",\\\"static/chunks/3888-1b80ac3e66e8a62f.js\\\",\\\"71106\\\",\\\"static/chunks/71106-b7535260a328d1a8.js\\\",\\\"3144\\\",\\\"static/chunks/3144-31c3de663d43a81f.js\\\",\\\"1734\\\",\\\"static/chunks/1734-d5af36f0b162a573.js\\\",\\\"45079\\\",\\\"static/chunks/45079-024b7107b15d4084.js\\\",\\\"5985\\\",\\\"static/chunks/5985-c1dc926d4d436766.js\\\",\\\"10756\\\",\\\"static/chunks/10756-daa34ab87965281e.js\\\",\\\"65088\\\",\\\"static/chunks/65088-8591857f52c4c13f.js\\\",\\\"6829\\\",\\\"static/chunks/6829-df03642e9cfbc8f4.js\\\",\\\"40331\\\",\\\"static/chunks/40331-459dbea7989a248e.js\\\",\\\"57028\\\",\\\"static/chunks/57028-3214d72e2a7c9de0.js\\\",\\\"28464\\\",\\\"static/chunks/28464-1f4a9b148a86c8af.js\\\",\\\"13557\\\",\\\"static/chunks/13557-d8c6f4320672188d.js\\\",\\\"57518\\\",\\\"static/chunks/57518-354d9d9eed155c41.js\\\",\\\"56873\\\",\\\"static/chunks/56873-2d1079b450e7f242.js\\\",\\\"80212\\\",\\\"static/chunks/80212-b72efa8ae64f19b5.js\\\",\\\"3556\\\",\\\"static/chunks/3556-d73559aa65408ef1.js\\\",\\\"5590\\\",\\\"static/chunks/5590-d9fabde5f7ff1a3e.js\\\",\\\"51822\\\",\\\"static/chunks/51822-78ff3a66cbc8c8da.js\\\",\\\"81729\\\",\\\"static/chunks/81729-516046754f560fe3.js\\\",\\\"97045\\\",\\\"static/chunks/97045-3066625d43510da3.js\\\",\\\"7177\\\",\\\"static/chunks/app/layout-e98b45b309fcb7a3.js\\\"],\\\"NuqsAdapter\\\"]\\n\"])</script><script>self.__next_f.push([1,\"d:I[79025,[\\\"25170\\\",\\\"static/chunks/25170-0e6181b2ccbbb6c4.js\\\",\\\"3888\\\",\\\"static/chunks/3888-1b80ac3e66e8a62f.js\\\",\\\"71106\\\",\\\"static/chunks/71106-b7535260a328d1a8.js\\\",\\\"3144\\\",\\\"static/chunks/3144-31c3de663d43a81f.js\\\",\\\"1734\\\",\\\"static/chunks/1734-d5af36f0b162a573.js\\\",\\\"45079\\\",\\\"static/chunks/45079-024b7107b15d4084.js\\\",\\\"5985\\\",\\\"static/chunks/5985-c1dc926d4d436766.js\\\",\\\"10756\\\",\\\"static/chunks/10756-daa34ab87965281e.js\\\",\\\"65088\\\",\\\"static/chunks/65088-8591857f52c4c13f.js\\\",\\\"6829\\\",\\\"static/chunks/6829-df03642e9cfbc8f4.js\\\",\\\"40331\\\",\\\"static/chunks/40331-459dbea7989a248e.js\\\",\\\"57028\\\",\\\"static/chunks/57028-3214d72e2a7c9de0.js\\\",\\\"28464\\\",\\\"static/chunks/28464-1f4a9b148a86c8af.js\\\",\\\"13557\\\",\\\"static/chunks/13557-d8c6f4320672188d.js\\\",\\\"57518\\\",\\\"static/chunks/57518-354d9d9eed155c41.js\\\",\\\"56873\\\",\\\"static/chunks/56873-2d1079b450e7f242.js\\\",\\\"80212\\\",\\\"static/chunks/80212-b72efa8ae64f19b5.js\\\",\\\"3556\\\",\\\"static/chunks/3556-d73559aa65408ef1.js\\\",\\\"5590\\\",\\\"static/chunks/5590-d9fabde5f7ff1a3e.js\\\",\\\"51822\\\",\\\"static/chunks/51822-78ff3a66cbc8c8da.js\\\",\\\"81729\\\",\\\"static/chunks/81729-516046754f560fe3.js\\\",\\\"97045\\\",\\\"static/chunks/97045-3066625d43510da3.js\\\",\\\"7177\\\",\\\"static/chunks/app/layout-e98b45b309fcb7a3.js\\\"],\\\"TooltipProvider\\\"]\\n\"])</script><script>self.__next_f.push([1,\"e:\\\"$Sreact.suspense\\\"\\n\"])</script><script>self.__next_f.push([1,\"11:I[90776,[\\\"25170\\\",\\\"static/chunks/25170-0e6181b2ccbbb6c4.js\\\",\\\"3888\\\",\\\"static/chunks/3888-1b80ac3e66e8a62f.js\\\",\\\"71106\\\",\\\"static/chunks/71106-b7535260a328d1a8.js\\\",\\\"3144\\\",\\\"static/chunks/3144-31c3de663d43a81f.js\\\",\\\"1734\\\",\\\"static/chunks/1734-d5af36f0b162a573.js\\\",\\\"45079\\\",\\\"static/chunks/45079-024b7107b15d4084.js\\\",\\\"5985\\\",\\\"static/chunks/5985-c1dc926d4d436766.js\\\",\\\"10756\\\",\\\"static/chunks/10756-daa34ab87965281e.js\\\",\\\"65088\\\",\\\"static/chunks/65088-8591857f52c4c13f.js\\\",\\\"6829\\\",\\\"static/chunks/6829-df03642e9cfbc8f4.js\\\",\\\"40331\\\",\\\"static/chunks/40331-459dbea7989a248e.js\\\",\\\"57028\\\",\\\"static/chunks/57028-3214d72e2a7c9de0.js\\\",\\\"28464\\\",\\\"static/chunks/28464-1f4a9b148a86c8af.js\\\",\\\"13557\\\",\\\"static/chunks/13557-d8c6f4320672188d.js\\\",\\\"57518\\\",\\\"static/chunks/57518-354d9d9eed155c41.js\\\",\\\"56873\\\",\\\"static/chunks/56873-2d1079b450e7f242.js\\\",\\\"80212\\\",\\\"static/chunks/80212-b72efa8ae64f19b5.js\\\",\\\"3556\\\",\\\"static/chunks/3556-d73559aa65408ef1.js\\\",\\\"5590\\\",\\\"static/chunks/5590-d9fabde5f7ff1a3e.js\\\",\\\"51822\\\",\\\"static/chunks/51822-78ff3a66cbc8c8da.js\\\",\\\"81729\\\",\\\"static/chunks/81729-516046754f560fe3.js\\\",\\\"97045\\\",\\\"static/chunks/97045-3066625d43510da3.js\\\",\\\"7177\\\",\\\"static/chunks/app/layout-e98b45b309fcb7a3.js\\\"],\\\"default\\\"]\\n\"])</script><script>self.__next_f.push([1,\"12:I[69707,[\\\"25170\\\",\\\"static/chunks/25170-0e6181b2ccbbb6c4.js\\\",\\\"3888\\\",\\\"static/chunks/3888-1b80ac3e66e8a62f.js\\\",\\\"71106\\\",\\\"static/chunks/71106-b7535260a328d1a8.js\\\",\\\"3144\\\",\\\"static/chunks/3144-31c3de663d43a81f.js\\\",\\\"1734\\\",\\\"static/chunks/1734-d5af36f0b162a573.js\\\",\\\"45079\\\",\\\"static/chunks/45079-024b7107b15d4084.js\\\",\\\"5985\\\",\\\"static/chunks/5985-c1dc926d4d436766.js\\\",\\\"10756\\\",\\\"static/chunks/10756-daa34ab87965281e.js\\\",\\\"65088\\\",\\\"static/chunks/65088-8591857f52c4c13f.js\\\",\\\"6829\\\",\\\"static/chunks/6829-df03642e9cfbc8f4.js\\\",\\\"40331\\\",\\\"static/chunks/40331-459dbea7989a248e.js\\\",\\\"57028\\\",\\\"static/chunks/57028-3214d72e2a7c9de0.js\\\",\\\"28464\\\",\\\"static/chunks/28464-1f4a9b148a86c8af.js\\\",\\\"13557\\\",\\\"static/chunks/13557-d8c6f4320672188d.js\\\",\\\"57518\\\",\\\"static/chunks/57518-354d9d9eed155c41.js\\\",\\\"56873\\\",\\\"static/chunks/56873-2d1079b450e7f242.js\\\",\\\"80212\\\",\\\"static/chunks/80212-b72efa8ae64f19b5.js\\\",\\\"3556\\\",\\\"static/chunks/3556-d73559aa65408ef1.js\\\",\\\"5590\\\",\\\"static/chunks/5590-d9fabde5f7ff1a3e.js\\\",\\\"51822\\\",\\\"static/chunks/51822-78ff3a66cbc8c8da.js\\\",\\\"81729\\\",\\\"static/chunks/81729-516046754f560fe3.js\\\",\\\"97045\\\",\\\"static/chunks/97045-3066625d43510da3.js\\\",\\\"7177\\\",\\\"static/chunks/app/layout-e98b45b309fcb7a3.js\\\"],\\\"OnboardingModal\\\"]\\n\"])</script><script>self.__next_f.push([1,\"13:I[36233,[\\\"25170\\\",\\\"static/chunks/25170-0e6181b2ccbbb6c4.js\\\",\\\"3888\\\",\\\"static/chunks/3888-1b80ac3e66e8a62f.js\\\",\\\"71106\\\",\\\"static/chunks/71106-b7535260a328d1a8.js\\\",\\\"3144\\\",\\\"static/chunks/3144-31c3de663d43a81f.js\\\",\\\"1734\\\",\\\"static/chunks/1734-d5af36f0b162a573.js\\\",\\\"45079\\\",\\\"static/chunks/45079-024b7107b15d4084.js\\\",\\\"5985\\\",\\\"static/chunks/5985-c1dc926d4d436766.js\\\",\\\"10756\\\",\\\"static/chunks/10756-daa34ab87965281e.js\\\",\\\"65088\\\",\\\"static/chunks/65088-8591857f52c4c13f.js\\\",\\\"6829\\\",\\\"static/chunks/6829-df03642e9cfbc8f4.js\\\",\\\"40331\\\",\\\"static/chunks/40331-459dbea7989a248e.js\\\",\\\"57028\\\",\\\"static/chunks/57028-3214d72e2a7c9de0.js\\\",\\\"28464\\\",\\\"static/chunks/28464-1f4a9b148a86c8af.js\\\",\\\"13557\\\",\\\"static/chunks/13557-d8c6f4320672188d.js\\\",\\\"57518\\\",\\\"static/chunks/57518-354d9d9eed155c41.js\\\",\\\"56873\\\",\\\"static/chunks/56873-2d1079b450e7f242.js\\\",\\\"80212\\\",\\\"static/chunks/80212-b72efa8ae64f19b5.js\\\",\\\"3556\\\",\\\"static/chunks/3556-d73559aa65408ef1.js\\\",\\\"5590\\\",\\\"static/chunks/5590-d9fabde5f7ff1a3e.js\\\",\\\"51822\\\",\\\"static/chunks/51822-78ff3a66cbc8c8da.js\\\",\\\"81729\\\",\\\"static/chunks/81729-516046754f560fe3.js\\\",\\\"97045\\\",\\\"static/chunks/97045-3066625d43510da3.js\\\",\\\"7177\\\",\\\"static/chunks/app/layout-e98b45b309fcb7a3.js\\\"],\\\"PageConfetti\\\"]\\n\"])</script><script>self.__next_f.push([1,\"14:I[7755,[],\\\"\\\"]\\n15:I[48919,[],\\\"\\\"]\\n16:I[13157,[\\\"25170\\\",\\\"static/chunks/25170-0e6181b2ccbbb6c4.js\\\",\\\"3888\\\",\\\"static/chunks/3888-1b80ac3e66e8a62f.js\\\",\\\"71106\\\",\\\"static/chunks/71106-b7535260a328d1a8.js\\\",\\\"3144\\\",\\\"static/chunks/3144-31c3de663d43a81f.js\\\",\\\"1734\\\",\\\"static/chunks/1734-d5af36f0b162a573.js\\\",\\\"45079\\\",\\\"static/chunks/45079-024b7107b15d4084.js\\\",\\\"6829\\\",\\\"static/chunks/6829-df03642e9cfbc8f4.js\\\",\\\"28151\\\",\\\"static/chunks/28151-9b975e06dd078d6b.js\\\",\\\"98761\\\",\\\"static/chunks/98761-1f1e4035f9cea0b6.js\\\",\\\"24345\\\",\\\"static/chunks/app/not-found-f7bb3c9b82a096e3.js\\\"],\\\"Separator\\\"]\\n17:I[66414,[\\\"25170\\\",\\\"static/chunks/25170-0e6181b2ccbbb6c4.js\\\",\\\"3888\\\",\\\"static/chunks/3888-1b80ac3e66e8a62f.js\\\",\\\"71106\\\",\\\"static/chunks/71106-b7535260a328d1a8.js\\\",\\\"40331\\\",\\\"static/chunks/40331-459dbea7989a248e.js\\\",\\\"32584\\\",\\\"static/chunks/32584-2052ed6c9ce94184.js\\\",\\\"5630\\\",\\\"static/chunks/5630-2ea83c9c3d616ebc.js\\\",\\\"32304\\\",\\\"static/chunks/32304-a9fecde38fba538e.js\\\",\\\"83318\\\",\\\"static/chunks/app/(user)/layout-3c15428b358026f7.js\\\"],\\\"Link\\\"]\\n18:I[98761,[\\\"25170\\\",\\\"static/chunks/25170-0e6181b2ccbbb6c4.js\\\",\\\"3888\\\",\\\"static/chunks/3888-1b80ac3e66e8a62f.js\\\",\\\"71106\\\",\\\"static/chunks/71106-b7535260a328d1a8.js\\\",\\\"3144\\\",\\\"static/chunks/3144-31c3de663d43a81f.js\\\",\\\"1734\\\",\\\"static/chunks/1734-d5af36f0b162a573.js\\\",\\\"45079\\\",\\\"static/chunks/45079-024b7107b15d4084.js\\\",\\\"6829\\\",\\\"static/chunks/6829-df03642e9cfbc8f4.js\\\",\\\"28151\\\",\\\"static/chunks/28151-9b975e06dd078d6b.js\\\",\\\"98761\\\",\\\"static/chunks/98761-1f1e4035f9cea0b6.js\\\",\\\"71957\\\",\\\"static/chunks/app/(static)/layout-007d563104356e66.js\\\"],\\\"Footer\\\"]\\n\"])</script><script>self.__next_f.push([1,\"19:I[88807,[\\\"25170\\\",\\\"static/chunks/25170-0e6181b2ccbbb6c4.js\\\",\\\"3888\\\",\\\"static/chunks/3888-1b80ac3e66e8a62f.js\\\",\\\"71106\\\",\\\"static/chunks/71106-b7535260a328d1a8.js\\\",\\\"3144\\\",\\\"static/chunks/3144-31c3de663d43a81f.js\\\",\\\"1734\\\",\\\"static/chunks/1734-d5af36f0b162a573.js\\\",\\\"45079\\\",\\\"static/chunks/45079-024b7107b15d4084.js\\\",\\\"5985\\\",\\\"static/chunks/5985-c1dc926d4d436766.js\\\",\\\"10756\\\",\\\"static/chunks/10756-daa34ab87965281e.js\\\",\\\"65088\\\",\\\"static/chunks/65088-8591857f52c4c13f.js\\\",\\\"6829\\\",\\\"static/chunks/6829-df03642e9cfbc8f4.js\\\",\\\"40331\\\",\\\"static/chunks/40331-459dbea7989a248e.js\\\",\\\"57028\\\",\\\"static/chunks/57028-3214d72e2a7c9de0.js\\\",\\\"28464\\\",\\\"static/chunks/28464-1f4a9b148a86c8af.js\\\",\\\"13557\\\",\\\"static/chunks/13557-d8c6f4320672188d.js\\\",\\\"57518\\\",\\\"static/chunks/57518-354d9d9eed155c41.js\\\",\\\"56873\\\",\\\"static/chunks/56873-2d1079b450e7f242.js\\\",\\\"80212\\\",\\\"static/chunks/80212-b72efa8ae64f19b5.js\\\",\\\"3556\\\",\\\"static/chunks/3556-d73559aa65408ef1.js\\\",\\\"5590\\\",\\\"static/chunks/5590-d9fabde5f7ff1a3e.js\\\",\\\"51822\\\",\\\"static/chunks/51822-78ff3a66cbc8c8da.js\\\",\\\"81729\\\",\\\"static/chunks/81729-516046754f560fe3.js\\\",\\\"97045\\\",\\\"static/chunks/97045-3066625d43510da3.js\\\",\\\"7177\\\",\\\"static/chunks/app/layout-e98b45b309fcb7a3.js\\\"],\\\"Toaster\\\"]\\n\"])</script><script>self.__next_f.push([1,\"1a:I[5115,[\\\"25170\\\",\\\"static/chunks/25170-0e6181b2ccbbb6c4.js\\\",\\\"3888\\\",\\\"static/chunks/3888-1b80ac3e66e8a62f.js\\\",\\\"71106\\\",\\\"static/chunks/71106-b7535260a328d1a8.js\\\",\\\"3144\\\",\\\"static/chunks/3144-31c3de663d43a81f.js\\\",\\\"1734\\\",\\\"static/chunks/1734-d5af36f0b162a573.js\\\",\\\"45079\\\",\\\"static/chunks/45079-024b7107b15d4084.js\\\",\\\"5985\\\",\\\"static/chunks/5985-c1dc926d4d436766.js\\\",\\\"10756\\\",\\\"static/chunks/10756-daa34ab87965281e.js\\\",\\\"65088\\\",\\\"static/chunks/65088-8591857f52c4c13f.js\\\",\\\"6829\\\",\\\"static/chunks/6829-df03642e9cfbc8f4.js\\\",\\\"40331\\\",\\\"static/chunks/40331-459dbea7989a248e.js\\\",\\\"57028\\\",\\\"static/chunks/57028-3214d72e2a7c9de0.js\\\",\\\"28464\\\",\\\"static/chunks/28464-1f4a9b148a86c8af.js\\\",\\\"13557\\\",\\\"static/chunks/13557-d8c6f4320672188d.js\\\",\\\"57518\\\",\\\"static/chunks/57518-354d9d9eed155c41.js\\\",\\\"56873\\\",\\\"static/chunks/56873-2d1079b450e7f242.js\\\",\\\"80212\\\",\\\"static/chunks/80212-b72efa8ae64f19b5.js\\\",\\\"3556\\\",\\\"static/chunks/3556-d73559aa65408ef1.js\\\",\\\"5590\\\",\\\"static/chunks/5590-d9fabde5f7ff1a3e.js\\\",\\\"51822\\\",\\\"static/chunks/51822-78ff3a66cbc8c8da.js\\\",\\\"81729\\\",\\\"static/chunks/81729-516046754f560fe3.js\\\",\\\"97045\\\",\\\"static/chunks/97045-3066625d43510da3.js\\\",\\\"7177\\\",\\\"static/chunks/app/layout-e98b45b309fcb7a3.js\\\"],\\\"CookieConsent\\\"]\\n\"])</script><script>self.__next_f.push([1,\"1f:I[98274,[\\\"3556\\\",\\\"static/chunks/3556-d73559aa65408ef1.js\\\",\\\"34219\\\",\\\"static/chunks/app/global-error-f927dfe9743bca16.js\\\"],\\\"default\\\"]\\n20:I[34594,[],\\\"OutletBoundary\\\"]\\n23:I[34594,[],\\\"ViewportBoundary\\\"]\\n25:I[34594,[],\\\"MetadataBoundary\\\"]\\n\"])</script><script>self.__next_f.push([1,\"27:I[43118,[\\\"25170\\\",\\\"static/chunks/25170-0e6181b2ccbbb6c4.js\\\",\\\"3888\\\",\\\"static/chunks/3888-1b80ac3e66e8a62f.js\\\",\\\"71106\\\",\\\"static/chunks/71106-b7535260a328d1a8.js\\\",\\\"3144\\\",\\\"static/chunks/3144-31c3de663d43a81f.js\\\",\\\"1734\\\",\\\"static/chunks/1734-d5af36f0b162a573.js\\\",\\\"45079\\\",\\\"static/chunks/45079-024b7107b15d4084.js\\\",\\\"5985\\\",\\\"static/chunks/5985-c1dc926d4d436766.js\\\",\\\"10756\\\",\\\"static/chunks/10756-daa34ab87965281e.js\\\",\\\"65088\\\",\\\"static/chunks/65088-8591857f52c4c13f.js\\\",\\\"6829\\\",\\\"static/chunks/6829-df03642e9cfbc8f4.js\\\",\\\"40331\\\",\\\"static/chunks/40331-459dbea7989a248e.js\\\",\\\"57028\\\",\\\"static/chunks/57028-3214d72e2a7c9de0.js\\\",\\\"28464\\\",\\\"static/chunks/28464-1f4a9b148a86c8af.js\\\",\\\"13557\\\",\\\"static/chunks/13557-d8c6f4320672188d.js\\\",\\\"57518\\\",\\\"static/chunks/57518-354d9d9eed155c41.js\\\",\\\"56873\\\",\\\"static/chunks/56873-2d1079b450e7f242.js\\\",\\\"80212\\\",\\\"static/chunks/80212-b72efa8ae64f19b5.js\\\",\\\"3556\\\",\\\"static/chunks/3556-d73559aa65408ef1.js\\\",\\\"5590\\\",\\\"static/chunks/5590-d9fabde5f7ff1a3e.js\\\",\\\"51822\\\",\\\"static/chunks/51822-78ff3a66cbc8c8da.js\\\",\\\"81729\\\",\\\"static/chunks/81729-516046754f560fe3.js\\\",\\\"97045\\\",\\\"static/chunks/97045-3066625d43510da3.js\\\",\\\"7177\\\",\\\"static/chunks/app/layout-e98b45b309fcb7a3.js\\\"],\\\"NavLink\\\"]\\n\"])</script><script>self.__next_f.push([1,\"28:I[89750,[\\\"25170\\\",\\\"static/chunks/25170-0e6181b2ccbbb6c4.js\\\",\\\"3888\\\",\\\"static/chunks/3888-1b80ac3e66e8a62f.js\\\",\\\"71106\\\",\\\"static/chunks/71106-b7535260a328d1a8.js\\\",\\\"3144\\\",\\\"static/chunks/3144-31c3de663d43a81f.js\\\",\\\"1734\\\",\\\"static/chunks/1734-d5af36f0b162a573.js\\\",\\\"45079\\\",\\\"static/chunks/45079-024b7107b15d4084.js\\\",\\\"5985\\\",\\\"static/chunks/5985-c1dc926d4d436766.js\\\",\\\"10756\\\",\\\"static/chunks/10756-daa34ab87965281e.js\\\",\\\"65088\\\",\\\"static/chunks/65088-8591857f52c4c13f.js\\\",\\\"6829\\\",\\\"static/chunks/6829-df03642e9cfbc8f4.js\\\",\\\"40331\\\",\\\"static/chunks/40331-459dbea7989a248e.js\\\",\\\"57028\\\",\\\"static/chunks/57028-3214d72e2a7c9de0.js\\\",\\\"28464\\\",\\\"static/chunks/28464-1f4a9b148a86c8af.js\\\",\\\"13557\\\",\\\"static/chunks/13557-d8c6f4320672188d.js\\\",\\\"57518\\\",\\\"static/chunks/57518-354d9d9eed155c41.js\\\",\\\"56873\\\",\\\"static/chunks/56873-2d1079b450e7f242.js\\\",\\\"80212\\\",\\\"static/chunks/80212-b72efa8ae64f19b5.js\\\",\\\"3556\\\",\\\"static/chunks/3556-d73559aa65408ef1.js\\\",\\\"5590\\\",\\\"static/chunks/5590-d9fabde5f7ff1a3e.js\\\",\\\"51822\\\",\\\"static/chunks/51822-78ff3a66cbc8c8da.js\\\",\\\"81729\\\",\\\"static/chunks/81729-516046754f560fe3.js\\\",\\\"97045\\\",\\\"static/chunks/97045-3066625d43510da3.js\\\",\\\"7177\\\",\\\"static/chunks/app/layout-e98b45b309fcb7a3.js\\\"],\\\"Navbar\\\"]\\n\"])</script><script>self.__next_f.push([1,\"29:I[49255,[],\\\"IconMark\\\"]\\n:HL[\\\"/_next/static/media/5b01f339abf2f1a5.p.woff2\\\",\\\"font\\\",{\\\"crossOrigin\\\":\\\"\\\",\\\"type\\\":\\\"font/woff2\\\"}]\\n:HL[\\\"/_next/static/media/e4af272ccee01ff0-s.p.woff2\\\",\\\"font\\\",{\\\"crossOrigin\\\":\\\"\\\",\\\"type\\\":\\\"font/woff2\\\"}]\\n:HL[\\\"/_next/static/css/cda3af16020f96ba.css\\\",\\\"style\\\"]\\n:HL[\\\"/_next/static/css/23565049b3597e0b.css\\\",\\\"style\\\"]\\n:HL[\\\"/_next/static/css/7f803c4ba0b62a29.css\\\",\\\"style\\\"]\\n\"])</script><script>self.__next_f.push([1,\"0:{\\\"P\\\":null,\\\"b\\\":\\\"033yALtZb2bus48NIwP0A\\\",\\\"p\\\":\\\"\\\",\\\"c\\\":[\\\"\\\",\\\"api\\\",\\\"v1\\\",\\\"v1\\\",\\\"messages\\\"],\\\"i\\\":false,\\\"f\\\":[[[\\\"\\\",{\\\"children\\\":[\\\"/_not-found\\\",{\\\"children\\\":[\\\"__PAGE__\\\",{}]}]},\\\"$undefined\\\",\\\"$undefined\\\",true],[\\\"\\\",[\\\"$\\\",\\\"$1\\\",\\\"c\\\",{\\\"children\\\":[[[\\\"$\\\",\\\"link\\\",\\\"0\\\",{\\\"rel\\\":\\\"stylesheet\\\",\\\"href\\\":\\\"/_next/static/css/cda3af16020f96ba.css\\\",\\\"precedence\\\":\\\"next\\\",\\\"crossOrigin\\\":\\\"$undefined\\\",\\\"nonce\\\":\\\"$undefined\\\"}],[\\\"$\\\",\\\"link\\\",\\\"1\\\",{\\\"rel\\\":\\\"stylesheet\\\",\\\"href\\\":\\\"/_next/static/css/23565049b3597e0b.css\\\",\\\"precedence\\\":\\\"next\\\",\\\"crossOrigin\\\":\\\"$undefined\\\",\\\"nonce\\\":\\\"$undefined\\\"}],[\\\"$\\\",\\\"link\\\",\\\"2\\\",{\\\"rel\\\":\\\"stylesheet\\\",\\\"href\\\":\\\"/_next/static/css/7f803c4ba0b62a29.css\\\",\\\"precedence\\\":\\\"next\\\",\\\"crossOrigin\\\":\\\"$undefined\\\",\\\"nonce\\\":\\\"$undefined\\\"}]],[\\\"$\\\",\\\"html\\\",null,{\\\"lang\\\":\\\"en\\\",\\\"suppressHydrationWarning\\\":true,\\\"children\\\":[\\\"$\\\",\\\"body\\\",null,{\\\"className\\\":\\\"__variable_f367f3 __variable_f910ec font-sans\\\",\\\"children\\\":[[\\\"$\\\",\\\"$L2\\\",null,{}],[\\\"$\\\",\\\"$L3\\\",null,{}],[\\\"$\\\",\\\"$L4\\\",null,{}],[\\\"$\\\",\\\"$L5\\\",null,{\\\"attribute\\\":\\\"class\\\",\\\"defaultTheme\\\":\\\"light\\\",\\\"disableTransitionOnChange\\\":true,\\\"children\\\":[\\\"$\\\",\\\"$L6\\\",null,{\\\"children\\\":[\\\"$\\\",\\\"$L7\\\",null,{\\\"children\\\":[\\\"$\\\",\\\"$L8\\\",null,{\\\"children\\\":[\\\"$\\\",\\\"$L9\\\",null,{\\\"children\\\":[\\\"$\\\",\\\"$La\\\",null,{\\\"children\\\":[\\\"$\\\",\\\"$Lb\\\",null,{\\\"children\\\":[\\\"$\\\",\\\"$Lc\\\",null,{\\\"children\\\":[\\\"$\\\",\\\"$Ld\\\",null,{\\\"children\\\":[[\\\"$\\\",\\\"main\\\",null,{\\\"className\\\":\\\"tabular-nums\\\",\\\"children\\\":[[\\\"$\\\",\\\"$e\\\",null,{\\\"fallback\\\":\\\"$Lf\\\",\\\"children\\\":\\\"$L10\\\"}],[\\\"$\\\",\\\"$e\\\",null,{\\\"children\\\":[[\\\"$\\\",\\\"$L11\\\",null,{}],[\\\"$\\\",\\\"$L12\\\",null,{}],[\\\"$\\\",\\\"$L13\\\",null,{}]]}],[\\\"$\\\",\\\"$L14\\\",null,{\\\"parallelRouterKey\\\":\\\"children\\\",\\\"error\\\":\\\"$undefined\\\",\\\"errorStyles\\\":\\\"$undefined\\\",\\\"errorScripts\\\":\\\"$undefined\\\",\\\"template\\\":[\\\"$\\\",\\\"$L15\\\",null,{}],\\\"templateStyles\\\":\\\"$undefined\\\",\\\"templateScripts\\\":\\\"$undefined\\\",\\\"notFound\\\":[[\\\"$\\\",\\\"div\\\",null,{\\\"className\\\":\\\"flex flex-col items-center justify-center bg-background text-foreground\\\",\\\"children\\\":[[\\\"$\\\",\\\"div\\\",null,{\\\"className\\\":\\\"relative z-0 transition-all border-border/50 md:border-r h-[calc(100dvh-4rem)] md:h-[calc(100dvh-5.25rem)] main-content-container items-center justify-center flex flex-col gap-4\\\",\\\"ref\\\":\\\"$undefined\\\",\\\"children\\\":[[\\\"$\\\",\\\"h2\\\",null,{\\\"className\\\":\\\"flex w-96 items-center justify-between gap-2\\\",\\\"children\\\":[[\\\"$\\\",\\\"$L16\\\",null,{\\\"className\\\":\\\"flex-1 bg-gradient-to-r from-background via-background to-border\\\"}],[\\\"$\\\",\\\"span\\\",null,{\\\"children\\\":\\\"404: Not Found\\\"}],[\\\"$\\\",\\\"$L16\\\",null,{\\\"className\\\":\\\"flex-1 bg-gradient-to-l from-background via-background to-border\\\"}]]}],[\\\"$\\\",\\\"div\\\",null,{\\\"className\\\":\\\"flex flex-col gap-8 md:flex-row\\\",\\\"children\\\":[[\\\"$\\\",\\\"$L17\\\",null,{\\\"href\\\":\\\"/\\\",\\\"className\\\":\\\"self-start\\\",\\\"children\\\":[\\\"$\\\",\\\"button\\\",null,{\\\"className\\\":\\\"items-center justify-center whitespace-nowrap font-medium transition-colors focus-visible:outline-none disabled:pointer-events-none disabled:opacity-50 focus-visible:ring-1 focus-visible:ring-ring bg-secondary text-secondary-foreground shadow-sm hover:bg-secondary/80 hover:text-secondary-foreground h-8 rounded-md px-3 text-xs group flex gap-2\\\",\\\"ref\\\":\\\"$undefined\\\",\\\"disabled\\\":\\\"$undefined\\\",\\\"children\\\":[[\\\"$\\\",\\\"svg\\\",null,{\\\"xmlns\\\":\\\"http://www.w3.org/2000/svg\\\",\\\"fill\\\":\\\"none\\\",\\\"viewBox\\\":\\\"0 0 24 24\\\",\\\"strokeWidth\\\":1.5,\\\"stroke\\\":\\\"currentColor\\\",\\\"aria-hidden\\\":\\\"true\\\",\\\"data-slot\\\":\\\"icon\\\",\\\"ref\\\":\\\"$undefined\\\",\\\"aria-labelledby\\\":\\\"$undefined\\\",\\\"className\\\":\\\"size-4 transition-transform group-hover:-translate-x-1\\\",\\\"children\\\":[null,[\\\"$\\\",\\\"path\\\",null,{\\\"strokeLinecap\\\":\\\"round\\\",\\\"strokeLinejoin\\\":\\\"round\\\",\\\"d\\\":\\\"M10.5 19.5 3 12m0 0 7.5-7.5M3 12h18\\\"}]]}],\\\"Go Home\\\"]}]}],[\\\"$\\\",\\\"$L17\\\",null,{\\\"href\\\":\\\"/models\\\",\\\"className\\\":\\\"self-end\\\",\\\"children\\\":[\\\"$\\\",\\\"button\\\",null,{\\\"className\\\":\\\"items-center justify-center whitespace-nowrap font-medium transition-colors focus-visible:outline-none disabled:pointer-events-none disabled:opacity-50 focus-visible:ring-1 focus-visible:ring-ring bg-secondary text-secondary-foreground shadow-sm hover:bg-secondary/80 hover:text-secondary-foreground h-8 rounded-md px-3 text-xs group flex gap-2\\\",\\\"ref\\\":\\\"$undefined\\\",\\\"disabled\\\":\\\"$undefined\\\",\\\"children\\\":[\\\"Browse Models\\\",[\\\"$\\\",\\\"svg\\\",null,{\\\"xmlns\\\":\\\"http://www.w3.org/2000/svg\\\",\\\"fill\\\":\\\"none\\\",\\\"viewBox\\\":\\\"0 0 24 24\\\",\\\"strokeWidth\\\":1.5,\\\"stroke\\\":\\\"currentColor\\\",\\\"aria-hidden\\\":\\\"true\\\",\\\"data-slot\\\":\\\"icon\\\",\\\"ref\\\":\\\"$undefined\\\",\\\"aria-labelledby\\\":\\\"$undefined\\\",\\\"className\\\":\\\"size-4 transition-transform group-hover:translate-x-1\\\",\\\"children\\\":[null,[\\\"$\\\",\\\"path\\\",null,{\\\"strokeLinecap\\\":\\\"round\\\",\\\"strokeLinejoin\\\":\\\"round\\\",\\\"d\\\":\\\"M13.5 4.5 21 12m0 0-7.5 7.5M21 12H3\\\"}]]}]]}]}]]}]]}],[\\\"$\\\",\\\"$L18\\\",null,{}]]}],[]],\\\"forbidden\\\":\\\"$undefined\\\",\\\"unauthorized\\\":\\\"$undefined\\\"}]]}],[\\\"$\\\",\\\"div\\\",null,{\\\"id\\\":\\\"portal-container\\\"}],[\\\"$\\\",\\\"$L19\\\",null,{}],[\\\"$\\\",\\\"$L1a\\\",null,{}]]}]}]}]}]}]}]}]}]}]]}]}]]}],{\\\"children\\\":[\\\"/_not-found\\\",[\\\"$\\\",\\\"$1\\\",\\\"c\\\",{\\\"children\\\":[null,[\\\"$\\\",\\\"$L14\\\",null,{\\\"parallelRouterKey\\\":\\\"children\\\",\\\"error\\\":\\\"$undefined\\\",\\\"errorStyles\\\":\\\"$undefined\\\",\\\"errorScripts\\\":\\\"$undefined\\\",\\\"template\\\":[\\\"$\\\",\\\"$L15\\\",null,{}],\\\"templateStyles\\\":\\\"$undefined\\\",\\\"templateScripts\\\":\\\"$undefined\\\",\\\"notFound\\\":\\\"$undefined\\\",\\\"forbidden\\\":\\\"$undefined\\\",\\\"unauthorized\\\":\\\"$undefined\\\"}]]}],{\\\"children\\\":[\\\"__PAGE__\\\",[\\\"$\\\",\\\"$1\\\",\\\"c\\\",{\\\"children\\\":[\\\"$L1b\\\",null,\\\"$L1c\\\"]}],{},null,false]},null,false]},[\\\"$L1d\\\",[],[]],false],\\\"$L1e\\\",false]],\\\"m\\\":\\\"$undefined\\\",\\\"G\\\":[\\\"$1f\\\",[]],\\\"s\\\":false,\\\"S\\\":false}\\n\"])</script><script>self.__next_f.push([1,\"1b:[\\\"$\\\",\\\"div\\\",null,{\\\"className\\\":\\\"flex flex-col items-center justify-center bg-background text-foreground\\\",\\\"children\\\":[[\\\"$\\\",\\\"div\\\",null,{\\\"className\\\":\\\"relative z-0 transition-all border-border/50 md:border-r h-[calc(100dvh-4rem)] md:h-[calc(100dvh-5.25rem)] main-content-container items-center justify-center flex flex-col gap-4\\\",\\\"ref\\\":\\\"$undefined\\\",\\\"children\\\":[[\\\"$\\\",\\\"h2\\\",null,{\\\"className\\\":\\\"flex w-96 items-center justify-between gap-2\\\",\\\"children\\\":[[\\\"$\\\",\\\"$L16\\\",null,{\\\"className\\\":\\\"flex-1 bg-gradient-to-r from-background via-background to-border\\\"}],[\\\"$\\\",\\\"span\\\",null,{\\\"children\\\":\\\"404: Not Found\\\"}],[\\\"$\\\",\\\"$L16\\\",null,{\\\"className\\\":\\\"flex-1 bg-gradient-to-l from-background via-background to-border\\\"}]]}],[\\\"$\\\",\\\"div\\\",null,{\\\"className\\\":\\\"flex flex-col gap-8 md:flex-row\\\",\\\"children\\\":[[\\\"$\\\",\\\"$L17\\\",null,{\\\"href\\\":\\\"/\\\",\\\"className\\\":\\\"self-start\\\",\\\"children\\\":[\\\"$\\\",\\\"button\\\",null,{\\\"className\\\":\\\"items-center justify-center whitespace-nowrap font-medium transition-colors focus-visible:outline-none disabled:pointer-events-none disabled:opacity-50 focus-visible:ring-1 focus-visible:ring-ring bg-secondary text-secondary-foreground shadow-sm hover:bg-secondary/80 hover:text-secondary-foreground h-8 rounded-md px-3 text-xs group flex gap-2\\\",\\\"ref\\\":\\\"$undefined\\\",\\\"disabled\\\":\\\"$undefined\\\",\\\"children\\\":[[\\\"$\\\",\\\"svg\\\",null,{\\\"xmlns\\\":\\\"http://www.w3.org/2000/svg\\\",\\\"fill\\\":\\\"none\\\",\\\"viewBox\\\":\\\"0 0 24 24\\\",\\\"strokeWidth\\\":1.5,\\\"stroke\\\":\\\"currentColor\\\",\\\"aria-hidden\\\":\\\"true\\\",\\\"data-slot\\\":\\\"icon\\\",\\\"ref\\\":\\\"$undefined\\\",\\\"aria-labelledby\\\":\\\"$undefined\\\",\\\"className\\\":\\\"size-4 transition-transform group-hover:-translate-x-1\\\",\\\"children\\\":[null,[\\\"$\\\",\\\"path\\\",null,{\\\"strokeLinecap\\\":\\\"round\\\",\\\"strokeLinejoin\\\":\\\"round\\\",\\\"d\\\":\\\"M10.5 19.5 3 12m0 0 7.5-7.5M3 12h18\\\"}]]}],\\\"Go Home\\\"]}]}],[\\\"$\\\",\\\"$L17\\\",null,{\\\"href\\\":\\\"/models\\\",\\\"className\\\":\\\"self-end\\\",\\\"children\\\":[\\\"$\\\",\\\"button\\\",null,{\\\"className\\\":\\\"items-center justify-center whitespace-nowrap font-medium transition-colors focus-visible:outline-none disabled:pointer-events-none disabled:opacity-50 focus-visible:ring-1 focus-visible:ring-ring bg-secondary text-secondary-foreground shadow-sm hover:bg-secondary/80 hover:text-secondary-foreground h-8 rounded-md px-3 text-xs group flex gap-2\\\",\\\"ref\\\":\\\"$undefined\\\",\\\"disabled\\\":\\\"$undefined\\\",\\\"children\\\":[\\\"Browse Models\\\",[\\\"$\\\",\\\"svg\\\",null,{\\\"xmlns\\\":\\\"http://www.w3.org/2000/svg\\\",\\\"fill\\\":\\\"none\\\",\\\"viewBox\\\":\\\"0 0 24 24\\\",\\\"strokeWidth\\\":1.5,\\\"stroke\\\":\\\"currentColor\\\",\\\"aria-hidden\\\":\\\"true\\\",\\\"data-slot\\\":\\\"icon\\\",\\\"ref\\\":\\\"$undefined\\\",\\\"aria-labelledby\\\":\\\"$undefined\\\",\\\"className\\\":\\\"size-4 transition-transform group-hover:translate-x-1\\\",\\\"children\\\":[null,[\\\"$\\\",\\\"path\\\",null,{\\\"strokeLinecap\\\":\\\"round\\\",\\\"strokeLinejoin\\\":\\\"round\\\",\\\"d\\\":\\\"M13.5 4.5 21 12m0 0-7.5 7.5M21 12H3\\\"}]]}]]}]}]]}]]}],[\\\"$\\\",\\\"$L18\\\",null,{}]]}]\\n\"])</script><script>self.__next_f.push([1,\"1c:[\\\"$\\\",\\\"$L20\\\",null,{\\\"children\\\":[\\\"$L21\\\",\\\"$L22\\\"]}]\\n1d:[\\\"$\\\",\\\"div\\\",\\\"l\\\",{\\\"className\\\":\\\"flex flex-col items-center min-h-[calc(100vh-80px)] w-full md:min-h-screen\\\"}]\\n1e:[\\\"$\\\",\\\"$1\\\",\\\"h\\\",{\\\"children\\\":[[\\\"$\\\",\\\"meta\\\",null,{\\\"name\\\":\\\"robots\\\",\\\"content\\\":\\\"noindex\\\"}],[[\\\"$\\\",\\\"$L23\\\",null,{\\\"children\\\":\\\"$L24\\\"}],[\\\"$\\\",\\\"meta\\\",null,{\\\"name\\\":\\\"next-size-adjust\\\",\\\"content\\\":\\\"\\\"}]],[\\\"$\\\",\\\"$L25\\\",null,{\\\"children\\\":\\\"$L26\\\"}]]}]\\n\"])</script><script>self.__next_f.push([1,\"f:[\\\"$\\\",\\\"nav\\\",null,{\\\"id\\\":\\\"main-nav\\\",\\\"className\\\":\\\"sticky top-0 z-40 bg-background w-full\\\",\\\"children\\\":[\\\"$\\\",\\\"div\\\",null,{\\\"className\\\":\\\"mx-auto w-full px-6 py-3.5 lg:py-6 max-w-screen-4xl\\\",\\\"children\\\":[\\\"$\\\",\\\"div\\\",null,{\\\"className\\\":\\\"align-center relative flex flex-row justify-between text-sm md:text-base\\\",\\\"children\\\":[[\\\"$\\\",\\\"div\\\",null,{\\\"className\\\":\\\"flex flex-1 items-center gap-4\\\",\\\"children\\\":[[\\\"$\\\",\\\"$L27\\\",null,{\\\"href\\\":\\\"/\\\",\\\"children\\\":[\\\"$\\\",\\\"span\\\",null,{\\\"className\\\":\\\"flex items-center gap-2 text-base transform cursor-pointer font-medium duration-100 ease-in-out fill-current stroke-current\\\",\\\"children\\\":[[\\\"$\\\",\\\"svg\\\",null,{\\\"width\\\":\\\"100%\\\",\\\"height\\\":\\\"100%\\\",\\\"viewBox\\\":\\\"0 0 512 512\\\",\\\"xmlns\\\":\\\"http://www.w3.org/2000/svg\\\",\\\"className\\\":\\\"size-4\\\",\\\"fill\\\":\\\"currentColor\\\",\\\"stroke\\\":\\\"currentColor\\\",\\\"role\\\":\\\"img\\\",\\\"aria-label\\\":\\\"Logo\\\",\\\"children\\\":[[\\\"$\\\",\\\"path\\\",null,{\\\"d\\\":\\\"M3 248.945C18 248.945 76 236 106 219C136 202 136 202 198 158C276.497 102.293 332 120.945 423 120.945\\\",\\\"strokeWidth\\\":\\\"90\\\"}],[\\\"$\\\",\\\"path\\\",null,{\\\"d\\\":\\\"M511 121.5L357.25 210.268L357.25 32.7324L511 121.5Z\\\"}],[\\\"$\\\",\\\"path\\\",null,{\\\"d\\\":\\\"M0 249C15 249 73 261.945 103 278.945C133 295.945 133 295.945 195 339.945C273.497 395.652 329 377 420 377\\\",\\\"strokeWidth\\\":\\\"90\\\"}],[\\\"$\\\",\\\"path\\\",null,{\\\"d\\\":\\\"M508 376.445L354.25 287.678L354.25 465.213L508 376.445Z\\\"}]]}],\\\"OpenRouter\\\"]}]}],[[\\\"$\\\",\\\"div\\\",null,{\\\"className\\\":\\\"hidden md:flex h-9 w-[386px] items-center gap-2 rounded-md bg-slate-3 text-slate-11 opacity-60\\\",\\\"children\\\":[[\\\"$\\\",\\\"svg\\\",null,{\\\"xmlns\\\":\\\"http://www.w3.org/2000/svg\\\",\\\"viewBox\\\":\\\"0 0 24 24\\\",\\\"fill\\\":\\\"currentColor\\\",\\\"aria-hidden\\\":\\\"true\\\",\\\"data-slot\\\":\\\"icon\\\",\\\"ref\\\":\\\"$undefined\\\",\\\"aria-labelledby\\\":\\\"$undefined\\\",\\\"className\\\":\\\"ml-3 size-4 shrink-0 text-muted-foreground\\\",\\\"children\\\":[null,[\\\"$\\\",\\\"path\\\",null,{\\\"fillRule\\\":\\\"evenodd\\\",\\\"d\\\":\\\"M10.5 3.75a6.75 6.75 0 1 0 0 13.5 6.75 6.75 0 0 0 0-13.5ZM2.25 10.5a8.25 8.25 0 1 1 14.59 5.28l4.69 4.69a.75.75 0 1 1-1.06 1.06l-4.69-4.69A8.25 8.25 0 0 1 2.25 10.5Z\\\",\\\"clipRule\\\":\\\"evenodd\\\"}]]}],[\\\"$\\\",\\\"span\\\",null,{\\\"className\\\":\\\"flex-1 text-sm text-muted-foreground\\\",\\\"children\\\":\\\"Search\\\"}],[\\\"$\\\",\\\"kbd\\\",null,{\\\"className\\\":\\\"flex items-center justify-center aspect-square h-4 w-4 p-1 pointer-events-none rounded-sm bg-border text-xs text-muted-foreground mr-3.5\\\",\\\"children\\\":\\\"/\\\"}]]}],[\\\"$\\\",\\\"div\\\",null,{\\\"className\\\":\\\"md:hidden flex size-9 items-center justify-center opacity-60\\\",\\\"children\\\":[\\\"$\\\",\\\"svg\\\",null,{\\\"xmlns\\\":\\\"http://www.w3.org/2000/svg\\\",\\\"viewBox\\\":\\\"0 0 24 24\\\",\\\"fill\\\":\\\"currentColor\\\",\\\"aria-hidden\\\":\\\"true\\\",\\\"data-slot\\\":\\\"icon\\\",\\\"ref\\\":\\\"$undefined\\\",\\\"aria-labelledby\\\":\\\"$undefined\\\",\\\"className\\\":\\\"size-4 text-muted-foreground\\\",\\\"children\\\":[null,[\\\"$\\\",\\\"path\\\",null,{\\\"fillRule\\\":\\\"evenodd\\\",\\\"d\\\":\\\"M10.5 3.75a6.75 6.75 0 1 0 0 13.5 6.75 6.75 0 0 0 0-13.5ZM2.25 10.5a8.25 8.25 0 1 1 14.59 5.28l4.69 4.69a.75.75 0 1 1-1.06 1.06l-4.69-4.69A8.25 8.25 0 0 1 2.25 10.5Z\\\",\\\"clipRule\\\":\\\"evenodd\\\"}]]}]}]]]}],[\\\"$\\\",\\\"div\\\",null,{\\\"className\\\":\\\"hidden lg:flex lg:gap-1 text-sm items-center\\\",\\\"children\\\":[[\\\"$\\\",\\\"$L27\\\",null,{\\\"href\\\":\\\"/models\\\",\\\"children\\\":\\\"Models\\\"}],[\\\"$\\\",\\\"$L27\\\",null,{\\\"href\\\":\\\"/chat\\\",\\\"children\\\":\\\"Chat\\\"}],[\\\"$\\\",\\\"$L27\\\",null,{\\\"href\\\":\\\"/rankings\\\",\\\"children\\\":\\\"Rankings\\\"}],[\\\"$\\\",\\\"$L27\\\",null,{\\\"href\\\":\\\"/apps\\\",\\\"children\\\":\\\"Apps\\\"}],[[\\\"$\\\",\\\"$L27\\\",null,{\\\"href\\\":\\\"/enterprise\\\",\\\"children\\\":\\\"Enterprise\\\"}],[\\\"$\\\",\\\"$L27\\\",null,{\\\"href\\\":\\\"/pricing\\\",\\\"children\\\":\\\"Pricing\\\"}]],[\\\"$\\\",\\\"$L27\\\",null,{\\\"href\\\":\\\"/docs/quickstart\\\",\\\"children\\\":\\\"Docs\\\"}],[\\\"$\\\",\\\"div\\\",null,{\\\"className\\\":\\\"flex w-24 justify-end\\\",\\\"children\\\":[\\\"$\\\",\\\"div\\\",null,{\\\"className\\\":\\\"animate-pulse bg-muted h-9 w-full rounded-full\\\"}]}]]}],[\\\"$\\\",\\\"div\\\",null,{\\\"className\\\":\\\"lg:hidden flex flex-1 justify-end gap-1\\\",\\\"children\\\":[\\\"$\\\",\\\"div\\\",null,{\\\"className\\\":\\\"flex w-24 justify-end\\\",\\\"children\\\":[[\\\"$\\\",\\\"div\\\",null,{\\\"className\\\":\\\"animate-pulse rounded-md bg-muted h-9 flex-1 rounded-l-full\\\"}],[\\\"$\\\",\\\"div\\\",null,{\\\"className\\\":\\\"animate-pulse rounded-md bg-muted h-9 w-10 rounded-r-full\\\"}]]}]}]]}]}]}]\\n\"])</script><script>self.__next_f.push([1,\"10:[\\\"$\\\",\\\"$L28\\\",null,{\\\"initialIsSignedIn\\\":false,\\\"initialIsAdmin\\\":false,\\\"initialUserImageUrl\\\":\\\"$undefined\\\",\\\"initialUserName\\\":\\\"$undefined\\\"}]\\n24:[[\\\"$\\\",\\\"meta\\\",\\\"0\\\",{\\\"charSet\\\":\\\"utf-8\\\"}],[\\\"$\\\",\\\"meta\\\",\\\"1\\\",{\\\"name\\\":\\\"viewport\\\",\\\"content\\\":\\\"width=device-width, initial-scale=1, minimum-scale=1\\\"}],[\\\"$\\\",\\\"meta\\\",\\\"2\\\",{\\\"name\\\":\\\"theme-color\\\",\\\"media\\\":\\\"(prefers-color-scheme: light)\\\",\\\"content\\\":\\\"rgb(255, 255, 255)\\\"}],[\\\"$\\\",\\\"meta\\\",\\\"3\\\",{\\\"name\\\":\\\"theme-color\\\",\\\"media\\\":\\\"(prefers-color-scheme: dark)\\\",\\\"content\\\":\\\"rgb(9, 10, 11)\\\"}]]\\n21:null\\n22:null\\n\"])</script><script>self.__next_f.push([1,\"26:[[\\\"$\\\",\\\"title\\\",\\\"0\\\",{\\\"children\\\":\\\"Not Found | OpenRouter\\\"}],[\\\"$\\\",\\\"meta\\\",\\\"1\\\",{\\\"name\\\":\\\"description\\\",\\\"content\\\":\\\"The page you are looking for does not exist\\\"}],[\\\"$\\\",\\\"link\\\",\\\"2\\\",{\\\"rel\\\":\\\"manifest\\\",\\\"href\\\":\\\"/manifest.webmanifest\\\",\\\"crossOrigin\\\":\\\"$undefined\\\"}],[\\\"$\\\",\\\"meta\\\",\\\"3\\\",{\\\"name\\\":\\\"openrouter:commit-sha\\\",\\\"content\\\":\\\"20b0d44554f8066370e22e60c99dd6436acd860c\\\"}],[\\\"$\\\",\\\"meta\\\",\\\"4\\\",{\\\"property\\\":\\\"og:title\\\",\\\"content\\\":\\\"Not Found | OpenRouter\\\"}],[\\\"$\\\",\\\"meta\\\",\\\"5\\\",{\\\"property\\\":\\\"og:description\\\",\\\"content\\\":\\\"The page you are looking for does not exist\\\"}],[\\\"$\\\",\\\"meta\\\",\\\"6\\\",{\\\"property\\\":\\\"og:url\\\",\\\"content\\\":\\\"https://openrouter.ai\\\"}],[\\\"$\\\",\\\"meta\\\",\\\"7\\\",{\\\"property\\\":\\\"og:site_name\\\",\\\"content\\\":\\\"OpenRouter\\\"}],[\\\"$\\\",\\\"meta\\\",\\\"8\\\",{\\\"property\\\":\\\"og:image\\\",\\\"content\\\":\\\"https://openrouter.ai/dynamic-og?pathname=not-found\\u0026title=Not+Found\\u0026description=The+page+you+are+looking+for+does+not+exist\\\"}],[\\\"$\\\",\\\"meta\\\",\\\"9\\\",{\\\"name\\\":\\\"twitter:card\\\",\\\"content\\\":\\\"summary_large_image\\\"}],[\\\"$\\\",\\\"meta\\\",\\\"10\\\",{\\\"name\\\":\\\"twitter:site\\\",\\\"content\\\":\\\"@openrouter\\\"}],[\\\"$\\\",\\\"meta\\\",\\\"11\\\",{\\\"name\\\":\\\"twitter:title\\\",\\\"content\\\":\\\"Not Found | OpenRouter\\\"}],[\\\"$\\\",\\\"meta\\\",\\\"12\\\",{\\\"name\\\":\\\"twitter:description\\\",\\\"content\\\":\\\"The page you are looking for does not exist\\\"}],[\\\"$\\\",\\\"meta\\\",\\\"13\\\",{\\\"name\\\":\\\"twitter:image\\\",\\\"content\\\":\\\"https://openrouter.ai/dynamic-og?pathname=not-found\\u0026title=Not+Found\\u0026description=The+page+you+are+looking+for+does+not+exist\\\"}],[\\\"$\\\",\\\"link\\\",\\\"14\\\",{\\\"rel\\\":\\\"icon\\\",\\\"href\\\":\\\"/favicon.ico\\\",\\\"type\\\":\\\"image/x-icon\\\",\\\"sizes\\\":\\\"16x16\\\"}],[\\\"$\\\",\\\"link\\\",\\\"15\\\",{\\\"rel\\\":\\\"icon\\\",\\\"href\\\":\\\"/favicon.ico\\\"}],[\\\"$\\\",\\\"$L29\\\",\\\"16\\\",{}]]\\n\"])</script></body></html>. Retrying in 2s","timestamp":"2026-03-07T11:01:43.512Z"}
{"context":"API","level":"info","message":"GET /api/pipeline/status/run_1772881292782","timestamp":"2026-03-07T11:01:45.126Z"}
{"context":"StrategyClassifier","level":"warn","message":"  Claude API attempt 2/3 failed: 404 <!DOCTYPE html><html lang=\"en\"><head><meta charSet=\"utf-8\"/><meta name=\"viewport\" content=\"width=device-width, initial-scale=1, minimum-scale=1\"/><link rel=\"stylesheet\" href=\"/_next/static/css/cda3af16020f96ba.css\" data-precedence=\"next\"/><link rel=\"stylesheet\" href=\"/_next/static/css/23565049b3597e0b.css\" data-precedence=\"next\"/><link rel=\"stylesheet\" href=\"/_next/static/css/7f803c4ba0b62a29.css\" data-precedence=\"next\"/><link rel=\"preload\" as=\"script\" fetchPriority=\"low\" href=\"/_next/static/chunks/webpack-10ba58d93e371456.js\"/><script src=\"/_next/static/chunks/9ba4270a-e6f67529ac26615d.js\" async=\"\"></script><script src=\"/_next/static/chunks/92a4cbe8-e405d44926c37b73.js\" async=\"\"></script><script src=\"/_next/static/chunks/60384-70e3fa1342d029c7.js\" async=\"\"></script><script src=\"/_next/static/chunks/46437-de717c850179876b.js\" async=\"\"></script><script src=\"/_next/static/chunks/main-app-0bba5adccdad5b04.js\" async=\"\"></script><script src=\"/_next/static/chunks/25170-0e6181b2ccbbb6c4.js\" async=\"\"></script><script src=\"/_next/static/chunks/3888-1b80ac3e66e8a62f.js\" async=\"\"></script><script src=\"/_next/static/chunks/71106-b7535260a328d1a8.js\" async=\"\"></script><script src=\"/_next/static/chunks/3144-31c3de663d43a81f.js\" async=\"\"></script><script src=\"/_next/static/chunks/1734-d5af36f0b162a573.js\" async=\"\"></script><script src=\"/_next/static/chunks/45079-024b7107b15d4084.js\" async=\"\"></script><script src=\"/_next/static/chunks/5985-c1dc926d4d436766.js\" async=\"\"></script><script src=\"/_next/static/chunks/10756-daa34ab87965281e.js\" async=\"\"></script><script src=\"/_next/static/chunks/65088-8591857f52c4c13f.js\" async=\"\"></script><script src=\"/_next/static/chunks/6829-df03642e9cfbc8f4.js\" async=\"\"></script><script src=\"/_next/static/chunks/40331-459dbea7989a248e.js\" async=\"\"></script><script src=\"/_next/static/chunks/57028-3214d72e2a7c9de0.js\" async=\"\"></script><script src=\"/_next/static/chunks/28464-1f4a9b148a86c8af.js\" async=\"\"></script><script src=\"/_next/static/chunks/13557-d8c6f4320672188d.js\" async=\"\"></script><script src=\"/_next/static/chunks/57518-354d9d9eed155c41.js\" async=\"\"></script><script src=\"/_next/static/chunks/56873-2d1079b450e7f242.js\" async=\"\"></script><script src=\"/_next/static/chunks/80212-b72efa8ae64f19b5.js\" async=\"\"></script><script src=\"/_next/static/chunks/3556-d73559aa65408ef1.js\" async=\"\"></script><script src=\"/_next/static/chunks/5590-d9fabde5f7ff1a3e.js\" async=\"\"></script><script src=\"/_next/static/chunks/51822-78ff3a66cbc8c8da.js\" async=\"\"></script><script src=\"/_next/static/chunks/81729-516046754f560fe3.js\" async=\"\"></script><script src=\"/_next/static/chunks/97045-3066625d43510da3.js\" async=\"\"></script><script src=\"/_next/static/chunks/app/layout-e98b45b309fcb7a3.js\" async=\"\"></script><script src=\"/_next/static/chunks/28151-9b975e06dd078d6b.js\" async=\"\"></script><script src=\"/_next/static/chunks/98761-1f1e4035f9cea0b6.js\" async=\"\"></script><script src=\"/_next/static/chunks/app/not-found-f7bb3c9b82a096e3.js\" async=\"\"></script><script src=\"/_next/static/chunks/32584-2052ed6c9ce94184.js\" async=\"\"></script><script src=\"/_next/static/chunks/5630-2ea83c9c3d616ebc.js\" async=\"\"></script><script src=\"/_next/static/chunks/32304-a9fecde38fba538e.js\" async=\"\"></script><script src=\"/_next/static/chunks/app/(user)/layout-3c15428b358026f7.js\" async=\"\"></script><script src=\"/_next/static/chunks/app/(static)/layout-007d563104356e66.js\" async=\"\"></script><script src=\"/_next/static/chunks/app/global-error-f927dfe9743bca16.js\" async=\"\"></script><script src=\"https://clerk.openrouter.ai/npm/@clerk/clerk-js@5/dist/clerk.browser.js\" data-clerk-js-script=\"true\" async=\"\" crossorigin=\"anonymous\" data-clerk-publishable-key=\"pk_live_Y2xlcmsub3BlbnJvdXRlci5haSQ\"></script><meta name=\"robots\" content=\"noindex\"/><meta name=\"next-size-adjust\" content=\"\"/><meta name=\"theme-color\" media=\"(prefers-color-scheme: light)\" content=\"rgb(255, 255, 255)\"/><meta name=\"theme-color\" media=\"(prefers-color-scheme: dark)\" content=\"rgb(9, 10, 11)\"/><title>Not Found | OpenRouter</title><meta name=\"description\" content=\"The page you are looking for does not exist\"/><link rel=\"manifest\" href=\"/manifest.webmanifest\"/><meta name=\"openrouter:commit-sha\" content=\"20b0d44554f8066370e22e60c99dd6436acd860c\"/><meta property=\"og:title\" content=\"Not Found | OpenRouter\"/><meta property=\"og:description\" content=\"The page you are looking for does not exist\"/><meta property=\"og:url\" content=\"https://openrouter.ai\"/><meta property=\"og:site_name\" content=\"OpenRouter\"/><meta property=\"og:image\" content=\"https://openrouter.ai/dynamic-og?pathname=not-found&amp;title=Not+Found&amp;description=The+page+you+are+looking+for+does+not+exist\"/><meta name=\"twitter:card\" content=\"summary_large_image\"/><meta name=\"twitter:site\" content=\"@openrouter\"/><meta name=\"twitter:title\" content=\"Not Found | OpenRouter\"/><meta name=\"twitter:description\" content=\"The page you are looking for does not exist\"/><meta name=\"twitter:image\" content=\"https://openrouter.ai/dynamic-og?pathname=not-found&amp;title=Not+Found&amp;description=The+page+you+are+looking+for+does+not+exist\"/><link rel=\"icon\" href=\"/favicon.ico\" type=\"image/x-icon\" sizes=\"16x16\"/><link rel=\"icon\" href=\"/favicon.ico\"/><script async=\"\" src=\"https://www.googletagmanager.com/gtag/js?id=G-R8YZRJS2XN\"></script><script src=\"/_next/static/chunks/polyfills-42372ed130431b0a.js\" noModule=\"\"></script><script>\n            window.dataLayer = window.dataLayer || [];\n            function gtag(){dataLayer.push(arguments);}\n            gtag('js', new Date());\n            gtag('config', 'G-R8YZRJS2XN');\n          </script></head><body class=\"__variable_f367f3 __variable_f910ec font-sans\"><style>\n:root {\n  --bprogress-color: hsl(var(--primary));\n  --bprogress-height: 2px;\n  --bprogress-spinner-size: 18px;\n  --bprogress-spinner-animation-duration: 400ms;\n  --bprogress-spinner-border-size: 2px;\n  --bprogress-box-shadow: 0 0 10px hsl(var(--primary)), 0 0 5px hsl(var(--primary));\n  --bprogress-z-index: 99999;\n  --bprogress-spinner-top: 15px;\n  --bprogress-spinner-bottom: auto;\n  --bprogress-spinner-right: 15px;\n  --bprogress-spinner-left: auto;\n}\n\n.bprogress {\n  width: 0;\n  height: 0;\n  pointer-events: none;\n  z-index: var(--bprogress-z-index);\n}\n\n.bprogress .bar {\n  background: var(--bprogress-color);\n  position: fixed;\n  z-index: var(--bprogress-z-index);\n  top: 0;\n  left: 0;\n  width: 100%;\n  height: var(--bprogress-height);\n}\n\n/* Fancy blur effect */\n.bprogress .peg {\n  display: block;\n  position: absolute;\n  right: 0;\n  width: 100px;\n  height: 100%;\n  box-shadow: var(--bprogress-box-shadow);\n  opacity: 1.0;\n  transform: rotate(3deg) translate(0px, -4px);\n}\n\n/* Remove these to get rid of the spinner */\n.bprogress .spinner {\n  display: block;\n  position: fixed;\n  z-index: var(--bprogress-z-index);\n  top: var(--bprogress-spinner-top);\n  bottom: var(--bprogress-spinner-bottom);\n  right: var(--bprogress-spinner-right);\n  left: var(--bprogress-spinner-left);\n}\n\n.bprogress .spinner-icon {\n  width: var(--bprogress-spinner-size);\n  height: var(--bprogress-spinner-size);\n  box-sizing: border-box;\n  border: solid var(--bprogress-spinner-border-size) transparent;\n  border-top-color: var(--bprogress-color);\n  border-left-color: var(--bprogress-color);\n  border-radius: 50%;\n  -webkit-animation: bprogress-spinner var(--bprogress-spinner-animation-duration) linear infinite;\n  animation: bprogress-spinner var(--bprogress-spinner-animation-duration) linear infinite;\n}\n\n.bprogress-custom-parent {\n  overflow: hidden;\n  position: relative;\n}\n\n.bprogress-custom-parent .bprogress .spinner,\n.bprogress-custom-parent .bprogress .bar {\n  position: absolute;\n}\n\n.bprogress .indeterminate {\n  position: fixed;\n  top: 0;\n  left: 0;\n  width: 100%;\n  height: var(--bprogress-height);\n  overflow: hidden;\n}\n\n.bprogress .indeterminate .inc,\n.bprogress .indeterminate .dec {\n  position: absolute;\n  top: 0;\n  height: 100%;\n  background-color: var(--bprogress-color);\n}\n\n.bprogress .indeterminate .inc {\n  animation: bprogress-indeterminate-increase 2s infinite;\n}\n\n.bprogress .indeterminate .dec {\n  animation: bprogress-indeterminate-decrease 2s 0.5s infinite;\n}\n\n@-webkit-keyframes bprogress-spinner {\n  0%   { -webkit-transform: rotate(0deg); transform: rotate(0deg); }\n  100% { -webkit-transform: rotate(360deg); transform: rotate(360deg); }\n}\n\n@keyframes bprogress-spinner {\n  0%   { transform: rotate(0deg); }\n  100% { transform: rotate(360deg); }\n}\n\n@keyframes bprogress-indeterminate-increase {\n  from { left: -5%; width: 5%; }\n  to { left: 130%; width: 100%; }\n}\n\n@keyframes bprogress-indeterminate-decrease {\n  from { left: -80%; width: 80%; }\n  to { left: 110%; width: 10%; }\n}\n</style><!--$--><!--/$--><script>((a,b,c,d,e,f,g,h)=>{let i=document.documentElement,j=[\"light\",\"dark\"];function k(b){var c;(Array.isArray(a)?a:[a]).forEach(a=>{let c=\"class\"===a,d=c&&f?e.map(a=>f[a]||a):e;c?(i.classList.remove(...d),i.classList.add(f&&f[b]?f[b]:b)):i.setAttribute(a,b)}),c=b,h&&j.includes(c)&&(i.style.colorScheme=c)}if(d)k(d);else try{let a=localStorage.getItem(b)||c,d=g&&\"system\"===a?window.matchMedia(\"(prefers-color-scheme: dark)\").matches?\"dark\":\"light\":a;k(d)}catch(a){}})(\"class\",\"theme\",\"light\",null,[\"light\",\"dark\"],null,true,true)</script><!--$--><!--/$--><main class=\"tabular-nums\"><!--$?--><template id=\"B:0\"></template><nav id=\"main-nav\" class=\"sticky top-0 z-40 bg-background w-full\"><div class=\"mx-auto w-full px-6 py-3.5 lg:py-6 max-w-screen-4xl\"><div class=\"align-center relative flex flex-row justify-between text-sm md:text-base\"><div class=\"flex flex-1 items-center gap-4\"><a class=\"text-muted-foreground\" href=\"/\"><button class=\"inline-flex items-center whitespace-nowrap font-medium transition-colors focus-visible:outline-none disabled:pointer-events-none disabled:opacity-50 focus-visible:ring-1 focus-visible:ring-ring gap-2 leading-6 hover:bg-accent hover:text-accent-foreground border border-transparent h-9 rounded-md w-auto justify-center text-muted-foreground px-2\"><span class=\"flex items-center gap-2 text-base transform cursor-pointer font-medium duration-100 ease-in-out fill-current stroke-current\"><svg width=\"100%\" height=\"100%\" viewBox=\"0 0 512 512\" xmlns=\"http://www.w3.org/2000/svg\" class=\"size-4\" fill=\"currentColor\" stroke=\"currentColor\" role=\"img\" aria-label=\"Logo\"><path d=\"M3 248.945C18 248.945 76 236 106 219C136 202 136 202 198 158C276.497 102.293 332 120.945 423 120.945\" stroke-width=\"90\"></path><path d=\"M511 121.5L357.25 210.268L357.25 32.7324L511 121.5Z\"></path><path d=\"M0 249C15 249 73 261.945 103 278.945C133 295.945 133 295.945 195 339.945C273.497 395.652 329 377 420 377\" stroke-width=\"90\"></path><path d=\"M508 376.445L354.25 287.678L354.25 465.213L508 376.445Z\"></path></svg>OpenRouter</span></button></a><div class=\"hidden md:flex h-9 w-[386px] items-center gap-2 rounded-md bg-slate-3 text-slate-11 opacity-60\"><svg xmlns=\"http://www.w3.org/2000/svg\" viewBox=\"0 0 24 24\" fill=\"currentColor\" aria-hidden=\"true\" data-slot=\"icon\" class=\"ml-3 size-4 shrink-0 text-muted-foreground\"><path fill-rule=\"evenodd\" d=\"M10.5 3.75a6.75 6.75 0 1 0 0 13.5 6.75 6.75 0 0 0 0-13.5ZM2.25 10.5a8.25 8.25 0 1 1 14.59 5.28l4.69 4.69a.75.75 0 1 1-1.06 1.06l-4.69-4.69A8.25 8.25 0 0 1 2.25 10.5Z\" clip-rule=\"evenodd\"></path></svg><span class=\"flex-1 text-sm text-muted-foreground\">Search</span><kbd class=\"flex items-center justify-center aspect-square h-4 w-4 p-1 pointer-events-none rounded-sm bg-border text-xs text-muted-foreground mr-3.5\">/</kbd></div><div class=\"md:hidden flex size-9 items-center justify-center opacity-60\"><svg xmlns=\"http://www.w3.org/2000/svg\" viewBox=\"0 0 24 24\" fill=\"currentColor\" aria-hidden=\"true\" data-slot=\"icon\" class=\"size-4 text-muted-foreground\"><path fill-rule=\"evenodd\" d=\"M10.5 3.75a6.75 6.75 0 1 0 0 13.5 6.75 6.75 0 0 0 0-13.5ZM2.25 10.5a8.25 8.25 0 1 1 14.59 5.28l4.69 4.69a.75.75 0 1 1-1.06 1.06l-4.69-4.69A8.25 8.25 0 0 1 2.25 10.5Z\" clip-rule=\"evenodd\"></path></svg></div></div><div class=\"hidden lg:flex lg:gap-1 text-sm items-center\"><a class=\"text-muted-foreground\" href=\"/models\"><button class=\"inline-flex items-center whitespace-nowrap font-medium transition-colors focus-visible:outline-none disabled:pointer-events-none disabled:opacity-50 focus-visible:ring-1 focus-visible:ring-ring gap-2 leading-6 hover:bg-accent hover:text-accent-foreground border border-transparent h-9 rounded-md w-auto justify-center text-muted-foreground px-2\">Models</button></a><a class=\"text-muted-foreground\" href=\"/chat\"><button class=\"inline-flex items-center whitespace-nowrap font-medium transition-colors focus-visible:outline-none disabled:pointer-events-none disabled:opacity-50 focus-visible:ring-1 focus-visible:ring-ring gap-2 leading-6 hover:bg-accent hover:text-accent-foreground border border-transparent h-9 rounded-md w-auto justify-center text-muted-foreground px-2\">Chat</button></a><a class=\"text-muted-foreground\" href=\"/rankings\"><button class=\"inline-flex items-center whitespace-nowrap font-medium transition-colors focus-visible:outline-none disabled:pointer-events-none disabled:opacity-50 focus-visible:ring-1 focus-visible:ring-ring gap-2 leading-6 hover:bg-accent hover:text-accent-foreground border border-transparent h-9 rounded-md w-auto justify-center text-muted-foreground px-2\">Rankings</button></a><a class=\"text-muted-foreground\" href=\"/apps\"><button class=\"inline-flex items-center whitespace-nowrap font-medium transition-colors focus-visible:outline-none disabled:pointer-events-none disabled:opacity-50 focus-visible:ring-1 focus-visible:ring-ring gap-2 leading-6 hover:bg-accent hover:text-accent-foreground border border-transparent h-9 rounded-md w-auto justify-center text-muted-foreground px-2\">Apps</button></a><a class=\"text-muted-foreground\" href=\"/enterprise\"><button class=\"inline-flex items-center whitespace-nowrap font-medium transition-colors focus-visible:outline-none disabled:pointer-events-none disabled:opacity-50 focus-visible:ring-1 focus-visible:ring-ring gap-2 leading-6 hover:bg-accent hover:text-accent-foreground border border-transparent h-9 rounded-md w-auto justify-center text-muted-foreground px-2\">Enterprise</button></a><a class=\"text-muted-foreground\" href=\"/pricing\"><button class=\"inline-flex items-center whitespace-nowrap font-medium transition-colors focus-visible:outline-none disabled:pointer-events-none disabled:opacity-50 focus-visible:ring-1 focus-visible:ring-ring gap-2 leading-6 hover:bg-accent hover:text-accent-foreground border border-transparent h-9 rounded-md w-auto justify-center text-muted-foreground px-2\">Pricing</button></a><a href=\"/docs/quickstart\" class=\"text-muted-foreground\"><button class=\"inline-flex items-center whitespace-nowrap font-medium transition-colors focus-visible:outline-none disabled:pointer-events-none disabled:opacity-50 focus-visible:ring-1 focus-visible:ring-ring gap-2 leading-6 hover:bg-accent hover:text-accent-foreground border border-transparent h-9 rounded-md w-auto justify-center text-muted-foreground px-2\">Docs</button></a><div class=\"flex w-24 justify-end\"><div class=\"animate-pulse bg-muted h-9 w-full rounded-full\"></div></div></div><div class=\"lg:hidden flex flex-1 justify-end gap-1\"><div class=\"flex w-24 justify-end\"><div class=\"animate-pulse rounded-md bg-muted h-9 flex-1 rounded-l-full\"></div><div class=\"animate-pulse rounded-md bg-muted h-9 w-10 rounded-r-full\"></div></div></div></div></div></nav><!--/$--><!--$--><!--/$--><!--$?--><template id=\"B:1\"></template><div class=\"flex flex-col items-center min-h-[calc(100vh-80px)] w-full md:min-h-screen\"></div><!--/$--></main><div id=\"portal-container\"></div><section aria-label=\"Notifications alt+T\" tabindex=\"-1\" aria-live=\"polite\" aria-relevant=\"additions text\" aria-atomic=\"false\"></section><script>requestAnimationFrame(function(){$RT=performance.now()});</script><script src=\"/_next/static/chunks/webpack-10ba58d93e371456.js\" id=\"_R_\" async=\"\"></script><div hidden id=\"S:0\"><nav id=\"main-nav\" class=\"sticky top-0 z-40 transition-all duration-150 bg-background w-full\"><div class=\"mx-auto w-full transition-all duration-150 px-6 py-3.5 lg:py-6\"><span style=\"position:absolute;border:0;width:1px;height:1px;padding:0;margin:-1px;overflow:hidden;clip:rect(0, 0, 0, 0);white-space:nowrap;word-wrap:normal\"><a href=\"#skip\" class=\"sr-only absolute left-0 top-0 bg-background text-primary focus:not-sr-only\">Skip to content</a></span><div class=\"align-center relative flex flex-row justify-between text-sm md:text-base\"><div class=\"flex flex-1 items-center gap-4\"><a class=\"text-muted-foreground\" href=\"/\"><button class=\"inline-flex items-center whitespace-nowrap font-medium transition-colors focus-visible:outline-none disabled:pointer-events-none disabled:opacity-50 focus-visible:ring-1 focus-visible:ring-ring gap-2 leading-6 hover:bg-accent hover:text-accent-foreground border border-transparent h-9 rounded-md w-auto justify-center text-muted-foreground px-2\"><span class=\"flex items-center gap-2 text-base transform cursor-pointer font-medium duration-100 ease-in-out fill-current stroke-current\"><svg width=\"100%\" height=\"100%\" viewBox=\"0 0 512 512\" xmlns=\"http://www.w3.org/2000/svg\" class=\"size-4\" fill=\"currentColor\" stroke=\"currentColor\" role=\"img\" aria-label=\"Logo\"><path d=\"M3 248.945C18 248.945 76 236 106 219C136 202 136 202 198 158C276.497 102.293 332 120.945 423 120.945\" stroke-width=\"90\"></path><path d=\"M511 121.5L357.25 210.268L357.25 32.7324L511 121.5Z\"></path><path d=\"M0 249C15 249 73 261.945 103 278.945C133 295.945 133 295.945 195 339.945C273.497 395.652 329 377 420 377\" stroke-width=\"90\"></path><path d=\"M508 376.445L354.25 287.678L354.25 465.213L508 376.445Z\"></path></svg>OpenRouter</span></button></a><div class=\"hidden md:block\"><div tabindex=\"-1\" class=\"flex h-full w-full flex-col overflow-hidden rounded-md bg-popover text-popover-foreground\" cmdk-root=\"\"><label cmdk-label=\"\" for=\"radix-_R_6cjdl9bH2_\" id=\"radix-_R_6cjdl9bH1_\" style=\"position:absolute;width:1px;height:1px;padding:0;margin:-1px;overflow:hidden;clip:rect(0, 0, 0, 0);white-space:nowrap;border-width:0\"></label><div role=\"combobox\" aria-controls=\"search-command-list\" aria-expanded=\"false\" class=\"relative flex h-9 w-[386px] items-center gap-2 rounded-md ring-ring transition-colors bg-slate-3 text-slate-11 focus-within:bg-slate-4 focus-within:text-slate-12\" type=\"button\" aria-haspopup=\"dialog\" data-state=\"closed\"><div class=\"flex items-center border-b px-3 w-full focus-visible:outline-none\" cmdk-input-wrapper=\"\"><svg xmlns=\"http://www.w3.org/2000/svg\" viewBox=\"0 0 24 24\" fill=\"currentColor\" aria-hidden=\"true\" data-slot=\"icon\" class=\"mr-2 h-4 w-4 shrink-0 opacity-50\"><path fill-rule=\"evenodd\" d=\"M10.5 3.75a6.75 6.75 0 1 0 0 13.5 6.75 6.75 0 0 0 0-13.5ZM2.25 10.5a8.25 8.25 0 1 1 14.59 5.28l4.69 4.69a.75.75 0 1 1-1.06 1.06l-4.69-4.69A8.25 8.25 0 0 1 2.25 10.5Z\" clip-rule=\"evenodd\"></path></svg><input class=\"flex h-10 w-full rounded-md bg-transparent py-3 text-sm outline-none placeholder:text-muted-foreground disabled:cursor-not-allowed disabled:opacity-50\" placeholder=\"Search\" disabled=\"\" cmdk-input=\"\" autoComplete=\"off\" autoCorrect=\"off\" spellCheck=\"false\" aria-autocomplete=\"list\" role=\"combobox\" aria-expanded=\"true\" aria-controls=\"radix-_R_6cjdl9b_\" aria-labelledby=\"radix-_R_6cjdl9bH1_\" id=\"radix-_R_6cjdl9bH2_\" type=\"text\" value=\"\"/></div><kbd class=\"flex items-center justify-center aspect-square h-4 w-4 p-1 pointer-events-none rounded-sm bg-border text-xs text-muted-foreground absolute right-3.5 transition-opacity duration-200\">/</kbd></div></div></div><div class=\"md:hidden\"><button class=\"inline-flex items-center justify-center whitespace-nowrap rounded-md font-medium transition-colors focus-visible:outline-none disabled:pointer-events-none disabled:opacity-50 focus-visible:ring-1 focus-visible:ring-ring gap-2 leading-6 text-muted-foreground hover:bg-accent hover:text-accent-foreground border border-transparent h-9 w-9\" role=\"combobox\" aria-expanded=\"false\" title=\"Search\" type=\"button\" aria-haspopup=\"dialog\" aria-controls=\"radix-_R_acjdl9b_\" data-state=\"closed\" data-slot=\"dialog-trigger\"><svg xmlns=\"http://www.w3.org/2000/svg\" viewBox=\"0 0 24 24\" fill=\"currentColor\" aria-hidden=\"true\" data-slot=\"icon\" class=\"size-4\"><path fill-rule=\"evenodd\" d=\"M10.5 3.75a6.75 6.75 0 1 0 0 13.5 6.75 6.75 0 0 0 0-13.5ZM2.25 10.5a8.25 8.25 0 1 1 14.59 5.28l4.69 4.69a.75.75 0 1 1-1.06 1.06l-4.69-4.69A8.25 8.25 0 0 1 2.25 10.5Z\" clip-rule=\"evenodd\"></path></svg></button></div></div><div class=\"hidden lg:flex lg:gap-1 text-sm\"><a class=\"text-muted-foreground\" href=\"/models\"><button class=\"inline-flex items-center whitespace-nowrap font-medium transition-colors focus-visible:outline-none disabled:pointer-events-none disabled:opacity-50 focus-visible:ring-1 focus-visible:ring-ring gap-2 leading-6 hover:bg-accent hover:text-accent-foreground border border-transparent h-9 rounded-md w-auto justify-center text-muted-foreground px-2\">Models</button></a><a class=\"text-muted-foreground\" href=\"/chat\"><button class=\"inline-flex items-center whitespace-nowrap font-medium transition-colors focus-visible:outline-none disabled:pointer-events-none disabled:opacity-50 focus-visible:ring-1 focus-visible:ring-ring gap-2 leading-6 hover:bg-accent hover:text-accent-foreground border border-transparent h-9 rounded-md w-auto justify-center text-muted-foreground px-2\">Chat</button></a><a class=\"text-muted-foreground\" href=\"/rankings\"><button class=\"inline-flex items-center whitespace-nowrap font-medium transition-colors focus-visible:outline-none disabled:pointer-events-none disabled:opacity-50 focus-visible:ring-1 focus-visible:ring-ring gap-2 leading-6 hover:bg-accent hover:text-accent-foreground border border-transparent h-9 rounded-md w-auto justify-center text-muted-foreground px-2\">Rankings</button></a><a class=\"text-muted-foreground\" href=\"/apps\"><button class=\"inline-flex items-center whitespace-nowrap font-medium transition-colors focus-visible:outline-none disabled:pointer-events-none disabled:opacity-50 focus-visible:ring-1 focus-visible:ring-ring gap-2 leading-6 hover:bg-accent hover:text-accent-foreground border border-transparent h-9 rounded-md w-auto justify-center text-muted-foreground px-2\">Apps</button></a><a class=\"text-muted-foreground\" href=\"/enterprise\"><button class=\"inline-flex items-center whitespace-nowrap font-medium transition-colors focus-visible:outline-none disabled:pointer-events-none disabled:opacity-50 focus-visible:ring-1 focus-visible:ring-ring gap-2 leading-6 hover:bg-accent hover:text-accent-foreground border border-transparent h-9 rounded-md w-auto justify-center text-muted-foreground px-2\">Enterprise</button></a><a class=\"text-muted-foreground\" href=\"/pricing\"><button class=\"inline-flex items-center whitespace-nowrap font-medium transition-colors focus-visible:outline-none disabled:pointer-events-none disabled:opacity-50 focus-visible:ring-1 focus-visible:ring-ring gap-2 leading-6 hover:bg-accent hover:text-accent-foreground border border-transparent h-9 rounded-md w-auto justify-center text-muted-foreground px-2\">Pricing</button></a><a href=\"/docs/quickstart\" class=\"text-muted-foreground\"><button class=\"inline-flex items-center whitespace-nowrap font-medium transition-colors focus-visible:outline-none disabled:pointer-events-none disabled:opacity-50 focus-visible:ring-1 focus-visible:ring-ring gap-2 leading-6 hover:bg-accent hover:text-accent-foreground border border-transparent h-9 rounded-md w-auto justify-center text-muted-foreground px-2\">Docs</button></a><div class=\"flex w-24 justify-end\"><div class=\"animate-pulse bg-muted h-9 w-full rounded-full\"></div></div></div><div class=\"lg:hidden\"><div class=\"flex flex-1 justify-end gap-1\"><div class=\"flex w-24 justify-end\"><div class=\"animate-pulse rounded-md bg-muted h-9 flex-1 rounded-l-full\"></div><div class=\"animate-pulse rounded-md bg-muted h-9 w-10 rounded-r-full\"></div></div></div></div></div></div></nav></div><script>$RB=[];$RV=function(a){$RT=performance.now();for(var b=0;b<a.length;b+=2){var c=a[b],e=a[b+1];null!==e.parentNode&&e.parentNode.removeChild(e);var f=c.parentNode;if(f){var g=c.previousSibling,h=0;do{if(c&&8===c.nodeType){var d=c.data;if(\"/$\"===d||\"/&\"===d)if(0===h)break;else h--;else\"$\"!==d&&\"$?\"!==d&&\"$~\"!==d&&\"$!\"!==d&&\"&\"!==d||h++}d=c.nextSibling;f.removeChild(c);c=d}while(c);for(;e.firstChild;)f.insertBefore(e.firstChild,c);g.data=\"$\";g._reactRetry&&requestAnimationFrame(g._reactRetry)}}a.length=0};\n$RC=function(a,b){if(b=document.getElementById(b))(a=document.getElementById(a))?(a.previousSibling.data=\"$~\",$RB.push(a,b),2===$RB.length&&(\"number\"!==typeof $RT?requestAnimationFrame($RV.bind(null,$RB)):(a=performance.now(),setTimeout($RV.bind(null,$RB),2300>a&&2E3<a?2300-a:$RT+300-a)))):b.parentNode.removeChild(b)};$RC(\"B:0\",\"S:0\")</script><div hidden id=\"S:1\"><div class=\"flex flex-col items-center justify-center bg-background text-foreground\"><div class=\"relative z-0 transition-all border-border/50 md:border-r h-[calc(100dvh-4rem)] md:h-[calc(100dvh-5.25rem)] main-content-container items-center justify-center flex flex-col gap-4\"><h2 class=\"flex w-96 items-center justify-between gap-2\"><div data-orientation=\"horizontal\" role=\"none\" class=\"h-px w-full flex-1 bg-gradient-to-r from-background via-background to-border\"></div><span>404: Not Found</span><div data-orientation=\"horizontal\" role=\"none\" class=\"h-px w-full flex-1 bg-gradient-to-l from-background via-background to-border\"></div></h2><div class=\"flex flex-col gap-8 md:flex-row\"><a class=\"self-start\" href=\"/\"><button class=\"items-center justify-center whitespace-nowrap font-medium transition-colors focus-visible:outline-none disabled:pointer-events-none disabled:opacity-50 focus-visible:ring-1 focus-visible:ring-ring bg-secondary text-secondary-foreground shadow-sm hover:bg-secondary/80 hover:text-secondary-foreground h-8 rounded-md px-3 text-xs group flex gap-2\"><svg xmlns=\"http://www.w3.org/2000/svg\" fill=\"none\" viewBox=\"0 0 24 24\" stroke-width=\"1.5\" stroke=\"currentColor\" aria-hidden=\"true\" data-slot=\"icon\" class=\"size-4 transition-transform group-hover:-translate-x-1\"><path stroke-linecap=\"round\" stroke-linejoin=\"round\" d=\"M10.5 19.5 3 12m0 0 7.5-7.5M3 12h18\"></path></svg>Go Home</button></a><a class=\"self-end\" href=\"/models\"><button class=\"items-center justify-center whitespace-nowrap font-medium transition-colors focus-visible:outline-none disabled:pointer-events-none disabled:opacity-50 focus-visible:ring-1 focus-visible:ring-ring bg-secondary text-secondary-foreground shadow-sm hover:bg-secondary/80 hover:text-secondary-foreground h-8 rounded-md px-3 text-xs group flex gap-2\">Browse Models<svg xmlns=\"http://www.w3.org/2000/svg\" fill=\"none\" viewBox=\"0 0 24 24\" stroke-width=\"1.5\" stroke=\"currentColor\" aria-hidden=\"true\" data-slot=\"icon\" class=\"size-4 transition-transform group-hover:translate-x-1\"><path stroke-linecap=\"round\" stroke-linejoin=\"round\" d=\"M13.5 4.5 21 12m0 0-7.5 7.5M21 12H3\"></path></svg></button></a></div></div><footer><div class=\"px-6 py-12 md:px-12 md:py-16 border-t bg-background font-medium\"><div class=\"mx-auto max-w-7xl grid gap-8 grid-cols-2 md:grid-cols-4 lg:grid-cols-5\"><div class=\"col-span-2 md:col-span-4 lg:col-span-1 flex flex-col gap-4\"><span data-state=\"closed\" style=\"-webkit-touch-callout:none\"><a class=\"flex items-center gap-2 text-foreground hover:text-foreground/80 transition-colors w-fit\" href=\"/\"><svg width=\"100%\" height=\"100%\" viewBox=\"0 0 512 512\" xmlns=\"http://www.w3.org/2000/svg\" class=\"size-5\" fill=\"currentColor\" stroke=\"currentColor\" role=\"img\" aria-label=\"OpenRouter Logo\"><path d=\"M3 248.945C18 248.945 76 236 106 219C136 202 136 202 198 158C276.497 102.293 332 120.945 423 120.945\" stroke-width=\"90\"></path><path d=\"M511 121.5L357.25 210.268L357.25 32.7324L511 121.5Z\"></path><path d=\"M0 249C15 249 73 261.945 103 278.945C133 295.945 133 295.945 195 339.945C273.497 395.652 329 377 420 377\" stroke-width=\"90\"></path><path d=\"M508 376.445L354.25 287.678L354.25 465.213L508 376.445Z\"></path></svg><span class=\"font-semibold\">OpenRouter</span></a></span><div class=\"text-sm text-muted-foreground\">© 2026 OpenRouter, Inc</div></div><div class=\"flex flex-col gap-3\"><h3 class=\"font-semibold text-foreground\">Product</h3><ul class=\"flex flex-col gap-2\"><li><a class=\"text-sm text-muted-foreground hover:text-foreground transition-colors flex items-center gap-2\" href=\"/chat\">Chat</a></li><li><a class=\"text-sm text-muted-foreground hover:text-foreground transition-colors flex items-center gap-2\" href=\"/rankings\">Rankings</a></li><li><a class=\"text-sm text-muted-foreground hover:text-foreground transition-colors flex items-center gap-2\" href=\"/apps\">Apps</a></li><li><a class=\"text-sm text-muted-foreground hover:text-foreground transition-colors flex items-center gap-2\" href=\"/models\">Models</a></li><li><a class=\"text-sm text-muted-foreground hover:text-foreground transition-colors flex items-center gap-2\" href=\"/providers\">Providers</a></li><li><a class=\"text-sm text-muted-foreground hover:text-foreground transition-colors flex items-center gap-2\" href=\"/pricing\">Pricing</a></li><li><a class=\"text-sm text-muted-foreground hover:text-foreground transition-colors flex items-center gap-2\" href=\"/redeem\">Redeem</a></li><li><a class=\"text-sm text-muted-foreground hover:text-foreground transition-colors flex items-center gap-2\" href=\"/enterprise\">Enterprise</a></li></ul></div><div class=\"flex flex-col gap-3\"><h3 class=\"font-semibold text-foreground\">Company</h3><ul class=\"flex flex-col gap-2\"><li><a class=\"text-sm text-muted-foreground hover:text-foreground transition-colors flex items-center gap-2\" href=\"/about\">About</a></li><li><a class=\"text-sm text-muted-foreground hover:text-foreground transition-colors flex items-center gap-2\" href=\"/announcements\">Announcements</a></li><li><a class=\"text-sm text-muted-foreground hover:text-foreground transition-colors flex items-center gap-2\" href=\"/careers\">Careers<span class=\"text-xs bg-primary/10 text-primary px-1.5 py-0.5 rounded\">Hiring</span></a></li><li><a class=\"text-sm text-muted-foreground hover:text-foreground transition-colors flex items-center gap-2\" href=\"/privacy\">Privacy</a></li><li><a class=\"text-sm text-muted-foreground hover:text-foreground transition-colors flex items-center gap-2\" href=\"/terms\">Terms of Service</a></li><li><a class=\"text-sm text-muted-foreground hover:text-foreground transition-colors flex items-center gap-2\" href=\"/support\">Support</a></li><li><a class=\"text-sm text-muted-foreground hover:text-foreground transition-colors flex items-center gap-2\" href=\"/state-of-ai\">State of AI</a></li><li><a class=\"text-sm text-muted-foreground hover:text-foreground transition-colors flex items-center gap-2\" href=\"/works-with-openrouter\">Works With OR</a></li></ul></div><div class=\"flex flex-col gap-3\"><h3 class=\"font-semibold text-foreground\">Developer</h3><ul class=\"flex flex-col gap-2\"><li><a href=\"/docs\" class=\"text-sm text-muted-foreground hover:text-foreground transition-colors flex items-center gap-2\" target=\"_blank\" rel=\"noopener noreferrer\">Documentation</a></li><li><a href=\"/docs/api-reference\" class=\"text-sm text-muted-foreground hover:text-foreground transition-colors flex items-center gap-2\" target=\"_blank\" rel=\"noopener noreferrer\">API Reference</a></li><li><a class=\"text-sm text-muted-foreground hover:text-foreground transition-colors flex items-center gap-2\" href=\"/sdk\">SDK</a></li><li><a href=\"https://status.openrouter.ai\" class=\"text-sm text-muted-foreground hover:text-foreground transition-colors flex items-center gap-2\" target=\"_blank\" rel=\"noopener noreferrer\">Status</a></li></ul></div><div class=\"flex flex-col gap-3\"><h3 class=\"font-semibold text-foreground\">Connect</h3><ul class=\"flex flex-col gap-2\"><li><a href=\"https://discord.gg/fVyRaUDgxW\" class=\"text-sm text-muted-foreground hover:text-foreground transition-colors flex items-center gap-2\" target=\"_blank\" rel=\"noopener noreferrer\">Discord</a></li><li><a href=\"https://github.com/OpenRouterTeam\" class=\"text-sm text-muted-foreground hover:text-foreground transition-colors flex items-center gap-2\" target=\"_blank\" rel=\"noopener noreferrer\">GitHub</a></li><li><a href=\"https://www.linkedin.com/company/104068329\" class=\"text-sm text-muted-foreground hover:text-foreground transition-colors flex items-center gap-2\" target=\"_blank\" rel=\"noopener noreferrer\">LinkedIn</a></li><li><a href=\"https://twitter.com/openrouter\" class=\"text-sm text-muted-foreground hover:text-foreground transition-colors flex items-center gap-2\" target=\"_blank\" rel=\"noopener noreferrer\">X</a></li><li><a href=\"https://www.youtube.com/@OpenRouterAI\" class=\"text-sm text-muted-foreground hover:text-foreground transition-colors flex items-center gap-2\" target=\"_blank\" rel=\"noopener noreferrer\">YouTube</a></li></ul></div></div></div></footer></div></div><script>$RC(\"B:1\",\"S:1\")</script><script>(self.__next_f=self.__next_f||[]).push([0])</script><script>self.__next_f.push([1,\"1:\\\"$Sreact.fragment\\\"\\n\"])</script><script>self.__next_f.push([1,\"2:I[40756,[\\\"25170\\\",\\\"static/chunks/25170-0e6181b2ccbbb6c4.js\\\",\\\"3888\\\",\\\"static/chunks/3888-1b80ac3e66e8a62f.js\\\",\\\"71106\\\",\\\"static/chunks/71106-b7535260a328d1a8.js\\\",\\\"3144\\\",\\\"static/chunks/3144-31c3de663d43a81f.js\\\",\\\"1734\\\",\\\"static/chunks/1734-d5af36f0b162a573.js\\\",\\\"45079\\\",\\\"static/chunks/45079-024b7107b15d4084.js\\\",\\\"5985\\\",\\\"static/chunks/5985-c1dc926d4d436766.js\\\",\\\"10756\\\",\\\"static/chunks/10756-daa34ab87965281e.js\\\",\\\"65088\\\",\\\"static/chunks/65088-8591857f52c4c13f.js\\\",\\\"6829\\\",\\\"static/chunks/6829-df03642e9cfbc8f4.js\\\",\\\"40331\\\",\\\"static/chunks/40331-459dbea7989a248e.js\\\",\\\"57028\\\",\\\"static/chunks/57028-3214d72e2a7c9de0.js\\\",\\\"28464\\\",\\\"static/chunks/28464-1f4a9b148a86c8af.js\\\",\\\"13557\\\",\\\"static/chunks/13557-d8c6f4320672188d.js\\\",\\\"57518\\\",\\\"static/chunks/57518-354d9d9eed155c41.js\\\",\\\"56873\\\",\\\"static/chunks/56873-2d1079b450e7f242.js\\\",\\\"80212\\\",\\\"static/chunks/80212-b72efa8ae64f19b5.js\\\",\\\"3556\\\",\\\"static/chunks/3556-d73559aa65408ef1.js\\\",\\\"5590\\\",\\\"static/chunks/5590-d9fabde5f7ff1a3e.js\\\",\\\"51822\\\",\\\"static/chunks/51822-78ff3a66cbc8c8da.js\\\",\\\"81729\\\",\\\"static/chunks/81729-516046754f560fe3.js\\\",\\\"97045\\\",\\\"static/chunks/97045-3066625d43510da3.js\\\",\\\"7177\\\",\\\"static/chunks/app/layout-e98b45b309fcb7a3.js\\\"],\\\"GoogleAnalytics\\\"]\\n\"])</script><script>self.__next_f.push([1,\"3:I[38519,[\\\"25170\\\",\\\"static/chunks/25170-0e6181b2ccbbb6c4.js\\\",\\\"3888\\\",\\\"static/chunks/3888-1b80ac3e66e8a62f.js\\\",\\\"71106\\\",\\\"static/chunks/71106-b7535260a328d1a8.js\\\",\\\"3144\\\",\\\"static/chunks/3144-31c3de663d43a81f.js\\\",\\\"1734\\\",\\\"static/chunks/1734-d5af36f0b162a573.js\\\",\\\"45079\\\",\\\"static/chunks/45079-024b7107b15d4084.js\\\",\\\"5985\\\",\\\"static/chunks/5985-c1dc926d4d436766.js\\\",\\\"10756\\\",\\\"static/chunks/10756-daa34ab87965281e.js\\\",\\\"65088\\\",\\\"static/chunks/65088-8591857f52c4c13f.js\\\",\\\"6829\\\",\\\"static/chunks/6829-df03642e9cfbc8f4.js\\\",\\\"40331\\\",\\\"static/chunks/40331-459dbea7989a248e.js\\\",\\\"57028\\\",\\\"static/chunks/57028-3214d72e2a7c9de0.js\\\",\\\"28464\\\",\\\"static/chunks/28464-1f4a9b148a86c8af.js\\\",\\\"13557\\\",\\\"static/chunks/13557-d8c6f4320672188d.js\\\",\\\"57518\\\",\\\"static/chunks/57518-354d9d9eed155c41.js\\\",\\\"56873\\\",\\\"static/chunks/56873-2d1079b450e7f242.js\\\",\\\"80212\\\",\\\"static/chunks/80212-b72efa8ae64f19b5.js\\\",\\\"3556\\\",\\\"static/chunks/3556-d73559aa65408ef1.js\\\",\\\"5590\\\",\\\"static/chunks/5590-d9fabde5f7ff1a3e.js\\\",\\\"51822\\\",\\\"static/chunks/51822-78ff3a66cbc8c8da.js\\\",\\\"81729\\\",\\\"static/chunks/81729-516046754f560fe3.js\\\",\\\"97045\\\",\\\"static/chunks/97045-3066625d43510da3.js\\\",\\\"7177\\\",\\\"static/chunks/app/layout-e98b45b309fcb7a3.js\\\"],\\\"DatadogRUM\\\"]\\n\"])</script><script>self.__next_f.push([1,\"4:I[37142,[\\\"25170\\\",\\\"static/chunks/25170-0e6181b2ccbbb6c4.js\\\",\\\"3888\\\",\\\"static/chunks/3888-1b80ac3e66e8a62f.js\\\",\\\"71106\\\",\\\"static/chunks/71106-b7535260a328d1a8.js\\\",\\\"3144\\\",\\\"static/chunks/3144-31c3de663d43a81f.js\\\",\\\"1734\\\",\\\"static/chunks/1734-d5af36f0b162a573.js\\\",\\\"45079\\\",\\\"static/chunks/45079-024b7107b15d4084.js\\\",\\\"5985\\\",\\\"static/chunks/5985-c1dc926d4d436766.js\\\",\\\"10756\\\",\\\"static/chunks/10756-daa34ab87965281e.js\\\",\\\"65088\\\",\\\"static/chunks/65088-8591857f52c4c13f.js\\\",\\\"6829\\\",\\\"static/chunks/6829-df03642e9cfbc8f4.js\\\",\\\"40331\\\",\\\"static/chunks/40331-459dbea7989a248e.js\\\",\\\"57028\\\",\\\"static/chunks/57028-3214d72e2a7c9de0.js\\\",\\\"28464\\\",\\\"static/chunks/28464-1f4a9b148a86c8af.js\\\",\\\"13557\\\",\\\"static/chunks/13557-d8c6f4320672188d.js\\\",\\\"57518\\\",\\\"static/chunks/57518-354d9d9eed155c41.js\\\",\\\"56873\\\",\\\"static/chunks/56873-2d1079b450e7f242.js\\\",\\\"80212\\\",\\\"static/chunks/80212-b72efa8ae64f19b5.js\\\",\\\"3556\\\",\\\"static/chunks/3556-d73559aa65408ef1.js\\\",\\\"5590\\\",\\\"static/chunks/5590-d9fabde5f7ff1a3e.js\\\",\\\"51822\\\",\\\"static/chunks/51822-78ff3a66cbc8c8da.js\\\",\\\"81729\\\",\\\"static/chunks/81729-516046754f560fe3.js\\\",\\\"97045\\\",\\\"static/chunks/97045-3066625d43510da3.js\\\",\\\"7177\\\",\\\"static/chunks/app/layout-e98b45b309fcb7a3.js\\\"],\\\"ConsentManager\\\"]\\n\"])</script><script>self.__next_f.push([1,\"5:I[16783,[\\\"25170\\\",\\\"static/chunks/25170-0e6181b2ccbbb6c4.js\\\",\\\"3888\\\",\\\"static/chunks/3888-1b80ac3e66e8a62f.js\\\",\\\"71106\\\",\\\"static/chunks/71106-b7535260a328d1a8.js\\\",\\\"3144\\\",\\\"static/chunks/3144-31c3de663d43a81f.js\\\",\\\"1734\\\",\\\"static/chunks/1734-d5af36f0b162a573.js\\\",\\\"45079\\\",\\\"static/chunks/45079-024b7107b15d4084.js\\\",\\\"5985\\\",\\\"static/chunks/5985-c1dc926d4d436766.js\\\",\\\"10756\\\",\\\"static/chunks/10756-daa34ab87965281e.js\\\",\\\"65088\\\",\\\"static/chunks/65088-8591857f52c4c13f.js\\\",\\\"6829\\\",\\\"static/chunks/6829-df03642e9cfbc8f4.js\\\",\\\"40331\\\",\\\"static/chunks/40331-459dbea7989a248e.js\\\",\\\"57028\\\",\\\"static/chunks/57028-3214d72e2a7c9de0.js\\\",\\\"28464\\\",\\\"static/chunks/28464-1f4a9b148a86c8af.js\\\",\\\"13557\\\",\\\"static/chunks/13557-d8c6f4320672188d.js\\\",\\\"57518\\\",\\\"static/chunks/57518-354d9d9eed155c41.js\\\",\\\"56873\\\",\\\"static/chunks/56873-2d1079b450e7f242.js\\\",\\\"80212\\\",\\\"static/chunks/80212-b72efa8ae64f19b5.js\\\",\\\"3556\\\",\\\"static/chunks/3556-d73559aa65408ef1.js\\\",\\\"5590\\\",\\\"static/chunks/5590-d9fabde5f7ff1a3e.js\\\",\\\"51822\\\",\\\"static/chunks/51822-78ff3a66cbc8c8da.js\\\",\\\"81729\\\",\\\"static/chunks/81729-516046754f560fe3.js\\\",\\\"97045\\\",\\\"static/chunks/97045-3066625d43510da3.js\\\",\\\"7177\\\",\\\"static/chunks/app/layout-e98b45b309fcb7a3.js\\\"],\\\"ThemeProvider\\\"]\\n\"])</script><script>self.__next_f.push([1,\"6:I[27456,[\\\"25170\\\",\\\"static/chunks/25170-0e6181b2ccbbb6c4.js\\\",\\\"3888\\\",\\\"static/chunks/3888-1b80ac3e66e8a62f.js\\\",\\\"71106\\\",\\\"static/chunks/71106-b7535260a328d1a8.js\\\",\\\"3144\\\",\\\"static/chunks/3144-31c3de663d43a81f.js\\\",\\\"1734\\\",\\\"static/chunks/1734-d5af36f0b162a573.js\\\",\\\"45079\\\",\\\"static/chunks/45079-024b7107b15d4084.js\\\",\\\"5985\\\",\\\"static/chunks/5985-c1dc926d4d436766.js\\\",\\\"10756\\\",\\\"static/chunks/10756-daa34ab87965281e.js\\\",\\\"65088\\\",\\\"static/chunks/65088-8591857f52c4c13f.js\\\",\\\"6829\\\",\\\"static/chunks/6829-df03642e9cfbc8f4.js\\\",\\\"40331\\\",\\\"static/chunks/40331-459dbea7989a248e.js\\\",\\\"57028\\\",\\\"static/chunks/57028-3214d72e2a7c9de0.js\\\",\\\"28464\\\",\\\"static/chunks/28464-1f4a9b148a86c8af.js\\\",\\\"13557\\\",\\\"static/chunks/13557-d8c6f4320672188d.js\\\",\\\"57518\\\",\\\"static/chunks/57518-354d9d9eed155c41.js\\\",\\\"56873\\\",\\\"static/chunks/56873-2d1079b450e7f242.js\\\",\\\"80212\\\",\\\"static/chunks/80212-b72efa8ae64f19b5.js\\\",\\\"3556\\\",\\\"static/chunks/3556-d73559aa65408ef1.js\\\",\\\"5590\\\",\\\"static/chunks/5590-d9fabde5f7ff1a3e.js\\\",\\\"51822\\\",\\\"static/chunks/51822-78ff3a66cbc8c8da.js\\\",\\\"81729\\\",\\\"static/chunks/81729-516046754f560fe3.js\\\",\\\"97045\\\",\\\"static/chunks/97045-3066625d43510da3.js\\\",\\\"7177\\\",\\\"static/chunks/app/layout-e98b45b309fcb7a3.js\\\"],\\\"ExpandedErrorModalProvider\\\"]\\n\"])</script><script>self.__next_f.push([1,\"7:I[58604,[\\\"25170\\\",\\\"static/chunks/25170-0e6181b2ccbbb6c4.js\\\",\\\"3888\\\",\\\"static/chunks/3888-1b80ac3e66e8a62f.js\\\",\\\"71106\\\",\\\"static/chunks/71106-b7535260a328d1a8.js\\\",\\\"3144\\\",\\\"static/chunks/3144-31c3de663d43a81f.js\\\",\\\"1734\\\",\\\"static/chunks/1734-d5af36f0b162a573.js\\\",\\\"45079\\\",\\\"static/chunks/45079-024b7107b15d4084.js\\\",\\\"5985\\\",\\\"static/chunks/5985-c1dc926d4d436766.js\\\",\\\"10756\\\",\\\"static/chunks/10756-daa34ab87965281e.js\\\",\\\"65088\\\",\\\"static/chunks/65088-8591857f52c4c13f.js\\\",\\\"6829\\\",\\\"static/chunks/6829-df03642e9cfbc8f4.js\\\",\\\"40331\\\",\\\"static/chunks/40331-459dbea7989a248e.js\\\",\\\"57028\\\",\\\"static/chunks/57028-3214d72e2a7c9de0.js\\\",\\\"28464\\\",\\\"static/chunks/28464-1f4a9b148a86c8af.js\\\",\\\"13557\\\",\\\"static/chunks/13557-d8c6f4320672188d.js\\\",\\\"57518\\\",\\\"static/chunks/57518-354d9d9eed155c41.js\\\",\\\"56873\\\",\\\"static/chunks/56873-2d1079b450e7f242.js\\\",\\\"80212\\\",\\\"static/chunks/80212-b72efa8ae64f19b5.js\\\",\\\"3556\\\",\\\"static/chunks/3556-d73559aa65408ef1.js\\\",\\\"5590\\\",\\\"static/chunks/5590-d9fabde5f7ff1a3e.js\\\",\\\"51822\\\",\\\"static/chunks/51822-78ff3a66cbc8c8da.js\\\",\\\"81729\\\",\\\"static/chunks/81729-516046754f560fe3.js\\\",\\\"97045\\\",\\\"static/chunks/97045-3066625d43510da3.js\\\",\\\"7177\\\",\\\"static/chunks/app/layout-e98b45b309fcb7a3.js\\\"],\\\"GlobalErrorToastProvider\\\"]\\n\"])</script><script>self.__next_f.push([1,\"8:I[82761,[\\\"25170\\\",\\\"static/chunks/25170-0e6181b2ccbbb6c4.js\\\",\\\"3888\\\",\\\"static/chunks/3888-1b80ac3e66e8a62f.js\\\",\\\"71106\\\",\\\"static/chunks/71106-b7535260a328d1a8.js\\\",\\\"3144\\\",\\\"static/chunks/3144-31c3de663d43a81f.js\\\",\\\"1734\\\",\\\"static/chunks/1734-d5af36f0b162a573.js\\\",\\\"45079\\\",\\\"static/chunks/45079-024b7107b15d4084.js\\\",\\\"5985\\\",\\\"static/chunks/5985-c1dc926d4d436766.js\\\",\\\"10756\\\",\\\"static/chunks/10756-daa34ab87965281e.js\\\",\\\"65088\\\",\\\"static/chunks/65088-8591857f52c4c13f.js\\\",\\\"6829\\\",\\\"static/chunks/6829-df03642e9cfbc8f4.js\\\",\\\"40331\\\",\\\"static/chunks/40331-459dbea7989a248e.js\\\",\\\"57028\\\",\\\"static/chunks/57028-3214d72e2a7c9de0.js\\\",\\\"28464\\\",\\\"static/chunks/28464-1f4a9b148a86c8af.js\\\",\\\"13557\\\",\\\"static/chunks/13557-d8c6f4320672188d.js\\\",\\\"57518\\\",\\\"static/chunks/57518-354d9d9eed155c41.js\\\",\\\"56873\\\",\\\"static/chunks/56873-2d1079b450e7f242.js\\\",\\\"80212\\\",\\\"static/chunks/80212-b72efa8ae64f19b5.js\\\",\\\"3556\\\",\\\"static/chunks/3556-d73559aa65408ef1.js\\\",\\\"5590\\\",\\\"static/chunks/5590-d9fabde5f7ff1a3e.js\\\",\\\"51822\\\",\\\"static/chunks/51822-78ff3a66cbc8c8da.js\\\",\\\"81729\\\",\\\"static/chunks/81729-516046754f560fe3.js\\\",\\\"97045\\\",\\\"static/chunks/97045-3066625d43510da3.js\\\",\\\"7177\\\",\\\"static/chunks/app/layout-e98b45b309fcb7a3.js\\\"],\\\"GlobalProvider\\\"]\\n\"])</script><script>self.__next_f.push([1,\"9:I[88593,[\\\"25170\\\",\\\"static/chunks/25170-0e6181b2ccbbb6c4.js\\\",\\\"3888\\\",\\\"static/chunks/3888-1b80ac3e66e8a62f.js\\\",\\\"71106\\\",\\\"static/chunks/71106-b7535260a328d1a8.js\\\",\\\"3144\\\",\\\"static/chunks/3144-31c3de663d43a81f.js\\\",\\\"1734\\\",\\\"static/chunks/1734-d5af36f0b162a573.js\\\",\\\"45079\\\",\\\"static/chunks/45079-024b7107b15d4084.js\\\",\\\"5985\\\",\\\"static/chunks/5985-c1dc926d4d436766.js\\\",\\\"10756\\\",\\\"static/chunks/10756-daa34ab87965281e.js\\\",\\\"65088\\\",\\\"static/chunks/65088-8591857f52c4c13f.js\\\",\\\"6829\\\",\\\"static/chunks/6829-df03642e9cfbc8f4.js\\\",\\\"40331\\\",\\\"static/chunks/40331-459dbea7989a248e.js\\\",\\\"57028\\\",\\\"static/chunks/57028-3214d72e2a7c9de0.js\\\",\\\"28464\\\",\\\"static/chunks/28464-1f4a9b148a86c8af.js\\\",\\\"13557\\\",\\\"static/chunks/13557-d8c6f4320672188d.js\\\",\\\"57518\\\",\\\"static/chunks/57518-354d9d9eed155c41.js\\\",\\\"56873\\\",\\\"static/chunks/56873-2d1079b450e7f242.js\\\",\\\"80212\\\",\\\"static/chunks/80212-b72efa8ae64f19b5.js\\\",\\\"3556\\\",\\\"static/chunks/3556-d73559aa65408ef1.js\\\",\\\"5590\\\",\\\"static/chunks/5590-d9fabde5f7ff1a3e.js\\\",\\\"51822\\\",\\\"static/chunks/51822-78ff3a66cbc8c8da.js\\\",\\\"81729\\\",\\\"static/chunks/81729-516046754f560fe3.js\\\",\\\"97045\\\",\\\"static/chunks/97045-3066625d43510da3.js\\\",\\\"7177\\\",\\\"static/chunks/app/layout-e98b45b309fcb7a3.js\\\"],\\\"ClerkAuthProvider\\\"]\\n\"])</script><script>self.__next_f.push([1,\"a:I[5737,[\\\"25170\\\",\\\"static/chunks/25170-0e6181b2ccbbb6c4.js\\\",\\\"3888\\\",\\\"static/chunks/3888-1b80ac3e66e8a62f.js\\\",\\\"71106\\\",\\\"static/chunks/71106-b7535260a328d1a8.js\\\",\\\"3144\\\",\\\"static/chunks/3144-31c3de663d43a81f.js\\\",\\\"1734\\\",\\\"static/chunks/1734-d5af36f0b162a573.js\\\",\\\"45079\\\",\\\"static/chunks/45079-024b7107b15d4084.js\\\",\\\"5985\\\",\\\"static/chunks/5985-c1dc926d4d436766.js\\\",\\\"10756\\\",\\\"static/chunks/10756-daa34ab87965281e.js\\\",\\\"65088\\\",\\\"static/chunks/65088-8591857f52c4c13f.js\\\",\\\"6829\\\",\\\"static/chunks/6829-df03642e9cfbc8f4.js\\\",\\\"40331\\\",\\\"static/chunks/40331-459dbea7989a248e.js\\\",\\\"57028\\\",\\\"static/chunks/57028-3214d72e2a7c9de0.js\\\",\\\"28464\\\",\\\"static/chunks/28464-1f4a9b148a86c8af.js\\\",\\\"13557\\\",\\\"static/chunks/13557-d8c6f4320672188d.js\\\",\\\"57518\\\",\\\"static/chunks/57518-354d9d9eed155c41.js\\\",\\\"56873\\\",\\\"static/chunks/56873-2d1079b450e7f242.js\\\",\\\"80212\\\",\\\"static/chunks/80212-b72efa8ae64f19b5.js\\\",\\\"3556\\\",\\\"static/chunks/3556-d73559aa65408ef1.js\\\",\\\"5590\\\",\\\"static/chunks/5590-d9fabde5f7ff1a3e.js\\\",\\\"51822\\\",\\\"static/chunks/51822-78ff3a66cbc8c8da.js\\\",\\\"81729\\\",\\\"static/chunks/81729-516046754f560fe3.js\\\",\\\"97045\\\",\\\"static/chunks/97045-3066625d43510da3.js\\\",\\\"7177\\\",\\\"static/chunks/app/layout-e98b45b309fcb7a3.js\\\"],\\\"PostHogAnalyticsProvider\\\"]\\n\"])</script><script>self.__next_f.push([1,\"b:I[5630,[\\\"25170\\\",\\\"static/chunks/25170-0e6181b2ccbbb6c4.js\\\",\\\"3888\\\",\\\"static/chunks/3888-1b80ac3e66e8a62f.js\\\",\\\"71106\\\",\\\"static/chunks/71106-b7535260a328d1a8.js\\\",\\\"3144\\\",\\\"static/chunks/3144-31c3de663d43a81f.js\\\",\\\"1734\\\",\\\"static/chunks/1734-d5af36f0b162a573.js\\\",\\\"45079\\\",\\\"static/chunks/45079-024b7107b15d4084.js\\\",\\\"5985\\\",\\\"static/chunks/5985-c1dc926d4d436766.js\\\",\\\"10756\\\",\\\"static/chunks/10756-daa34ab87965281e.js\\\",\\\"65088\\\",\\\"static/chunks/65088-8591857f52c4c13f.js\\\",\\\"6829\\\",\\\"static/chunks/6829-df03642e9cfbc8f4.js\\\",\\\"40331\\\",\\\"static/chunks/40331-459dbea7989a248e.js\\\",\\\"57028\\\",\\\"static/chunks/57028-3214d72e2a7c9de0.js\\\",\\\"28464\\\",\\\"static/chunks/28464-1f4a9b148a86c8af.js\\\",\\\"13557\\\",\\\"static/chunks/13557-d8c6f4320672188d.js\\\",\\\"57518\\\",\\\"static/chunks/57518-354d9d9eed155c41.js\\\",\\\"56873\\\",\\\"static/chunks/56873-2d1079b450e7f242.js\\\",\\\"80212\\\",\\\"static/chunks/80212-b72efa8ae64f19b5.js\\\",\\\"3556\\\",\\\"static/chunks/3556-d73559aa65408ef1.js\\\",\\\"5590\\\",\\\"static/chunks/5590-d9fabde5f7ff1a3e.js\\\",\\\"51822\\\",\\\"static/chunks/51822-78ff3a66cbc8c8da.js\\\",\\\"81729\\\",\\\"static/chunks/81729-516046754f560fe3.js\\\",\\\"97045\\\",\\\"static/chunks/97045-3066625d43510da3.js\\\",\\\"7177\\\",\\\"static/chunks/app/layout-e98b45b309fcb7a3.js\\\"],\\\"UserContextProvider\\\"]\\n\"])</script><script>self.__next_f.push([1,\"c:I[54911,[\\\"25170\\\",\\\"static/chunks/25170-0e6181b2ccbbb6c4.js\\\",\\\"3888\\\",\\\"static/chunks/3888-1b80ac3e66e8a62f.js\\\",\\\"71106\\\",\\\"static/chunks/71106-b7535260a328d1a8.js\\\",\\\"3144\\\",\\\"static/chunks/3144-31c3de663d43a81f.js\\\",\\\"1734\\\",\\\"static/chunks/1734-d5af36f0b162a573.js\\\",\\\"45079\\\",\\\"static/chunks/45079-024b7107b15d4084.js\\\",\\\"5985\\\",\\\"static/chunks/5985-c1dc926d4d436766.js\\\",\\\"10756\\\",\\\"static/chunks/10756-daa34ab87965281e.js\\\",\\\"65088\\\",\\\"static/chunks/65088-8591857f52c4c13f.js\\\",\\\"6829\\\",\\\"static/chunks/6829-df03642e9cfbc8f4.js\\\",\\\"40331\\\",\\\"static/chunks/40331-459dbea7989a248e.js\\\",\\\"57028\\\",\\\"static/chunks/57028-3214d72e2a7c9de0.js\\\",\\\"28464\\\",\\\"static/chunks/28464-1f4a9b148a86c8af.js\\\",\\\"13557\\\",\\\"static/chunks/13557-d8c6f4320672188d.js\\\",\\\"57518\\\",\\\"static/chunks/57518-354d9d9eed155c41.js\\\",\\\"56873\\\",\\\"static/chunks/56873-2d1079b450e7f242.js\\\",\\\"80212\\\",\\\"static/chunks/80212-b72efa8ae64f19b5.js\\\",\\\"3556\\\",\\\"static/chunks/3556-d73559aa65408ef1.js\\\",\\\"5590\\\",\\\"static/chunks/5590-d9fabde5f7ff1a3e.js\\\",\\\"51822\\\",\\\"static/chunks/51822-78ff3a66cbc8c8da.js\\\",\\\"81729\\\",\\\"static/chunks/81729-516046754f560fe3.js\\\",\\\"97045\\\",\\\"static/chunks/97045-3066625d43510da3.js\\\",\\\"7177\\\",\\\"static/chunks/app/layout-e98b45b309fcb7a3.js\\\"],\\\"NuqsAdapter\\\"]\\n\"])</script><script>self.__next_f.push([1,\"d:I[79025,[\\\"25170\\\",\\\"static/chunks/25170-0e6181b2ccbbb6c4.js\\\",\\\"3888\\\",\\\"static/chunks/3888-1b80ac3e66e8a62f.js\\\",\\\"71106\\\",\\\"static/chunks/71106-b7535260a328d1a8.js\\\",\\\"3144\\\",\\\"static/chunks/3144-31c3de663d43a81f.js\\\",\\\"1734\\\",\\\"static/chunks/1734-d5af36f0b162a573.js\\\",\\\"45079\\\",\\\"static/chunks/45079-024b7107b15d4084.js\\\",\\\"5985\\\",\\\"static/chunks/5985-c1dc926d4d436766.js\\\",\\\"10756\\\",\\\"static/chunks/10756-daa34ab87965281e.js\\\",\\\"65088\\\",\\\"static/chunks/65088-8591857f52c4c13f.js\\\",\\\"6829\\\",\\\"static/chunks/6829-df03642e9cfbc8f4.js\\\",\\\"40331\\\",\\\"static/chunks/40331-459dbea7989a248e.js\\\",\\\"57028\\\",\\\"static/chunks/57028-3214d72e2a7c9de0.js\\\",\\\"28464\\\",\\\"static/chunks/28464-1f4a9b148a86c8af.js\\\",\\\"13557\\\",\\\"static/chunks/13557-d8c6f4320672188d.js\\\",\\\"57518\\\",\\\"static/chunks/57518-354d9d9eed155c41.js\\\",\\\"56873\\\",\\\"static/chunks/56873-2d1079b450e7f242.js\\\",\\\"80212\\\",\\\"static/chunks/80212-b72efa8ae64f19b5.js\\\",\\\"3556\\\",\\\"static/chunks/3556-d73559aa65408ef1.js\\\",\\\"5590\\\",\\\"static/chunks/5590-d9fabde5f7ff1a3e.js\\\",\\\"51822\\\",\\\"static/chunks/51822-78ff3a66cbc8c8da.js\\\",\\\"81729\\\",\\\"static/chunks/81729-516046754f560fe3.js\\\",\\\"97045\\\",\\\"static/chunks/97045-3066625d43510da3.js\\\",\\\"7177\\\",\\\"static/chunks/app/layout-e98b45b309fcb7a3.js\\\"],\\\"TooltipProvider\\\"]\\n\"])</script><script>self.__next_f.push([1,\"e:\\\"$Sreact.suspense\\\"\\n\"])</script><script>self.__next_f.push([1,\"11:I[90776,[\\\"25170\\\",\\\"static/chunks/25170-0e6181b2ccbbb6c4.js\\\",\\\"3888\\\",\\\"static/chunks/3888-1b80ac3e66e8a62f.js\\\",\\\"71106\\\",\\\"static/chunks/71106-b7535260a328d1a8.js\\\",\\\"3144\\\",\\\"static/chunks/3144-31c3de663d43a81f.js\\\",\\\"1734\\\",\\\"static/chunks/1734-d5af36f0b162a573.js\\\",\\\"45079\\\",\\\"static/chunks/45079-024b7107b15d4084.js\\\",\\\"5985\\\",\\\"static/chunks/5985-c1dc926d4d436766.js\\\",\\\"10756\\\",\\\"static/chunks/10756-daa34ab87965281e.js\\\",\\\"65088\\\",\\\"static/chunks/65088-8591857f52c4c13f.js\\\",\\\"6829\\\",\\\"static/chunks/6829-df03642e9cfbc8f4.js\\\",\\\"40331\\\",\\\"static/chunks/40331-459dbea7989a248e.js\\\",\\\"57028\\\",\\\"static/chunks/57028-3214d72e2a7c9de0.js\\\",\\\"28464\\\",\\\"static/chunks/28464-1f4a9b148a86c8af.js\\\",\\\"13557\\\",\\\"static/chunks/13557-d8c6f4320672188d.js\\\",\\\"57518\\\",\\\"static/chunks/57518-354d9d9eed155c41.js\\\",\\\"56873\\\",\\\"static/chunks/56873-2d1079b450e7f242.js\\\",\\\"80212\\\",\\\"static/chunks/80212-b72efa8ae64f19b5.js\\\",\\\"3556\\\",\\\"static/chunks/3556-d73559aa65408ef1.js\\\",\\\"5590\\\",\\\"static/chunks/5590-d9fabde5f7ff1a3e.js\\\",\\\"51822\\\",\\\"static/chunks/51822-78ff3a66cbc8c8da.js\\\",\\\"81729\\\",\\\"static/chunks/81729-516046754f560fe3.js\\\",\\\"97045\\\",\\\"static/chunks/97045-3066625d43510da3.js\\\",\\\"7177\\\",\\\"static/chunks/app/layout-e98b45b309fcb7a3.js\\\"],\\\"default\\\"]\\n\"])</script><script>self.__next_f.push([1,\"12:I[69707,[\\\"25170\\\",\\\"static/chunks/25170-0e6181b2ccbbb6c4.js\\\",\\\"3888\\\",\\\"static/chunks/3888-1b80ac3e66e8a62f.js\\\",\\\"71106\\\",\\\"static/chunks/71106-b7535260a328d1a8.js\\\",\\\"3144\\\",\\\"static/chunks/3144-31c3de663d43a81f.js\\\",\\\"1734\\\",\\\"static/chunks/1734-d5af36f0b162a573.js\\\",\\\"45079\\\",\\\"static/chunks/45079-024b7107b15d4084.js\\\",\\\"5985\\\",\\\"static/chunks/5985-c1dc926d4d436766.js\\\",\\\"10756\\\",\\\"static/chunks/10756-daa34ab87965281e.js\\\",\\\"65088\\\",\\\"static/chunks/65088-8591857f52c4c13f.js\\\",\\\"6829\\\",\\\"static/chunks/6829-df03642e9cfbc8f4.js\\\",\\\"40331\\\",\\\"static/chunks/40331-459dbea7989a248e.js\\\",\\\"57028\\\",\\\"static/chunks/57028-3214d72e2a7c9de0.js\\\",\\\"28464\\\",\\\"static/chunks/28464-1f4a9b148a86c8af.js\\\",\\\"13557\\\",\\\"static/chunks/13557-d8c6f4320672188d.js\\\",\\\"57518\\\",\\\"static/chunks/57518-354d9d9eed155c41.js\\\",\\\"56873\\\",\\\"static/chunks/56873-2d1079b450e7f242.js\\\",\\\"80212\\\",\\\"static/chunks/80212-b72efa8ae64f19b5.js\\\",\\\"3556\\\",\\\"static/chunks/3556-d73559aa65408ef1.js\\\",\\\"5590\\\",\\\"static/chunks/5590-d9fabde5f7ff1a3e.js\\\",\\\"51822\\\",\\\"static/chunks/51822-78ff3a66cbc8c8da.js\\\",\\\"81729\\\",\\\"static/chunks/81729-516046754f560fe3.js\\\",\\\"97045\\\",\\\"static/chunks/97045-3066625d43510da3.js\\\",\\\"7177\\\",\\\"static/chunks/app/layout-e98b45b309fcb7a3.js\\\"],\\\"OnboardingModal\\\"]\\n\"])</script><script>self.__next_f.push([1,\"13:I[36233,[\\\"25170\\\",\\\"static/chunks/25170-0e6181b2ccbbb6c4.js\\\",\\\"3888\\\",\\\"static/chunks/3888-1b80ac3e66e8a62f.js\\\",\\\"71106\\\",\\\"static/chunks/71106-b7535260a328d1a8.js\\\",\\\"3144\\\",\\\"static/chunks/3144-31c3de663d43a81f.js\\\",\\\"1734\\\",\\\"static/chunks/1734-d5af36f0b162a573.js\\\",\\\"45079\\\",\\\"static/chunks/45079-024b7107b15d4084.js\\\",\\\"5985\\\",\\\"static/chunks/5985-c1dc926d4d436766.js\\\",\\\"10756\\\",\\\"static/chunks/10756-daa34ab87965281e.js\\\",\\\"65088\\\",\\\"static/chunks/65088-8591857f52c4c13f.js\\\",\\\"6829\\\",\\\"static/chunks/6829-df03642e9cfbc8f4.js\\\",\\\"40331\\\",\\\"static/chunks/40331-459dbea7989a248e.js\\\",\\\"57028\\\",\\\"static/chunks/57028-3214d72e2a7c9de0.js\\\",\\\"28464\\\",\\\"static/chunks/28464-1f4a9b148a86c8af.js\\\",\\\"13557\\\",\\\"static/chunks/13557-d8c6f4320672188d.js\\\",\\\"57518\\\",\\\"static/chunks/57518-354d9d9eed155c41.js\\\",\\\"56873\\\",\\\"static/chunks/56873-2d1079b450e7f242.js\\\",\\\"80212\\\",\\\"static/chunks/80212-b72efa8ae64f19b5.js\\\",\\\"3556\\\",\\\"static/chunks/3556-d73559aa65408ef1.js\\\",\\\"5590\\\",\\\"static/chunks/5590-d9fabde5f7ff1a3e.js\\\",\\\"51822\\\",\\\"static/chunks/51822-78ff3a66cbc8c8da.js\\\",\\\"81729\\\",\\\"static/chunks/81729-516046754f560fe3.js\\\",\\\"97045\\\",\\\"static/chunks/97045-3066625d43510da3.js\\\",\\\"7177\\\",\\\"static/chunks/app/layout-e98b45b309fcb7a3.js\\\"],\\\"PageConfetti\\\"]\\n\"])</script><script>self.__next_f.push([1,\"14:I[7755,[],\\\"\\\"]\\n15:I[48919,[],\\\"\\\"]\\n16:I[13157,[\\\"25170\\\",\\\"static/chunks/25170-0e6181b2ccbbb6c4.js\\\",\\\"3888\\\",\\\"static/chunks/3888-1b80ac3e66e8a62f.js\\\",\\\"71106\\\",\\\"static/chunks/71106-b7535260a328d1a8.js\\\",\\\"3144\\\",\\\"static/chunks/3144-31c3de663d43a81f.js\\\",\\\"1734\\\",\\\"static/chunks/1734-d5af36f0b162a573.js\\\",\\\"45079\\\",\\\"static/chunks/45079-024b7107b15d4084.js\\\",\\\"6829\\\",\\\"static/chunks/6829-df03642e9cfbc8f4.js\\\",\\\"28151\\\",\\\"static/chunks/28151-9b975e06dd078d6b.js\\\",\\\"98761\\\",\\\"static/chunks/98761-1f1e4035f9cea0b6.js\\\",\\\"24345\\\",\\\"static/chunks/app/not-found-f7bb3c9b82a096e3.js\\\"],\\\"Separator\\\"]\\n17:I[66414,[\\\"25170\\\",\\\"static/chunks/25170-0e6181b2ccbbb6c4.js\\\",\\\"3888\\\",\\\"static/chunks/3888-1b80ac3e66e8a62f.js\\\",\\\"71106\\\",\\\"static/chunks/71106-b7535260a328d1a8.js\\\",\\\"40331\\\",\\\"static/chunks/40331-459dbea7989a248e.js\\\",\\\"32584\\\",\\\"static/chunks/32584-2052ed6c9ce94184.js\\\",\\\"5630\\\",\\\"static/chunks/5630-2ea83c9c3d616ebc.js\\\",\\\"32304\\\",\\\"static/chunks/32304-a9fecde38fba538e.js\\\",\\\"83318\\\",\\\"static/chunks/app/(user)/layout-3c15428b358026f7.js\\\"],\\\"Link\\\"]\\n18:I[98761,[\\\"25170\\\",\\\"static/chunks/25170-0e6181b2ccbbb6c4.js\\\",\\\"3888\\\",\\\"static/chunks/3888-1b80ac3e66e8a62f.js\\\",\\\"71106\\\",\\\"static/chunks/71106-b7535260a328d1a8.js\\\",\\\"3144\\\",\\\"static/chunks/3144-31c3de663d43a81f.js\\\",\\\"1734\\\",\\\"static/chunks/1734-d5af36f0b162a573.js\\\",\\\"45079\\\",\\\"static/chunks/45079-024b7107b15d4084.js\\\",\\\"6829\\\",\\\"static/chunks/6829-df03642e9cfbc8f4.js\\\",\\\"28151\\\",\\\"static/chunks/28151-9b975e06dd078d6b.js\\\",\\\"98761\\\",\\\"static/chunks/98761-1f1e4035f9cea0b6.js\\\",\\\"71957\\\",\\\"static/chunks/app/(static)/layout-007d563104356e66.js\\\"],\\\"Footer\\\"]\\n\"])</script><script>self.__next_f.push([1,\"19:I[88807,[\\\"25170\\\",\\\"static/chunks/25170-0e6181b2ccbbb6c4.js\\\",\\\"3888\\\",\\\"static/chunks/3888-1b80ac3e66e8a62f.js\\\",\\\"71106\\\",\\\"static/chunks/71106-b7535260a328d1a8.js\\\",\\\"3144\\\",\\\"static/chunks/3144-31c3de663d43a81f.js\\\",\\\"1734\\\",\\\"static/chunks/1734-d5af36f0b162a573.js\\\",\\\"45079\\\",\\\"static/chunks/45079-024b7107b15d4084.js\\\",\\\"5985\\\",\\\"static/chunks/5985-c1dc926d4d436766.js\\\",\\\"10756\\\",\\\"static/chunks/10756-daa34ab87965281e.js\\\",\\\"65088\\\",\\\"static/chunks/65088-8591857f52c4c13f.js\\\",\\\"6829\\\",\\\"static/chunks/6829-df03642e9cfbc8f4.js\\\",\\\"40331\\\",\\\"static/chunks/40331-459dbea7989a248e.js\\\",\\\"57028\\\",\\\"static/chunks/57028-3214d72e2a7c9de0.js\\\",\\\"28464\\\",\\\"static/chunks/28464-1f4a9b148a86c8af.js\\\",\\\"13557\\\",\\\"static/chunks/13557-d8c6f4320672188d.js\\\",\\\"57518\\\",\\\"static/chunks/57518-354d9d9eed155c41.js\\\",\\\"56873\\\",\\\"static/chunks/56873-2d1079b450e7f242.js\\\",\\\"80212\\\",\\\"static/chunks/80212-b72efa8ae64f19b5.js\\\",\\\"3556\\\",\\\"static/chunks/3556-d73559aa65408ef1.js\\\",\\\"5590\\\",\\\"static/chunks/5590-d9fabde5f7ff1a3e.js\\\",\\\"51822\\\",\\\"static/chunks/51822-78ff3a66cbc8c8da.js\\\",\\\"81729\\\",\\\"static/chunks/81729-516046754f560fe3.js\\\",\\\"97045\\\",\\\"static/chunks/97045-3066625d43510da3.js\\\",\\\"7177\\\",\\\"static/chunks/app/layout-e98b45b309fcb7a3.js\\\"],\\\"Toaster\\\"]\\n\"])</script><script>self.__next_f.push([1,\"1a:I[5115,[\\\"25170\\\",\\\"static/chunks/25170-0e6181b2ccbbb6c4.js\\\",\\\"3888\\\",\\\"static/chunks/3888-1b80ac3e66e8a62f.js\\\",\\\"71106\\\",\\\"static/chunks/71106-b7535260a328d1a8.js\\\",\\\"3144\\\",\\\"static/chunks/3144-31c3de663d43a81f.js\\\",\\\"1734\\\",\\\"static/chunks/1734-d5af36f0b162a573.js\\\",\\\"45079\\\",\\\"static/chunks/45079-024b7107b15d4084.js\\\",\\\"5985\\\",\\\"static/chunks/5985-c1dc926d4d436766.js\\\",\\\"10756\\\",\\\"static/chunks/10756-daa34ab87965281e.js\\\",\\\"65088\\\",\\\"static/chunks/65088-8591857f52c4c13f.js\\\",\\\"6829\\\",\\\"static/chunks/6829-df03642e9cfbc8f4.js\\\",\\\"40331\\\",\\\"static/chunks/40331-459dbea7989a248e.js\\\",\\\"57028\\\",\\\"static/chunks/57028-3214d72e2a7c9de0.js\\\",\\\"28464\\\",\\\"static/chunks/28464-1f4a9b148a86c8af.js\\\",\\\"13557\\\",\\\"static/chunks/13557-d8c6f4320672188d.js\\\",\\\"57518\\\",\\\"static/chunks/57518-354d9d9eed155c41.js\\\",\\\"56873\\\",\\\"static/chunks/56873-2d1079b450e7f242.js\\\",\\\"80212\\\",\\\"static/chunks/80212-b72efa8ae64f19b5.js\\\",\\\"3556\\\",\\\"static/chunks/3556-d73559aa65408ef1.js\\\",\\\"5590\\\",\\\"static/chunks/5590-d9fabde5f7ff1a3e.js\\\",\\\"51822\\\",\\\"static/chunks/51822-78ff3a66cbc8c8da.js\\\",\\\"81729\\\",\\\"static/chunks/81729-516046754f560fe3.js\\\",\\\"97045\\\",\\\"static/chunks/97045-3066625d43510da3.js\\\",\\\"7177\\\",\\\"static/chunks/app/layout-e98b45b309fcb7a3.js\\\"],\\\"CookieConsent\\\"]\\n\"])</script><script>self.__next_f.push([1,\"1f:I[98274,[\\\"3556\\\",\\\"static/chunks/3556-d73559aa65408ef1.js\\\",\\\"34219\\\",\\\"static/chunks/app/global-error-f927dfe9743bca16.js\\\"],\\\"default\\\"]\\n20:I[34594,[],\\\"OutletBoundary\\\"]\\n23:I[34594,[],\\\"ViewportBoundary\\\"]\\n25:I[34594,[],\\\"MetadataBoundary\\\"]\\n\"])</script><script>self.__next_f.push([1,\"27:I[43118,[\\\"25170\\\",\\\"static/chunks/25170-0e6181b2ccbbb6c4.js\\\",\\\"3888\\\",\\\"static/chunks/3888-1b80ac3e66e8a62f.js\\\",\\\"71106\\\",\\\"static/chunks/71106-b7535260a328d1a8.js\\\",\\\"3144\\\",\\\"static/chunks/3144-31c3de663d43a81f.js\\\",\\\"1734\\\",\\\"static/chunks/1734-d5af36f0b162a573.js\\\",\\\"45079\\\",\\\"static/chunks/45079-024b7107b15d4084.js\\\",\\\"5985\\\",\\\"static/chunks/5985-c1dc926d4d436766.js\\\",\\\"10756\\\",\\\"static/chunks/10756-daa34ab87965281e.js\\\",\\\"65088\\\",\\\"static/chunks/65088-8591857f52c4c13f.js\\\",\\\"6829\\\",\\\"static/chunks/6829-df03642e9cfbc8f4.js\\\",\\\"40331\\\",\\\"static/chunks/40331-459dbea7989a248e.js\\\",\\\"57028\\\",\\\"static/chunks/57028-3214d72e2a7c9de0.js\\\",\\\"28464\\\",\\\"static/chunks/28464-1f4a9b148a86c8af.js\\\",\\\"13557\\\",\\\"static/chunks/13557-d8c6f4320672188d.js\\\",\\\"57518\\\",\\\"static/chunks/57518-354d9d9eed155c41.js\\\",\\\"56873\\\",\\\"static/chunks/56873-2d1079b450e7f242.js\\\",\\\"80212\\\",\\\"static/chunks/80212-b72efa8ae64f19b5.js\\\",\\\"3556\\\",\\\"static/chunks/3556-d73559aa65408ef1.js\\\",\\\"5590\\\",\\\"static/chunks/5590-d9fabde5f7ff1a3e.js\\\",\\\"51822\\\",\\\"static/chunks/51822-78ff3a66cbc8c8da.js\\\",\\\"81729\\\",\\\"static/chunks/81729-516046754f560fe3.js\\\",\\\"97045\\\",\\\"static/chunks/97045-3066625d43510da3.js\\\",\\\"7177\\\",\\\"static/chunks/app/layout-e98b45b309fcb7a3.js\\\"],\\\"NavLink\\\"]\\n\"])</script><script>self.__next_f.push([1,\"28:I[89750,[\\\"25170\\\",\\\"static/chunks/25170-0e6181b2ccbbb6c4.js\\\",\\\"3888\\\",\\\"static/chunks/3888-1b80ac3e66e8a62f.js\\\",\\\"71106\\\",\\\"static/chunks/71106-b7535260a328d1a8.js\\\",\\\"3144\\\",\\\"static/chunks/3144-31c3de663d43a81f.js\\\",\\\"1734\\\",\\\"static/chunks/1734-d5af36f0b162a573.js\\\",\\\"45079\\\",\\\"static/chunks/45079-024b7107b15d4084.js\\\",\\\"5985\\\",\\\"static/chunks/5985-c1dc926d4d436766.js\\\",\\\"10756\\\",\\\"static/chunks/10756-daa34ab87965281e.js\\\",\\\"65088\\\",\\\"static/chunks/65088-8591857f52c4c13f.js\\\",\\\"6829\\\",\\\"static/chunks/6829-df03642e9cfbc8f4.js\\\",\\\"40331\\\",\\\"static/chunks/40331-459dbea7989a248e.js\\\",\\\"57028\\\",\\\"static/chunks/57028-3214d72e2a7c9de0.js\\\",\\\"28464\\\",\\\"static/chunks/28464-1f4a9b148a86c8af.js\\\",\\\"13557\\\",\\\"static/chunks/13557-d8c6f4320672188d.js\\\",\\\"57518\\\",\\\"static/chunks/57518-354d9d9eed155c41.js\\\",\\\"56873\\\",\\\"static/chunks/56873-2d1079b450e7f242.js\\\",\\\"80212\\\",\\\"static/chunks/80212-b72efa8ae64f19b5.js\\\",\\\"3556\\\",\\\"static/chunks/3556-d73559aa65408ef1.js\\\",\\\"5590\\\",\\\"static/chunks/5590-d9fabde5f7ff1a3e.js\\\",\\\"51822\\\",\\\"static/chunks/51822-78ff3a66cbc8c8da.js\\\",\\\"81729\\\",\\\"static/chunks/81729-516046754f560fe3.js\\\",\\\"97045\\\",\\\"static/chunks/97045-3066625d43510da3.js\\\",\\\"7177\\\",\\\"static/chunks/app/layout-e98b45b309fcb7a3.js\\\"],\\\"Navbar\\\"]\\n\"])</script><script>self.__next_f.push([1,\"29:I[49255,[],\\\"IconMark\\\"]\\n:HL[\\\"/_next/static/media/5b01f339abf2f1a5.p.woff2\\\",\\\"font\\\",{\\\"crossOrigin\\\":\\\"\\\",\\\"type\\\":\\\"font/woff2\\\"}]\\n:HL[\\\"/_next/static/media/e4af272ccee01ff0-s.p.woff2\\\",\\\"font\\\",{\\\"crossOrigin\\\":\\\"\\\",\\\"type\\\":\\\"font/woff2\\\"}]\\n:HL[\\\"/_next/static/css/cda3af16020f96ba.css\\\",\\\"style\\\"]\\n:HL[\\\"/_next/static/css/23565049b3597e0b.css\\\",\\\"style\\\"]\\n:HL[\\\"/_next/static/css/7f803c4ba0b62a29.css\\\",\\\"style\\\"]\\n\"])</script><script>self.__next_f.push([1,\"0:{\\\"P\\\":null,\\\"b\\\":\\\"033yALtZb2bus48NIwP0A\\\",\\\"p\\\":\\\"\\\",\\\"c\\\":[\\\"\\\",\\\"api\\\",\\\"v1\\\",\\\"v1\\\",\\\"messages\\\"],\\\"i\\\":false,\\\"f\\\":[[[\\\"\\\",{\\\"children\\\":[\\\"/_not-found\\\",{\\\"children\\\":[\\\"__PAGE__\\\",{}]}]},\\\"$undefined\\\",\\\"$undefined\\\",true],[\\\"\\\",[\\\"$\\\",\\\"$1\\\",\\\"c\\\",{\\\"children\\\":[[[\\\"$\\\",\\\"link\\\",\\\"0\\\",{\\\"rel\\\":\\\"stylesheet\\\",\\\"href\\\":\\\"/_next/static/css/cda3af16020f96ba.css\\\",\\\"precedence\\\":\\\"next\\\",\\\"crossOrigin\\\":\\\"$undefined\\\",\\\"nonce\\\":\\\"$undefined\\\"}],[\\\"$\\\",\\\"link\\\",\\\"1\\\",{\\\"rel\\\":\\\"stylesheet\\\",\\\"href\\\":\\\"/_next/static/css/23565049b3597e0b.css\\\",\\\"precedence\\\":\\\"next\\\",\\\"crossOrigin\\\":\\\"$undefined\\\",\\\"nonce\\\":\\\"$undefined\\\"}],[\\\"$\\\",\\\"link\\\",\\\"2\\\",{\\\"rel\\\":\\\"stylesheet\\\",\\\"href\\\":\\\"/_next/static/css/7f803c4ba0b62a29.css\\\",\\\"precedence\\\":\\\"next\\\",\\\"crossOrigin\\\":\\\"$undefined\\\",\\\"nonce\\\":\\\"$undefined\\\"}]],[\\\"$\\\",\\\"html\\\",null,{\\\"lang\\\":\\\"en\\\",\\\"suppressHydrationWarning\\\":true,\\\"children\\\":[\\\"$\\\",\\\"body\\\",null,{\\\"className\\\":\\\"__variable_f367f3 __variable_f910ec font-sans\\\",\\\"children\\\":[[\\\"$\\\",\\\"$L2\\\",null,{}],[\\\"$\\\",\\\"$L3\\\",null,{}],[\\\"$\\\",\\\"$L4\\\",null,{}],[\\\"$\\\",\\\"$L5\\\",null,{\\\"attribute\\\":\\\"class\\\",\\\"defaultTheme\\\":\\\"light\\\",\\\"disableTransitionOnChange\\\":true,\\\"children\\\":[\\\"$\\\",\\\"$L6\\\",null,{\\\"children\\\":[\\\"$\\\",\\\"$L7\\\",null,{\\\"children\\\":[\\\"$\\\",\\\"$L8\\\",null,{\\\"children\\\":[\\\"$\\\",\\\"$L9\\\",null,{\\\"children\\\":[\\\"$\\\",\\\"$La\\\",null,{\\\"children\\\":[\\\"$\\\",\\\"$Lb\\\",null,{\\\"children\\\":[\\\"$\\\",\\\"$Lc\\\",null,{\\\"children\\\":[\\\"$\\\",\\\"$Ld\\\",null,{\\\"children\\\":[[\\\"$\\\",\\\"main\\\",null,{\\\"className\\\":\\\"tabular-nums\\\",\\\"children\\\":[[\\\"$\\\",\\\"$e\\\",null,{\\\"fallback\\\":\\\"$Lf\\\",\\\"children\\\":\\\"$L10\\\"}],[\\\"$\\\",\\\"$e\\\",null,{\\\"children\\\":[[\\\"$\\\",\\\"$L11\\\",null,{}],[\\\"$\\\",\\\"$L12\\\",null,{}],[\\\"$\\\",\\\"$L13\\\",null,{}]]}],[\\\"$\\\",\\\"$L14\\\",null,{\\\"parallelRouterKey\\\":\\\"children\\\",\\\"error\\\":\\\"$undefined\\\",\\\"errorStyles\\\":\\\"$undefined\\\",\\\"errorScripts\\\":\\\"$undefined\\\",\\\"template\\\":[\\\"$\\\",\\\"$L15\\\",null,{}],\\\"templateStyles\\\":\\\"$undefined\\\",\\\"templateScripts\\\":\\\"$undefined\\\",\\\"notFound\\\":[[\\\"$\\\",\\\"div\\\",null,{\\\"className\\\":\\\"flex flex-col items-center justify-center bg-background text-foreground\\\",\\\"children\\\":[[\\\"$\\\",\\\"div\\\",null,{\\\"className\\\":\\\"relative z-0 transition-all border-border/50 md:border-r h-[calc(100dvh-4rem)] md:h-[calc(100dvh-5.25rem)] main-content-container items-center justify-center flex flex-col gap-4\\\",\\\"ref\\\":\\\"$undefined\\\",\\\"children\\\":[[\\\"$\\\",\\\"h2\\\",null,{\\\"className\\\":\\\"flex w-96 items-center justify-between gap-2\\\",\\\"children\\\":[[\\\"$\\\",\\\"$L16\\\",null,{\\\"className\\\":\\\"flex-1 bg-gradient-to-r from-background via-background to-border\\\"}],[\\\"$\\\",\\\"span\\\",null,{\\\"children\\\":\\\"404: Not Found\\\"}],[\\\"$\\\",\\\"$L16\\\",null,{\\\"className\\\":\\\"flex-1 bg-gradient-to-l from-background via-background to-border\\\"}]]}],[\\\"$\\\",\\\"div\\\",null,{\\\"className\\\":\\\"flex flex-col gap-8 md:flex-row\\\",\\\"children\\\":[[\\\"$\\\",\\\"$L17\\\",null,{\\\"href\\\":\\\"/\\\",\\\"className\\\":\\\"self-start\\\",\\\"children\\\":[\\\"$\\\",\\\"button\\\",null,{\\\"className\\\":\\\"items-center justify-center whitespace-nowrap font-medium transition-colors focus-visible:outline-none disabled:pointer-events-none disabled:opacity-50 focus-visible:ring-1 focus-visible:ring-ring bg-secondary text-secondary-foreground shadow-sm hover:bg-secondary/80 hover:text-secondary-foreground h-8 rounded-md px-3 text-xs group flex gap-2\\\",\\\"ref\\\":\\\"$undefined\\\",\\\"disabled\\\":\\\"$undefined\\\",\\\"children\\\":[[\\\"$\\\",\\\"svg\\\",null,{\\\"xmlns\\\":\\\"http://www.w3.org/2000/svg\\\",\\\"fill\\\":\\\"none\\\",\\\"viewBox\\\":\\\"0 0 24 24\\\",\\\"strokeWidth\\\":1.5,\\\"stroke\\\":\\\"currentColor\\\",\\\"aria-hidden\\\":\\\"true\\\",\\\"data-slot\\\":\\\"icon\\\",\\\"ref\\\":\\\"$undefined\\\",\\\"aria-labelledby\\\":\\\"$undefined\\\",\\\"className\\\":\\\"size-4 transition-transform group-hover:-translate-x-1\\\",\\\"children\\\":[null,[\\\"$\\\",\\\"path\\\",null,{\\\"strokeLinecap\\\":\\\"round\\\",\\\"strokeLinejoin\\\":\\\"round\\\",\\\"d\\\":\\\"M10.5 19.5 3 12m0 0 7.5-7.5M3 12h18\\\"}]]}],\\\"Go Home\\\"]}]}],[\\\"$\\\",\\\"$L17\\\",null,{\\\"href\\\":\\\"/models\\\",\\\"className\\\":\\\"self-end\\\",\\\"children\\\":[\\\"$\\\",\\\"button\\\",null,{\\\"className\\\":\\\"items-center justify-center whitespace-nowrap font-medium transition-colors focus-visible:outline-none disabled:pointer-events-none disabled:opacity-50 focus-visible:ring-1 focus-visible:ring-ring bg-secondary text-secondary-foreground shadow-sm hover:bg-secondary/80 hover:text-secondary-foreground h-8 rounded-md px-3 text-xs group flex gap-2\\\",\\\"ref\\\":\\\"$undefined\\\",\\\"disabled\\\":\\\"$undefined\\\",\\\"children\\\":[\\\"Browse Models\\\",[\\\"$\\\",\\\"svg\\\",null,{\\\"xmlns\\\":\\\"http://www.w3.org/2000/svg\\\",\\\"fill\\\":\\\"none\\\",\\\"viewBox\\\":\\\"0 0 24 24\\\",\\\"strokeWidth\\\":1.5,\\\"stroke\\\":\\\"currentColor\\\",\\\"aria-hidden\\\":\\\"true\\\",\\\"data-slot\\\":\\\"icon\\\",\\\"ref\\\":\\\"$undefined\\\",\\\"aria-labelledby\\\":\\\"$undefined\\\",\\\"className\\\":\\\"size-4 transition-transform group-hover:translate-x-1\\\",\\\"children\\\":[null,[\\\"$\\\",\\\"path\\\",null,{\\\"strokeLinecap\\\":\\\"round\\\",\\\"strokeLinejoin\\\":\\\"round\\\",\\\"d\\\":\\\"M13.5 4.5 21 12m0 0-7.5 7.5M21 12H3\\\"}]]}]]}]}]]}]]}],[\\\"$\\\",\\\"$L18\\\",null,{}]]}],[]],\\\"forbidden\\\":\\\"$undefined\\\",\\\"unauthorized\\\":\\\"$undefined\\\"}]]}],[\\\"$\\\",\\\"div\\\",null,{\\\"id\\\":\\\"portal-container\\\"}],[\\\"$\\\",\\\"$L19\\\",null,{}],[\\\"$\\\",\\\"$L1a\\\",null,{}]]}]}]}]}]}]}]}]}]}]]}]}]]}],{\\\"children\\\":[\\\"/_not-found\\\",[\\\"$\\\",\\\"$1\\\",\\\"c\\\",{\\\"children\\\":[null,[\\\"$\\\",\\\"$L14\\\",null,{\\\"parallelRouterKey\\\":\\\"children\\\",\\\"error\\\":\\\"$undefined\\\",\\\"errorStyles\\\":\\\"$undefined\\\",\\\"errorScripts\\\":\\\"$undefined\\\",\\\"template\\\":[\\\"$\\\",\\\"$L15\\\",null,{}],\\\"templateStyles\\\":\\\"$undefined\\\",\\\"templateScripts\\\":\\\"$undefined\\\",\\\"notFound\\\":\\\"$undefined\\\",\\\"forbidden\\\":\\\"$undefined\\\",\\\"unauthorized\\\":\\\"$undefined\\\"}]]}],{\\\"children\\\":[\\\"__PAGE__\\\",[\\\"$\\\",\\\"$1\\\",\\\"c\\\",{\\\"children\\\":[\\\"$L1b\\\",null,\\\"$L1c\\\"]}],{},null,false]},null,false]},[\\\"$L1d\\\",[],[]],false],\\\"$L1e\\\",false]],\\\"m\\\":\\\"$undefined\\\",\\\"G\\\":[\\\"$1f\\\",[]],\\\"s\\\":false,\\\"S\\\":false}\\n\"])</script><script>self.__next_f.push([1,\"1b:[\\\"$\\\",\\\"div\\\",null,{\\\"className\\\":\\\"flex flex-col items-center justify-center bg-background text-foreground\\\",\\\"children\\\":[[\\\"$\\\",\\\"div\\\",null,{\\\"className\\\":\\\"relative z-0 transition-all border-border/50 md:border-r h-[calc(100dvh-4rem)] md:h-[calc(100dvh-5.25rem)] main-content-container items-center justify-center flex flex-col gap-4\\\",\\\"ref\\\":\\\"$undefined\\\",\\\"children\\\":[[\\\"$\\\",\\\"h2\\\",null,{\\\"className\\\":\\\"flex w-96 items-center justify-between gap-2\\\",\\\"children\\\":[[\\\"$\\\",\\\"$L16\\\",null,{\\\"className\\\":\\\"flex-1 bg-gradient-to-r from-background via-background to-border\\\"}],[\\\"$\\\",\\\"span\\\",null,{\\\"children\\\":\\\"404: Not Found\\\"}],[\\\"$\\\",\\\"$L16\\\",null,{\\\"className\\\":\\\"flex-1 bg-gradient-to-l from-background via-background to-border\\\"}]]}],[\\\"$\\\",\\\"div\\\",null,{\\\"className\\\":\\\"flex flex-col gap-8 md:flex-row\\\",\\\"children\\\":[[\\\"$\\\",\\\"$L17\\\",null,{\\\"href\\\":\\\"/\\\",\\\"className\\\":\\\"self-start\\\",\\\"children\\\":[\\\"$\\\",\\\"button\\\",null,{\\\"className\\\":\\\"items-center justify-center whitespace-nowrap font-medium transition-colors focus-visible:outline-none disabled:pointer-events-none disabled:opacity-50 focus-visible:ring-1 focus-visible:ring-ring bg-secondary text-secondary-foreground shadow-sm hover:bg-secondary/80 hover:text-secondary-foreground h-8 rounded-md px-3 text-xs group flex gap-2\\\",\\\"ref\\\":\\\"$undefined\\\",\\\"disabled\\\":\\\"$undefined\\\",\\\"children\\\":[[\\\"$\\\",\\\"svg\\\",null,{\\\"xmlns\\\":\\\"http://www.w3.org/2000/svg\\\",\\\"fill\\\":\\\"none\\\",\\\"viewBox\\\":\\\"0 0 24 24\\\",\\\"strokeWidth\\\":1.5,\\\"stroke\\\":\\\"currentColor\\\",\\\"aria-hidden\\\":\\\"true\\\",\\\"data-slot\\\":\\\"icon\\\",\\\"ref\\\":\\\"$undefined\\\",\\\"aria-labelledby\\\":\\\"$undefined\\\",\\\"className\\\":\\\"size-4 transition-transform group-hover:-translate-x-1\\\",\\\"children\\\":[null,[\\\"$\\\",\\\"path\\\",null,{\\\"strokeLinecap\\\":\\\"round\\\",\\\"strokeLinejoin\\\":\\\"round\\\",\\\"d\\\":\\\"M10.5 19.5 3 12m0 0 7.5-7.5M3 12h18\\\"}]]}],\\\"Go Home\\\"]}]}],[\\\"$\\\",\\\"$L17\\\",null,{\\\"href\\\":\\\"/models\\\",\\\"className\\\":\\\"self-end\\\",\\\"children\\\":[\\\"$\\\",\\\"button\\\",null,{\\\"className\\\":\\\"items-center justify-center whitespace-nowrap font-medium transition-colors focus-visible:outline-none disabled:pointer-events-none disabled:opacity-50 focus-visible:ring-1 focus-visible:ring-ring bg-secondary text-secondary-foreground shadow-sm hover:bg-secondary/80 hover:text-secondary-foreground h-8 rounded-md px-3 text-xs group flex gap-2\\\",\\\"ref\\\":\\\"$undefined\\\",\\\"disabled\\\":\\\"$undefined\\\",\\\"children\\\":[\\\"Browse Models\\\",[\\\"$\\\",\\\"svg\\\",null,{\\\"xmlns\\\":\\\"http://www.w3.org/2000/svg\\\",\\\"fill\\\":\\\"none\\\",\\\"viewBox\\\":\\\"0 0 24 24\\\",\\\"strokeWidth\\\":1.5,\\\"stroke\\\":\\\"currentColor\\\",\\\"aria-hidden\\\":\\\"true\\\",\\\"data-slot\\\":\\\"icon\\\",\\\"ref\\\":\\\"$undefined\\\",\\\"aria-labelledby\\\":\\\"$undefined\\\",\\\"className\\\":\\\"size-4 transition-transform group-hover:translate-x-1\\\",\\\"children\\\":[null,[\\\"$\\\",\\\"path\\\",null,{\\\"strokeLinecap\\\":\\\"round\\\",\\\"strokeLinejoin\\\":\\\"round\\\",\\\"d\\\":\\\"M13.5 4.5 21 12m0 0-7.5 7.5M21 12H3\\\"}]]}]]}]}]]}]]}],[\\\"$\\\",\\\"$L18\\\",null,{}]]}]\\n\"])</script><script>self.__next_f.push([1,\"1c:[\\\"$\\\",\\\"$L20\\\",null,{\\\"children\\\":[\\\"$L21\\\",\\\"$L22\\\"]}]\\n1d:[\\\"$\\\",\\\"div\\\",\\\"l\\\",{\\\"className\\\":\\\"flex flex-col items-center min-h-[calc(100vh-80px)] w-full md:min-h-screen\\\"}]\\n1e:[\\\"$\\\",\\\"$1\\\",\\\"h\\\",{\\\"children\\\":[[\\\"$\\\",\\\"meta\\\",null,{\\\"name\\\":\\\"robots\\\",\\\"content\\\":\\\"noindex\\\"}],[[\\\"$\\\",\\\"$L23\\\",null,{\\\"children\\\":\\\"$L24\\\"}],[\\\"$\\\",\\\"meta\\\",null,{\\\"name\\\":\\\"next-size-adjust\\\",\\\"content\\\":\\\"\\\"}]],[\\\"$\\\",\\\"$L25\\\",null,{\\\"children\\\":\\\"$L26\\\"}]]}]\\n\"])</script><script>self.__next_f.push([1,\"f:[\\\"$\\\",\\\"nav\\\",null,{\\\"id\\\":\\\"main-nav\\\",\\\"className\\\":\\\"sticky top-0 z-40 bg-background w-full\\\",\\\"children\\\":[\\\"$\\\",\\\"div\\\",null,{\\\"className\\\":\\\"mx-auto w-full px-6 py-3.5 lg:py-6 max-w-screen-4xl\\\",\\\"children\\\":[\\\"$\\\",\\\"div\\\",null,{\\\"className\\\":\\\"align-center relative flex flex-row justify-between text-sm md:text-base\\\",\\\"children\\\":[[\\\"$\\\",\\\"div\\\",null,{\\\"className\\\":\\\"flex flex-1 items-center gap-4\\\",\\\"children\\\":[[\\\"$\\\",\\\"$L27\\\",null,{\\\"href\\\":\\\"/\\\",\\\"children\\\":[\\\"$\\\",\\\"span\\\",null,{\\\"className\\\":\\\"flex items-center gap-2 text-base transform cursor-pointer font-medium duration-100 ease-in-out fill-current stroke-current\\\",\\\"children\\\":[[\\\"$\\\",\\\"svg\\\",null,{\\\"width\\\":\\\"100%\\\",\\\"height\\\":\\\"100%\\\",\\\"viewBox\\\":\\\"0 0 512 512\\\",\\\"xmlns\\\":\\\"http://www.w3.org/2000/svg\\\",\\\"className\\\":\\\"size-4\\\",\\\"fill\\\":\\\"currentColor\\\",\\\"stroke\\\":\\\"currentColor\\\",\\\"role\\\":\\\"img\\\",\\\"aria-label\\\":\\\"Logo\\\",\\\"children\\\":[[\\\"$\\\",\\\"path\\\",null,{\\\"d\\\":\\\"M3 248.945C18 248.945 76 236 106 219C136 202 136 202 198 158C276.497 102.293 332 120.945 423 120.945\\\",\\\"strokeWidth\\\":\\\"90\\\"}],[\\\"$\\\",\\\"path\\\",null,{\\\"d\\\":\\\"M511 121.5L357.25 210.268L357.25 32.7324L511 121.5Z\\\"}],[\\\"$\\\",\\\"path\\\",null,{\\\"d\\\":\\\"M0 249C15 249 73 261.945 103 278.945C133 295.945 133 295.945 195 339.945C273.497 395.652 329 377 420 377\\\",\\\"strokeWidth\\\":\\\"90\\\"}],[\\\"$\\\",\\\"path\\\",null,{\\\"d\\\":\\\"M508 376.445L354.25 287.678L354.25 465.213L508 376.445Z\\\"}]]}],\\\"OpenRouter\\\"]}]}],[[\\\"$\\\",\\\"div\\\",null,{\\\"className\\\":\\\"hidden md:flex h-9 w-[386px] items-center gap-2 rounded-md bg-slate-3 text-slate-11 opacity-60\\\",\\\"children\\\":[[\\\"$\\\",\\\"svg\\\",null,{\\\"xmlns\\\":\\\"http://www.w3.org/2000/svg\\\",\\\"viewBox\\\":\\\"0 0 24 24\\\",\\\"fill\\\":\\\"currentColor\\\",\\\"aria-hidden\\\":\\\"true\\\",\\\"data-slot\\\":\\\"icon\\\",\\\"ref\\\":\\\"$undefined\\\",\\\"aria-labelledby\\\":\\\"$undefined\\\",\\\"className\\\":\\\"ml-3 size-4 shrink-0 text-muted-foreground\\\",\\\"children\\\":[null,[\\\"$\\\",\\\"path\\\",null,{\\\"fillRule\\\":\\\"evenodd\\\",\\\"d\\\":\\\"M10.5 3.75a6.75 6.75 0 1 0 0 13.5 6.75 6.75 0 0 0 0-13.5ZM2.25 10.5a8.25 8.25 0 1 1 14.59 5.28l4.69 4.69a.75.75 0 1 1-1.06 1.06l-4.69-4.69A8.25 8.25 0 0 1 2.25 10.5Z\\\",\\\"clipRule\\\":\\\"evenodd\\\"}]]}],[\\\"$\\\",\\\"span\\\",null,{\\\"className\\\":\\\"flex-1 text-sm text-muted-foreground\\\",\\\"children\\\":\\\"Search\\\"}],[\\\"$\\\",\\\"kbd\\\",null,{\\\"className\\\":\\\"flex items-center justify-center aspect-square h-4 w-4 p-1 pointer-events-none rounded-sm bg-border text-xs text-muted-foreground mr-3.5\\\",\\\"children\\\":\\\"/\\\"}]]}],[\\\"$\\\",\\\"div\\\",null,{\\\"className\\\":\\\"md:hidden flex size-9 items-center justify-center opacity-60\\\",\\\"children\\\":[\\\"$\\\",\\\"svg\\\",null,{\\\"xmlns\\\":\\\"http://www.w3.org/2000/svg\\\",\\\"viewBox\\\":\\\"0 0 24 24\\\",\\\"fill\\\":\\\"currentColor\\\",\\\"aria-hidden\\\":\\\"true\\\",\\\"data-slot\\\":\\\"icon\\\",\\\"ref\\\":\\\"$undefined\\\",\\\"aria-labelledby\\\":\\\"$undefined\\\",\\\"className\\\":\\\"size-4 text-muted-foreground\\\",\\\"children\\\":[null,[\\\"$\\\",\\\"path\\\",null,{\\\"fillRule\\\":\\\"evenodd\\\",\\\"d\\\":\\\"M10.5 3.75a6.75 6.75 0 1 0 0 13.5 6.75 6.75 0 0 0 0-13.5ZM2.25 10.5a8.25 8.25 0 1 1 14.59 5.28l4.69 4.69a.75.75 0 1 1-1.06 1.06l-4.69-4.69A8.25 8.25 0 0 1 2.25 10.5Z\\\",\\\"clipRule\\\":\\\"evenodd\\\"}]]}]}]]]}],[\\\"$\\\",\\\"div\\\",null,{\\\"className\\\":\\\"hidden lg:flex lg:gap-1 text-sm items-center\\\",\\\"children\\\":[[\\\"$\\\",\\\"$L27\\\",null,{\\\"href\\\":\\\"/models\\\",\\\"children\\\":\\\"Models\\\"}],[\\\"$\\\",\\\"$L27\\\",null,{\\\"href\\\":\\\"/chat\\\",\\\"children\\\":\\\"Chat\\\"}],[\\\"$\\\",\\\"$L27\\\",null,{\\\"href\\\":\\\"/rankings\\\",\\\"children\\\":\\\"Rankings\\\"}],[\\\"$\\\",\\\"$L27\\\",null,{\\\"href\\\":\\\"/apps\\\",\\\"children\\\":\\\"Apps\\\"}],[[\\\"$\\\",\\\"$L27\\\",null,{\\\"href\\\":\\\"/enterprise\\\",\\\"children\\\":\\\"Enterprise\\\"}],[\\\"$\\\",\\\"$L27\\\",null,{\\\"href\\\":\\\"/pricing\\\",\\\"children\\\":\\\"Pricing\\\"}]],[\\\"$\\\",\\\"$L27\\\",null,{\\\"href\\\":\\\"/docs/quickstart\\\",\\\"children\\\":\\\"Docs\\\"}],[\\\"$\\\",\\\"div\\\",null,{\\\"className\\\":\\\"flex w-24 justify-end\\\",\\\"children\\\":[\\\"$\\\",\\\"div\\\",null,{\\\"className\\\":\\\"animate-pulse bg-muted h-9 w-full rounded-full\\\"}]}]]}],[\\\"$\\\",\\\"div\\\",null,{\\\"className\\\":\\\"lg:hidden flex flex-1 justify-end gap-1\\\",\\\"children\\\":[\\\"$\\\",\\\"div\\\",null,{\\\"className\\\":\\\"flex w-24 justify-end\\\",\\\"children\\\":[[\\\"$\\\",\\\"div\\\",null,{\\\"className\\\":\\\"animate-pulse rounded-md bg-muted h-9 flex-1 rounded-l-full\\\"}],[\\\"$\\\",\\\"div\\\",null,{\\\"className\\\":\\\"animate-pulse rounded-md bg-muted h-9 w-10 rounded-r-full\\\"}]]}]}]]}]}]}]\\n\"])</script><script>self.__next_f.push([1,\"10:[\\\"$\\\",\\\"$L28\\\",null,{\\\"initialIsSignedIn\\\":false,\\\"initialIsAdmin\\\":false,\\\"initialUserImageUrl\\\":\\\"$undefined\\\",\\\"initialUserName\\\":\\\"$undefined\\\"}]\\n24:[[\\\"$\\\",\\\"meta\\\",\\\"0\\\",{\\\"charSet\\\":\\\"utf-8\\\"}],[\\\"$\\\",\\\"meta\\\",\\\"1\\\",{\\\"name\\\":\\\"viewport\\\",\\\"content\\\":\\\"width=device-width, initial-scale=1, minimum-scale=1\\\"}],[\\\"$\\\",\\\"meta\\\",\\\"2\\\",{\\\"name\\\":\\\"theme-color\\\",\\\"media\\\":\\\"(prefers-color-scheme: light)\\\",\\\"content\\\":\\\"rgb(255, 255, 255)\\\"}],[\\\"$\\\",\\\"meta\\\",\\\"3\\\",{\\\"name\\\":\\\"theme-color\\\",\\\"media\\\":\\\"(prefers-color-scheme: dark)\\\",\\\"content\\\":\\\"rgb(9, 10, 11)\\\"}]]\\n21:null\\n22:null\\n\"])</script><script>self.__next_f.push([1,\"26:[[\\\"$\\\",\\\"title\\\",\\\"0\\\",{\\\"children\\\":\\\"Not Found | OpenRouter\\\"}],[\\\"$\\\",\\\"meta\\\",\\\"1\\\",{\\\"name\\\":\\\"description\\\",\\\"content\\\":\\\"The page you are looking for does not exist\\\"}],[\\\"$\\\",\\\"link\\\",\\\"2\\\",{\\\"rel\\\":\\\"manifest\\\",\\\"href\\\":\\\"/manifest.webmanifest\\\",\\\"crossOrigin\\\":\\\"$undefined\\\"}],[\\\"$\\\",\\\"meta\\\",\\\"3\\\",{\\\"name\\\":\\\"openrouter:commit-sha\\\",\\\"content\\\":\\\"20b0d44554f8066370e22e60c99dd6436acd860c\\\"}],[\\\"$\\\",\\\"meta\\\",\\\"4\\\",{\\\"property\\\":\\\"og:title\\\",\\\"content\\\":\\\"Not Found | OpenRouter\\\"}],[\\\"$\\\",\\\"meta\\\",\\\"5\\\",{\\\"property\\\":\\\"og:description\\\",\\\"content\\\":\\\"The page you are looking for does not exist\\\"}],[\\\"$\\\",\\\"meta\\\",\\\"6\\\",{\\\"property\\\":\\\"og:url\\\",\\\"content\\\":\\\"https://openrouter.ai\\\"}],[\\\"$\\\",\\\"meta\\\",\\\"7\\\",{\\\"property\\\":\\\"og:site_name\\\",\\\"content\\\":\\\"OpenRouter\\\"}],[\\\"$\\\",\\\"meta\\\",\\\"8\\\",{\\\"property\\\":\\\"og:image\\\",\\\"content\\\":\\\"https://openrouter.ai/dynamic-og?pathname=not-found\\u0026title=Not+Found\\u0026description=The+page+you+are+looking+for+does+not+exist\\\"}],[\\\"$\\\",\\\"meta\\\",\\\"9\\\",{\\\"name\\\":\\\"twitter:card\\\",\\\"content\\\":\\\"summary_large_image\\\"}],[\\\"$\\\",\\\"meta\\\",\\\"10\\\",{\\\"name\\\":\\\"twitter:site\\\",\\\"content\\\":\\\"@openrouter\\\"}],[\\\"$\\\",\\\"meta\\\",\\\"11\\\",{\\\"name\\\":\\\"twitter:title\\\",\\\"content\\\":\\\"Not Found | OpenRouter\\\"}],[\\\"$\\\",\\\"meta\\\",\\\"12\\\",{\\\"name\\\":\\\"twitter:description\\\",\\\"content\\\":\\\"The page you are looking for does not exist\\\"}],[\\\"$\\\",\\\"meta\\\",\\\"13\\\",{\\\"name\\\":\\\"twitter:image\\\",\\\"content\\\":\\\"https://openrouter.ai/dynamic-og?pathname=not-found\\u0026title=Not+Found\\u0026description=The+page+you+are+looking+for+does+not+exist\\\"}],[\\\"$\\\",\\\"link\\\",\\\"14\\\",{\\\"rel\\\":\\\"icon\\\",\\\"href\\\":\\\"/favicon.ico\\\",\\\"type\\\":\\\"image/x-icon\\\",\\\"sizes\\\":\\\"16x16\\\"}],[\\\"$\\\",\\\"link\\\",\\\"15\\\",{\\\"rel\\\":\\\"icon\\\",\\\"href\\\":\\\"/favicon.ico\\\"}],[\\\"$\\\",\\\"$L29\\\",\\\"16\\\",{}]]\\n\"])</script></body></html>. Retrying in 4s","timestamp":"2026-03-07T11:01:46.568Z"}
{"context":"API","level":"info","message":"GET /api/pipeline/status/run_1772881292782","timestamp":"2026-03-07T11:01:48.129Z"}
{"context":"API","level":"info","message":"GET /api/pipeline/runs","timestamp":"2026-03-07T11:01:48.130Z"}
{"context":"API","level":"info","message":"GET /api/pipeline/status/run_1772881292782","timestamp":"2026-03-07T11:01:51.124Z"}
{"context":"StrategyClassifier","level":"error","message":"  [2/2] ✖ Oberoi Hotels: 404 <!DOCTYPE html><html lang=\"en\"><head><meta charSet=\"utf-8\"/><meta name=\"viewport\" content=\"width=device-width, initial-scale=1, minimum-scale=1\"/><link rel=\"stylesheet\" href=\"/_next/static/css/cda3af16020f96ba.css\" data-precedence=\"next\"/><link rel=\"stylesheet\" href=\"/_next/static/css/23565049b3597e0b.css\" data-precedence=\"next\"/><link rel=\"stylesheet\" href=\"/_next/static/css/7f803c4ba0b62a29.css\" data-precedence=\"next\"/><link rel=\"preload\" as=\"script\" fetchPriority=\"low\" href=\"/_next/static/chunks/webpack-10ba58d93e371456.js\"/><script src=\"/_next/static/chunks/9ba4270a-e6f67529ac26615d.js\" async=\"\"></script><script src=\"/_next/static/chunks/92a4cbe8-e405d44926c37b73.js\" async=\"\"></script><script src=\"/_next/static/chunks/60384-70e3fa1342d029c7.js\" async=\"\"></script><script src=\"/_next/static/chunks/46437-de717c850179876b.js\" async=\"\"></script><script src=\"/_next/static/chunks/main-app-0bba5adccdad5b04.js\" async=\"\"></script><script src=\"/_next/static/chunks/25170-0e6181b2ccbbb6c4.js\" async=\"\"></script><script src=\"/_next/static/chunks/3888-1b80ac3e66e8a62f.js\" async=\"\"></script><script src=\"/_next/static/chunks/71106-b7535260a328d1a8.js\" async=\"\"></script><script src=\"/_next/static/chunks/3144-31c3de663d43a81f.js\" async=\"\"></script><script src=\"/_next/static/chunks/1734-d5af36f0b162a573.js\" async=\"\"></script><script src=\"/_next/static/chunks/45079-024b7107b15d4084.js\" async=\"\"></script><script src=\"/_next/static/chunks/5985-c1dc926d4d436766.js\" async=\"\"></script><script src=\"/_next/static/chunks/10756-daa34ab87965281e.js\" async=\"\"></script><script src=\"/_next/static/chunks/65088-8591857f52c4c13f.js\" async=\"\"></script><script src=\"/_next/static/chunks/6829-df03642e9cfbc8f4.js\" async=\"\"></script><script src=\"/_next/static/chunks/40331-459dbea7989a248e.js\" async=\"\"></script><script src=\"/_next/static/chunks/57028-3214d72e2a7c9de0.js\" async=\"\"></script><script src=\"/_next/static/chunks/28464-1f4a9b148a86c8af.js\" async=\"\"></script><script src=\"/_next/static/chunks/13557-d8c6f4320672188d.js\" async=\"\"></script><script src=\"/_next/static/chunks/57518-354d9d9eed155c41.js\" async=\"\"></script><script src=\"/_next/static/chunks/56873-2d1079b450e7f242.js\" async=\"\"></script><script src=\"/_next/static/chunks/80212-b72efa8ae64f19b5.js\" async=\"\"></script><script src=\"/_next/static/chunks/3556-d73559aa65408ef1.js\" async=\"\"></script><script src=\"/_next/static/chunks/5590-d9fabde5f7ff1a3e.js\" async=\"\"></script><script src=\"/_next/static/chunks/51822-78ff3a66cbc8c8da.js\" async=\"\"></script><script src=\"/_next/static/chunks/81729-516046754f560fe3.js\" async=\"\"></script><script src=\"/_next/static/chunks/97045-3066625d43510da3.js\" async=\"\"></script><script src=\"/_next/static/chunks/app/layout-e98b45b309fcb7a3.js\" async=\"\"></script><script src=\"/_next/static/chunks/28151-9b975e06dd078d6b.js\" async=\"\"></script><script src=\"/_next/static/chunks/98761-1f1e4035f9cea0b6.js\" async=\"\"></script><script src=\"/_next/static/chunks/app/not-found-f7bb3c9b82a096e3.js\" async=\"\"></script><script src=\"/_next/static/chunks/32584-2052ed6c9ce94184.js\" async=\"\"></script><script src=\"/_next/static/chunks/5630-2ea83c9c3d616ebc.js\" async=\"\"></script><script src=\"/_next/static/chunks/32304-a9fecde38fba538e.js\" async=\"\"></script><script src=\"/_next/static/chunks/app/(user)/layout-3c15428b358026f7.js\" async=\"\"></script><script src=\"/_next/static/chunks/app/(static)/layout-007d563104356e66.js\" async=\"\"></script><script src=\"/_next/static/chunks/app/global-error-f927dfe9743bca16.js\" async=\"\"></script><script src=\"https://clerk.openrouter.ai/npm/@clerk/clerk-js@5/dist/clerk.browser.js\" data-clerk-js-script=\"true\" async=\"\" crossorigin=\"anonymous\" data-clerk-publishable-key=\"pk_live_Y2xlcmsub3BlbnJvdXRlci5haSQ\"></script><meta name=\"robots\" content=\"noindex\"/><meta name=\"next-size-adjust\" content=\"\"/><meta name=\"theme-color\" media=\"(prefers-color-scheme: light)\" content=\"rgb(255, 255, 255)\"/><meta name=\"theme-color\" media=\"(prefers-color-scheme: dark)\" content=\"rgb(9, 10, 11)\"/><title>Not Found | OpenRouter</title><meta name=\"description\" content=\"The page you are looking for does not exist\"/><link rel=\"manifest\" href=\"/manifest.webmanifest\"/><meta name=\"openrouter:commit-sha\" content=\"20b0d44554f8066370e22e60c99dd6436acd860c\"/><meta property=\"og:title\" content=\"Not Found | OpenRouter\"/><meta property=\"og:description\" content=\"The page you are looking for does not exist\"/><meta property=\"og:url\" content=\"https://openrouter.ai\"/><meta property=\"og:site_name\" content=\"OpenRouter\"/><meta property=\"og:image\" content=\"https://openrouter.ai/dynamic-og?pathname=not-found&amp;title=Not+Found&amp;description=The+page+you+are+looking+for+does+not+exist\"/><meta name=\"twitter:card\" content=\"summary_large_image\"/><meta name=\"twitter:site\" content=\"@openrouter\"/><meta name=\"twitter:title\" content=\"Not Found | OpenRouter\"/><meta name=\"twitter:description\" content=\"The page you are looking for does not exist\"/><meta name=\"twitter:image\" content=\"https://openrouter.ai/dynamic-og?pathname=not-found&amp;title=Not+Found&amp;description=The+page+you+are+looking+for+does+not+exist\"/><link rel=\"icon\" href=\"/favicon.ico\" type=\"image/x-icon\" sizes=\"16x16\"/><link rel=\"icon\" href=\"/favicon.ico\"/><script async=\"\" src=\"https://www.googletagmanager.com/gtag/js?id=G-R8YZRJS2XN\"></script><script src=\"/_next/static/chunks/polyfills-42372ed130431b0a.js\" noModule=\"\"></script><script>\n            window.dataLayer = window.dataLayer || [];\n            function gtag(){dataLayer.push(arguments);}\n            gtag('js', new Date());\n            gtag('config', 'G-R8YZRJS2XN');\n          </script></head><body class=\"__variable_f367f3 __variable_f910ec font-sans\"><style>\n:root {\n  --bprogress-color: hsl(var(--primary));\n  --bprogress-height: 2px;\n  --bprogress-spinner-size: 18px;\n  --bprogress-spinner-animation-duration: 400ms;\n  --bprogress-spinner-border-size: 2px;\n  --bprogress-box-shadow: 0 0 10px hsl(var(--primary)), 0 0 5px hsl(var(--primary));\n  --bprogress-z-index: 99999;\n  --bprogress-spinner-top: 15px;\n  --bprogress-spinner-bottom: auto;\n  --bprogress-spinner-right: 15px;\n  --bprogress-spinner-left: auto;\n}\n\n.bprogress {\n  width: 0;\n  height: 0;\n  pointer-events: none;\n  z-index: var(--bprogress-z-index);\n}\n\n.bprogress .bar {\n  background: var(--bprogress-color);\n  position: fixed;\n  z-index: var(--bprogress-z-index);\n  top: 0;\n  left: 0;\n  width: 100%;\n  height: var(--bprogress-height);\n}\n\n/* Fancy blur effect */\n.bprogress .peg {\n  display: block;\n  position: absolute;\n  right: 0;\n  width: 100px;\n  height: 100%;\n  box-shadow: var(--bprogress-box-shadow);\n  opacity: 1.0;\n  transform: rotate(3deg) translate(0px, -4px);\n}\n\n/* Remove these to get rid of the spinner */\n.bprogress .spinner {\n  display: block;\n  position: fixed;\n  z-index: var(--bprogress-z-index);\n  top: var(--bprogress-spinner-top);\n  bottom: var(--bprogress-spinner-bottom);\n  right: var(--bprogress-spinner-right);\n  left: var(--bprogress-spinner-left);\n}\n\n.bprogress .spinner-icon {\n  width: var(--bprogress-spinner-size);\n  height: var(--bprogress-spinner-size);\n  box-sizing: border-box;\n  border: solid var(--bprogress-spinner-border-size) transparent;\n  border-top-color: var(--bprogress-color);\n  border-left-color: var(--bprogress-color);\n  border-radius: 50%;\n  -webkit-animation: bprogress-spinner var(--bprogress-spinner-animation-duration) linear infinite;\n  animation: bprogress-spinner var(--bprogress-spinner-animation-duration) linear infinite;\n}\n\n.bprogress-custom-parent {\n  overflow: hidden;\n  position: relative;\n}\n\n.bprogress-custom-parent .bprogress .spinner,\n.bprogress-custom-parent .bprogress .bar {\n  position: absolute;\n}\n\n.bprogress .indeterminate {\n  position: fixed;\n  top: 0;\n  left: 0;\n  width: 100%;\n  height: var(--bprogress-height);\n  overflow: hidden;\n}\n\n.bprogress .indeterminate .inc,\n.bprogress .indeterminate .dec {\n  position: absolute;\n  top: 0;\n  height: 100%;\n  background-color: var(--bprogress-color);\n}\n\n.bprogress .indeterminate .inc {\n  animation: bprogress-indeterminate-increase 2s infinite;\n}\n\n.bprogress .indeterminate .dec {\n  animation: bprogress-indeterminate-decrease 2s 0.5s infinite;\n}\n\n@-webkit-keyframes bprogress-spinner {\n  0%   { -webkit-transform: rotate(0deg); transform: rotate(0deg); }\n  100% { -webkit-transform: rotate(360deg); transform: rotate(360deg); }\n}\n\n@keyframes bprogress-spinner {\n  0%   { transform: rotate(0deg); }\n  100% { transform: rotate(360deg); }\n}\n\n@keyframes bprogress-indeterminate-increase {\n  from { left: -5%; width: 5%; }\n  to { left: 130%; width: 100%; }\n}\n\n@keyframes bprogress-indeterminate-decrease {\n  from { left: -80%; width: 80%; }\n  to { left: 110%; width: 10%; }\n}\n</style><!--$--><!--/$--><script>((a,b,c,d,e,f,g,h)=>{let i=document.documentElement,j=[\"light\",\"dark\"];function k(b){var c;(Array.isArray(a)?a:[a]).forEach(a=>{let c=\"class\"===a,d=c&&f?e.map(a=>f[a]||a):e;c?(i.classList.remove(...d),i.classList.add(f&&f[b]?f[b]:b)):i.setAttribute(a,b)}),c=b,h&&j.includes(c)&&(i.style.colorScheme=c)}if(d)k(d);else try{let a=localStorage.getItem(b)||c,d=g&&\"system\"===a?window.matchMedia(\"(prefers-color-scheme: dark)\").matches?\"dark\":\"light\":a;k(d)}catch(a){}})(\"class\",\"theme\",\"light\",null,[\"light\",\"dark\"],null,true,true)</script><!--$--><!--/$--><main class=\"tabular-nums\"><!--$?--><template id=\"B:0\"></template><nav id=\"main-nav\" class=\"sticky top-0 z-40 bg-background w-full\"><div class=\"mx-auto w-full px-6 py-3.5 lg:py-6 max-w-screen-4xl\"><div class=\"align-center relative flex flex-row justify-between text-sm md:text-base\"><div class=\"flex flex-1 items-center gap-4\"><a class=\"text-muted-foreground\" href=\"/\"><button class=\"inline-flex items-center whitespace-nowrap font-medium transition-colors focus-visible:outline-none disabled:pointer-events-none disabled:opacity-50 focus-visible:ring-1 focus-visible:ring-ring gap-2 leading-6 hover:bg-accent hover:text-accent-foreground border border-transparent h-9 rounded-md w-auto justify-center text-muted-foreground px-2\"><span class=\"flex items-center gap-2 text-base transform cursor-pointer font-medium duration-100 ease-in-out fill-current stroke-current\"><svg width=\"100%\" height=\"100%\" viewBox=\"0 0 512 512\" xmlns=\"http://www.w3.org/2000/svg\" class=\"size-4\" fill=\"currentColor\" stroke=\"currentColor\" role=\"img\" aria-label=\"Logo\"><path d=\"M3 248.945C18 248.945 76 236 106 219C136 202 136 202 198 158C276.497 102.293 332 120.945 423 120.945\" stroke-width=\"90\"></path><path d=\"M511 121.5L357.25 210.268L357.25 32.7324L511 121.5Z\"></path><path d=\"M0 249C15 249 73 261.945 103 278.945C133 295.945 133 295.945 195 339.945C273.497 395.652 329 377 420 377\" stroke-width=\"90\"></path><path d=\"M508 376.445L354.25 287.678L354.25 465.213L508 376.445Z\"></path></svg>OpenRouter</span></button></a><div class=\"hidden md:flex h-9 w-[386px] items-center gap-2 rounded-md bg-slate-3 text-slate-11 opacity-60\"><svg xmlns=\"http://www.w3.org/2000/svg\" viewBox=\"0 0 24 24\" fill=\"currentColor\" aria-hidden=\"true\" data-slot=\"icon\" class=\"ml-3 size-4 shrink-0 text-muted-foreground\"><path fill-rule=\"evenodd\" d=\"M10.5 3.75a6.75 6.75 0 1 0 0 13.5 6.75 6.75 0 0 0 0-13.5ZM2.25 10.5a8.25 8.25 0 1 1 14.59 5.28l4.69 4.69a.75.75 0 1 1-1.06 1.06l-4.69-4.69A8.25 8.25 0 0 1 2.25 10.5Z\" clip-rule=\"evenodd\"></path></svg><span class=\"flex-1 text-sm text-muted-foreground\">Search</span><kbd class=\"flex items-center justify-center aspect-square h-4 w-4 p-1 pointer-events-none rounded-sm bg-border text-xs text-muted-foreground mr-3.5\">/</kbd></div><div class=\"md:hidden flex size-9 items-center justify-center opacity-60\"><svg xmlns=\"http://www.w3.org/2000/svg\" viewBox=\"0 0 24 24\" fill=\"currentColor\" aria-hidden=\"true\" data-slot=\"icon\" class=\"size-4 text-muted-foreground\"><path fill-rule=\"evenodd\" d=\"M10.5 3.75a6.75 6.75 0 1 0 0 13.5 6.75 6.75 0 0 0 0-13.5ZM2.25 10.5a8.25 8.25 0 1 1 14.59 5.28l4.69 4.69a.75.75 0 1 1-1.06 1.06l-4.69-4.69A8.25 8.25 0 0 1 2.25 10.5Z\" clip-rule=\"evenodd\"></path></svg></div></div><div class=\"hidden lg:flex lg:gap-1 text-sm items-center\"><a class=\"text-muted-foreground\" href=\"/models\"><button class=\"inline-flex items-center whitespace-nowrap font-medium transition-colors focus-visible:outline-none disabled:pointer-events-none disabled:opacity-50 focus-visible:ring-1 focus-visible:ring-ring gap-2 leading-6 hover:bg-accent hover:text-accent-foreground border border-transparent h-9 rounded-md w-auto justify-center text-muted-foreground px-2\">Models</button></a><a class=\"text-muted-foreground\" href=\"/chat\"><button class=\"inline-flex items-center whitespace-nowrap font-medium transition-colors focus-visible:outline-none disabled:pointer-events-none disabled:opacity-50 focus-visible:ring-1 focus-visible:ring-ring gap-2 leading-6 hover:bg-accent hover:text-accent-foreground border border-transparent h-9 rounded-md w-auto justify-center text-muted-foreground px-2\">Chat</button></a><a class=\"text-muted-foreground\" href=\"/rankings\"><button class=\"inline-flex items-center whitespace-nowrap font-medium transition-colors focus-visible:outline-none disabled:pointer-events-none disabled:opacity-50 focus-visible:ring-1 focus-visible:ring-ring gap-2 leading-6 hover:bg-accent hover:text-accent-foreground border border-transparent h-9 rounded-md w-auto justify-center text-muted-foreground px-2\">Rankings</button></a><a class=\"text-muted-foreground\" href=\"/apps\"><button class=\"inline-flex items-center whitespace-nowrap font-medium transition-colors focus-visible:outline-none disabled:pointer-events-none disabled:opacity-50 focus-visible:ring-1 focus-visible:ring-ring gap-2 leading-6 hover:bg-accent hover:text-accent-foreground border border-transparent h-9 rounded-md w-auto justify-center text-muted-foreground px-2\">Apps</button></a><a class=\"text-muted-foreground\" href=\"/enterprise\"><button class=\"inline-flex items-center whitespace-nowrap font-medium transition-colors focus-visible:outline-none disabled:pointer-events-none disabled:opacity-50 focus-visible:ring-1 focus-visible:ring-ring gap-2 leading-6 hover:bg-accent hover:text-accent-foreground border border-transparent h-9 rounded-md w-auto justify-center text-muted-foreground px-2\">Enterprise</button></a><a class=\"text-muted-foreground\" href=\"/pricing\"><button class=\"inline-flex items-center whitespace-nowrap font-medium transition-colors focus-visible:outline-none disabled:pointer-events-none disabled:opacity-50 focus-visible:ring-1 focus-visible:ring-ring gap-2 leading-6 hover:bg-accent hover:text-accent-foreground border border-transparent h-9 rounded-md w-auto justify-center text-muted-foreground px-2\">Pricing</button></a><a href=\"/docs/quickstart\" class=\"text-muted-foreground\"><button class=\"inline-flex items-center whitespace-nowrap font-medium transition-colors focus-visible:outline-none disabled:pointer-events-none disabled:opacity-50 focus-visible:ring-1 focus-visible:ring-ring gap-2 leading-6 hover:bg-accent hover:text-accent-foreground border border-transparent h-9 rounded-md w-auto justify-center text-muted-foreground px-2\">Docs</button></a><div class=\"flex w-24 justify-end\"><div class=\"animate-pulse bg-muted h-9 w-full rounded-full\"></div></div></div><div class=\"lg:hidden flex flex-1 justify-end gap-1\"><div class=\"flex w-24 justify-end\"><div class=\"animate-pulse rounded-md bg-muted h-9 flex-1 rounded-l-full\"></div><div class=\"animate-pulse rounded-md bg-muted h-9 w-10 rounded-r-full\"></div></div></div></div></div></nav><!--/$--><!--$--><!--/$--><!--$?--><template id=\"B:1\"></template><div class=\"flex flex-col items-center min-h-[calc(100vh-80px)] w-full md:min-h-screen\"></div><!--/$--></main><div id=\"portal-container\"></div><section aria-label=\"Notifications alt+T\" tabindex=\"-1\" aria-live=\"polite\" aria-relevant=\"additions text\" aria-atomic=\"false\"></section><script>requestAnimationFrame(function(){$RT=performance.now()});</script><script src=\"/_next/static/chunks/webpack-10ba58d93e371456.js\" id=\"_R_\" async=\"\"></script><div hidden id=\"S:0\"><nav id=\"main-nav\" class=\"sticky top-0 z-40 transition-all duration-150 bg-background w-full\"><div class=\"mx-auto w-full transition-all duration-150 px-6 py-3.5 lg:py-6\"><span style=\"position:absolute;border:0;width:1px;height:1px;padding:0;margin:-1px;overflow:hidden;clip:rect(0, 0, 0, 0);white-space:nowrap;word-wrap:normal\"><a href=\"#skip\" class=\"sr-only absolute left-0 top-0 bg-background text-primary focus:not-sr-only\">Skip to content</a></span><div class=\"align-center relative flex flex-row justify-between text-sm md:text-base\"><div class=\"flex flex-1 items-center gap-4\"><a class=\"text-muted-foreground\" href=\"/\"><button class=\"inline-flex items-center whitespace-nowrap font-medium transition-colors focus-visible:outline-none disabled:pointer-events-none disabled:opacity-50 focus-visible:ring-1 focus-visible:ring-ring gap-2 leading-6 hover:bg-accent hover:text-accent-foreground border border-transparent h-9 rounded-md w-auto justify-center text-muted-foreground px-2\"><span class=\"flex items-center gap-2 text-base transform cursor-pointer font-medium duration-100 ease-in-out fill-current stroke-current\"><svg width=\"100%\" height=\"100%\" viewBox=\"0 0 512 512\" xmlns=\"http://www.w3.org/2000/svg\" class=\"size-4\" fill=\"currentColor\" stroke=\"currentColor\" role=\"img\" aria-label=\"Logo\"><path d=\"M3 248.945C18 248.945 76 236 106 219C136 202 136 202 198 158C276.497 102.293 332 120.945 423 120.945\" stroke-width=\"90\"></path><path d=\"M511 121.5L357.25 210.268L357.25 32.7324L511 121.5Z\"></path><path d=\"M0 249C15 249 73 261.945 103 278.945C133 295.945 133 295.945 195 339.945C273.497 395.652 329 377 420 377\" stroke-width=\"90\"></path><path d=\"M508 376.445L354.25 287.678L354.25 465.213L508 376.445Z\"></path></svg>OpenRouter</span></button></a><div class=\"hidden md:block\"><div tabindex=\"-1\" class=\"flex h-full w-full flex-col overflow-hidden rounded-md bg-popover text-popover-foreground\" cmdk-root=\"\"><label cmdk-label=\"\" for=\"radix-_R_6cjdl9bH2_\" id=\"radix-_R_6cjdl9bH1_\" style=\"position:absolute;width:1px;height:1px;padding:0;margin:-1px;overflow:hidden;clip:rect(0, 0, 0, 0);white-space:nowrap;border-width:0\"></label><div role=\"combobox\" aria-controls=\"search-command-list\" aria-expanded=\"false\" class=\"relative flex h-9 w-[386px] items-center gap-2 rounded-md ring-ring transition-colors bg-slate-3 text-slate-11 focus-within:bg-slate-4 focus-within:text-slate-12\" type=\"button\" aria-haspopup=\"dialog\" data-state=\"closed\"><div class=\"flex items-center border-b px-3 w-full focus-visible:outline-none\" cmdk-input-wrapper=\"\"><svg xmlns=\"http://www.w3.org/2000/svg\" viewBox=\"0 0 24 24\" fill=\"currentColor\" aria-hidden=\"true\" data-slot=\"icon\" class=\"mr-2 h-4 w-4 shrink-0 opacity-50\"><path fill-rule=\"evenodd\" d=\"M10.5 3.75a6.75 6.75 0 1 0 0 13.5 6.75 6.75 0 0 0 0-13.5ZM2.25 10.5a8.25 8.25 0 1 1 14.59 5.28l4.69 4.69a.75.75 0 1 1-1.06 1.06l-4.69-4.69A8.25 8.25 0 0 1 2.25 10.5Z\" clip-rule=\"evenodd\"></path></svg><input class=\"flex h-10 w-full rounded-md bg-transparent py-3 text-sm outline-none placeholder:text-muted-foreground disabled:cursor-not-allowed disabled:opacity-50\" placeholder=\"Search\" disabled=\"\" cmdk-input=\"\" autoComplete=\"off\" autoCorrect=\"off\" spellCheck=\"false\" aria-autocomplete=\"list\" role=\"combobox\" aria-expanded=\"true\" aria-controls=\"radix-_R_6cjdl9b_\" aria-labelledby=\"radix-_R_6cjdl9bH1_\" id=\"radix-_R_6cjdl9bH2_\" type=\"text\" value=\"\"/></div><kbd class=\"flex items-center justify-center aspect-square h-4 w-4 p-1 pointer-events-none rounded-sm bg-border text-xs text-muted-foreground absolute right-3.5 transition-opacity duration-200\">/</kbd></div></div></div><div class=\"md:hidden\"><button class=\"inline-flex items-center justify-center whitespace-nowrap rounded-md font-medium transition-colors focus-visible:outline-none disabled:pointer-events-none disabled:opacity-50 focus-visible:ring-1 focus-visible:ring-ring gap-2 leading-6 text-muted-foreground hover:bg-accent hover:text-accent-foreground border border-transparent h-9 w-9\" role=\"combobox\" aria-expanded=\"false\" title=\"Search\" type=\"button\" aria-haspopup=\"dialog\" aria-controls=\"radix-_R_acjdl9b_\" data-state=\"closed\" data-slot=\"dialog-trigger\"><svg xmlns=\"http://www.w3.org/2000/svg\" viewBox=\"0 0 24 24\" fill=\"currentColor\" aria-hidden=\"true\" data-slot=\"icon\" class=\"size-4\"><path fill-rule=\"evenodd\" d=\"M10.5 3.75a6.75 6.75 0 1 0 0 13.5 6.75 6.75 0 0 0 0-13.5ZM2.25 10.5a8.25 8.25 0 1 1 14.59 5.28l4.69 4.69a.75.75 0 1 1-1.06 1.06l-4.69-4.69A8.25 8.25 0 0 1 2.25 10.5Z\" clip-rule=\"evenodd\"></path></svg></button></div></div><div class=\"hidden lg:flex lg:gap-1 text-sm\"><a class=\"text-muted-foreground\" href=\"/models\"><button class=\"inline-flex items-center whitespace-nowrap font-medium transition-colors focus-visible:outline-none disabled:pointer-events-none disabled:opacity-50 focus-visible:ring-1 focus-visible:ring-ring gap-2 leading-6 hover:bg-accent hover:text-accent-foreground border border-transparent h-9 rounded-md w-auto justify-center text-muted-foreground px-2\">Models</button></a><a class=\"text-muted-foreground\" href=\"/chat\"><button class=\"inline-flex items-center whitespace-nowrap font-medium transition-colors focus-visible:outline-none disabled:pointer-events-none disabled:opacity-50 focus-visible:ring-1 focus-visible:ring-ring gap-2 leading-6 hover:bg-accent hover:text-accent-foreground border border-transparent h-9 rounded-md w-auto justify-center text-muted-foreground px-2\">Chat</button></a><a class=\"text-muted-foreground\" href=\"/rankings\"><button class=\"inline-flex items-center whitespace-nowrap font-medium transition-colors focus-visible:outline-none disabled:pointer-events-none disabled:opacity-50 focus-visible:ring-1 focus-visible:ring-ring gap-2 leading-6 hover:bg-accent hover:text-accent-foreground border border-transparent h-9 rounded-md w-auto justify-center text-muted-foreground px-2\">Rankings</button></a><a class=\"text-muted-foreground\" href=\"/apps\"><button class=\"inline-flex items-center whitespace-nowrap font-medium transition-colors focus-visible:outline-none disabled:pointer-events-none disabled:opacity-50 focus-visible:ring-1 focus-visible:ring-ring gap-2 leading-6 hover:bg-accent hover:text-accent-foreground border border-transparent h-9 rounded-md w-auto justify-center text-muted-foreground px-2\">Apps</button></a><a class=\"text-muted-foreground\" href=\"/enterprise\"><button class=\"inline-flex items-center whitespace-nowrap font-medium transition-colors focus-visible:outline-none disabled:pointer-events-none disabled:opacity-50 focus-visible:ring-1 focus-visible:ring-ring gap-2 leading-6 hover:bg-accent hover:text-accent-foreground border border-transparent h-9 rounded-md w-auto justify-center text-muted-foreground px-2\">Enterprise</button></a><a class=\"text-muted-foreground\" href=\"/pricing\"><button class=\"inline-flex items-center whitespace-nowrap font-medium transition-colors focus-visible:outline-none disabled:pointer-events-none disabled:opacity-50 focus-visible:ring-1 focus-visible:ring-ring gap-2 leading-6 hover:bg-accent hover:text-accent-foreground border border-transparent h-9 rounded-md w-auto justify-center text-muted-foreground px-2\">Pricing</button></a><a href=\"/docs/quickstart\" class=\"text-muted-foreground\"><button class=\"inline-flex items-center whitespace-nowrap font-medium transition-colors focus-visible:outline-none disabled:pointer-events-none disabled:opacity-50 focus-visible:ring-1 focus-visible:ring-ring gap-2 leading-6 hover:bg-accent hover:text-accent-foreground border border-transparent h-9 rounded-md w-auto justify-center text-muted-foreground px-2\">Docs</button></a><div class=\"flex w-24 justify-end\"><div class=\"animate-pulse bg-muted h-9 w-full rounded-full\"></div></div></div><div class=\"lg:hidden\"><div class=\"flex flex-1 justify-end gap-1\"><div class=\"flex w-24 justify-end\"><div class=\"animate-pulse rounded-md bg-muted h-9 flex-1 rounded-l-full\"></div><div class=\"animate-pulse rounded-md bg-muted h-9 w-10 rounded-r-full\"></div></div></div></div></div></div></nav></div><script>$RB=[];$RV=function(a){$RT=performance.now();for(var b=0;b<a.length;b+=2){var c=a[b],e=a[b+1];null!==e.parentNode&&e.parentNode.removeChild(e);var f=c.parentNode;if(f){var g=c.previousSibling,h=0;do{if(c&&8===c.nodeType){var d=c.data;if(\"/$\"===d||\"/&\"===d)if(0===h)break;else h--;else\"$\"!==d&&\"$?\"!==d&&\"$~\"!==d&&\"$!\"!==d&&\"&\"!==d||h++}d=c.nextSibling;f.removeChild(c);c=d}while(c);for(;e.firstChild;)f.insertBefore(e.firstChild,c);g.data=\"$\";g._reactRetry&&requestAnimationFrame(g._reactRetry)}}a.length=0};\n$RC=function(a,b){if(b=document.getElementById(b))(a=document.getElementById(a))?(a.previousSibling.data=\"$~\",$RB.push(a,b),2===$RB.length&&(\"number\"!==typeof $RT?requestAnimationFrame($RV.bind(null,$RB)):(a=performance.now(),setTimeout($RV.bind(null,$RB),2300>a&&2E3<a?2300-a:$RT+300-a)))):b.parentNode.removeChild(b)};$RC(\"B:0\",\"S:0\")</script><div hidden id=\"S:1\"><div class=\"flex flex-col items-center justify-center bg-background text-foreground\"><div class=\"relative z-0 transition-all border-border/50 md:border-r h-[calc(100dvh-4rem)] md:h-[calc(100dvh-5.25rem)] main-content-container items-center justify-center flex flex-col gap-4\"><h2 class=\"flex w-96 items-center justify-between gap-2\"><div data-orientation=\"horizontal\" role=\"none\" class=\"h-px w-full flex-1 bg-gradient-to-r from-background via-background to-border\"></div><span>404: Not Found</span><div data-orientation=\"horizontal\" role=\"none\" class=\"h-px w-full flex-1 bg-gradient-to-l from-background via-background to-border\"></div></h2><div class=\"flex flex-col gap-8 md:flex-row\"><a class=\"self-start\" href=\"/\"><button class=\"items-center justify-center whitespace-nowrap font-medium transition-colors focus-visible:outline-none disabled:pointer-events-none disabled:opacity-50 focus-visible:ring-1 focus-visible:ring-ring bg-secondary text-secondary-foreground shadow-sm hover:bg-secondary/80 hover:text-secondary-foreground h-8 rounded-md px-3 text-xs group flex gap-2\"><svg xmlns=\"http://www.w3.org/2000/svg\" fill=\"none\" viewBox=\"0 0 24 24\" stroke-width=\"1.5\" stroke=\"currentColor\" aria-hidden=\"true\" data-slot=\"icon\" class=\"size-4 transition-transform group-hover:-translate-x-1\"><path stroke-linecap=\"round\" stroke-linejoin=\"round\" d=\"M10.5 19.5 3 12m0 0 7.5-7.5M3 12h18\"></path></svg>Go Home</button></a><a class=\"self-end\" href=\"/models\"><button class=\"items-center justify-center whitespace-nowrap font-medium transition-colors focus-visible:outline-none disabled:pointer-events-none disabled:opacity-50 focus-visible:ring-1 focus-visible:ring-ring bg-secondary text-secondary-foreground shadow-sm hover:bg-secondary/80 hover:text-secondary-foreground h-8 rounded-md px-3 text-xs group flex gap-2\">Browse Models<svg xmlns=\"http://www.w3.org/2000/svg\" fill=\"none\" viewBox=\"0 0 24 24\" stroke-width=\"1.5\" stroke=\"currentColor\" aria-hidden=\"true\" data-slot=\"icon\" class=\"size-4 transition-transform group-hover:translate-x-1\"><path stroke-linecap=\"round\" stroke-linejoin=\"round\" d=\"M13.5 4.5 21 12m0 0-7.5 7.5M21 12H3\"></path></svg></button></a></div></div><footer><div class=\"px-6 py-12 md:px-12 md:py-16 border-t bg-background font-medium\"><div class=\"mx-auto max-w-7xl grid gap-8 grid-cols-2 md:grid-cols-4 lg:grid-cols-5\"><div class=\"col-span-2 md:col-span-4 lg:col-span-1 flex flex-col gap-4\"><span data-state=\"closed\" style=\"-webkit-touch-callout:none\"><a class=\"flex items-center gap-2 text-foreground hover:text-foreground/80 transition-colors w-fit\" href=\"/\"><svg width=\"100%\" height=\"100%\" viewBox=\"0 0 512 512\" xmlns=\"http://www.w3.org/2000/svg\" class=\"size-5\" fill=\"currentColor\" stroke=\"currentColor\" role=\"img\" aria-label=\"OpenRouter Logo\"><path d=\"M3 248.945C18 248.945 76 236 106 219C136 202 136 202 198 158C276.497 102.293 332 120.945 423 120.945\" stroke-width=\"90\"></path><path d=\"M511 121.5L357.25 210.268L357.25 32.7324L511 121.5Z\"></path><path d=\"M0 249C15 249 73 261.945 103 278.945C133 295.945 133 295.945 195 339.945C273.497 395.652 329 377 420 377\" stroke-width=\"90\"></path><path d=\"M508 376.445L354.25 287.678L354.25 465.213L508 376.445Z\"></path></svg><span class=\"font-semibold\">OpenRouter</span></a></span><div class=\"text-sm text-muted-foreground\">© 2026 OpenRouter, Inc</div></div><div class=\"flex flex-col gap-3\"><h3 class=\"font-semibold text-foreground\">Product</h3><ul class=\"flex flex-col gap-2\"><li><a class=\"text-sm text-muted-foreground hover:text-foreground transition-colors flex items-center gap-2\" href=\"/chat\">Chat</a></li><li><a class=\"text-sm text-muted-foreground hover:text-foreground transition-colors flex items-center gap-2\" href=\"/rankings\">Rankings</a></li><li><a class=\"text-sm text-muted-foreground hover:text-foreground transition-colors flex items-center gap-2\" href=\"/apps\">Apps</a></li><li><a class=\"text-sm text-muted-foreground hover:text-foreground transition-colors flex items-center gap-2\" href=\"/models\">Models</a></li><li><a class=\"text-sm text-muted-foreground hover:text-foreground transition-colors flex items-center gap-2\" href=\"/providers\">Providers</a></li><li><a class=\"text-sm text-muted-foreground hover:text-foreground transition-colors flex items-center gap-2\" href=\"/pricing\">Pricing</a></li><li><a class=\"text-sm text-muted-foreground hover:text-foreground transition-colors flex items-center gap-2\" href=\"/redeem\">Redeem</a></li><li><a class=\"text-sm text-muted-foreground hover:text-foreground transition-colors flex items-center gap-2\" href=\"/enterprise\">Enterprise</a></li></ul></div><div class=\"flex flex-col gap-3\"><h3 class=\"font-semibold text-foreground\">Company</h3><ul class=\"flex flex-col gap-2\"><li><a class=\"text-sm text-muted-foreground hover:text-foreground transition-colors flex items-center gap-2\" href=\"/about\">About</a></li><li><a class=\"text-sm text-muted-foreground hover:text-foreground transition-colors flex items-center gap-2\" href=\"/announcements\">Announcements</a></li><li><a class=\"text-sm text-muted-foreground hover:text-foreground transition-colors flex items-center gap-2\" href=\"/careers\">Careers<span class=\"text-xs bg-primary/10 text-primary px-1.5 py-0.5 rounded\">Hiring</span></a></li><li><a class=\"text-sm text-muted-foreground hover:text-foreground transition-colors flex items-center gap-2\" href=\"/privacy\">Privacy</a></li><li><a class=\"text-sm text-muted-foreground hover:text-foreground transition-colors flex items-center gap-2\" href=\"/terms\">Terms of Service</a></li><li><a class=\"text-sm text-muted-foreground hover:text-foreground transition-colors flex items-center gap-2\" href=\"/support\">Support</a></li><li><a class=\"text-sm text-muted-foreground hover:text-foreground transition-colors flex items-center gap-2\" href=\"/state-of-ai\">State of AI</a></li><li><a class=\"text-sm text-muted-foreground hover:text-foreground transition-colors flex items-center gap-2\" href=\"/works-with-openrouter\">Works With OR</a></li></ul></div><div class=\"flex flex-col gap-3\"><h3 class=\"font-semibold text-foreground\">Developer</h3><ul class=\"flex flex-col gap-2\"><li><a href=\"/docs\" class=\"text-sm text-muted-foreground hover:text-foreground transition-colors flex items-center gap-2\" target=\"_blank\" rel=\"noopener noreferrer\">Documentation</a></li><li><a href=\"/docs/api-reference\" class=\"text-sm text-muted-foreground hover:text-foreground transition-colors flex items-center gap-2\" target=\"_blank\" rel=\"noopener noreferrer\">API Reference</a></li><li><a class=\"text-sm text-muted-foreground hover:text-foreground transition-colors flex items-center gap-2\" href=\"/sdk\">SDK</a></li><li><a href=\"https://status.openrouter.ai\" class=\"text-sm text-muted-foreground hover:text-foreground transition-colors flex items-center gap-2\" target=\"_blank\" rel=\"noopener noreferrer\">Status</a></li></ul></div><div class=\"flex flex-col gap-3\"><h3 class=\"font-semibold text-foreground\">Connect</h3><ul class=\"flex flex-col gap-2\"><li><a href=\"https://discord.gg/fVyRaUDgxW\" class=\"text-sm text-muted-foreground hover:text-foreground transition-colors flex items-center gap-2\" target=\"_blank\" rel=\"noopener noreferrer\">Discord</a></li><li><a href=\"https://github.com/OpenRouterTeam\" class=\"text-sm text-muted-foreground hover:text-foreground transition-colors flex items-center gap-2\" target=\"_blank\" rel=\"noopener noreferrer\">GitHub</a></li><li><a href=\"https://www.linkedin.com/company/104068329\" class=\"text-sm text-muted-foreground hover:text-foreground transition-colors flex items-center gap-2\" target=\"_blank\" rel=\"noopener noreferrer\">LinkedIn</a></li><li><a href=\"https://twitter.com/openrouter\" class=\"text-sm text-muted-foreground hover:text-foreground transition-colors flex items-center gap-2\" target=\"_blank\" rel=\"noopener noreferrer\">X</a></li><li><a href=\"https://www.youtube.com/@OpenRouterAI\" class=\"text-sm text-muted-foreground hover:text-foreground transition-colors flex items-center gap-2\" target=\"_blank\" rel=\"noopener noreferrer\">YouTube</a></li></ul></div></div></div></footer></div></div><script>$RC(\"B:1\",\"S:1\")</script><script>(self.__next_f=self.__next_f||[]).push([0])</script><script>self.__next_f.push([1,\"1:\\\"$Sreact.fragment\\\"\\n\"])</script><script>self.__next_f.push([1,\"2:I[40756,[\\\"25170\\\",\\\"static/chunks/25170-0e6181b2ccbbb6c4.js\\\",\\\"3888\\\",\\\"static/chunks/3888-1b80ac3e66e8a62f.js\\\",\\\"71106\\\",\\\"static/chunks/71106-b7535260a328d1a8.js\\\",\\\"3144\\\",\\\"static/chunks/3144-31c3de663d43a81f.js\\\",\\\"1734\\\",\\\"static/chunks/1734-d5af36f0b162a573.js\\\",\\\"45079\\\",\\\"static/chunks/45079-024b7107b15d4084.js\\\",\\\"5985\\\",\\\"static/chunks/5985-c1dc926d4d436766.js\\\",\\\"10756\\\",\\\"static/chunks/10756-daa34ab87965281e.js\\\",\\\"65088\\\",\\\"static/chunks/65088-8591857f52c4c13f.js\\\",\\\"6829\\\",\\\"static/chunks/6829-df03642e9cfbc8f4.js\\\",\\\"40331\\\",\\\"static/chunks/40331-459dbea7989a248e.js\\\",\\\"57028\\\",\\\"static/chunks/57028-3214d72e2a7c9de0.js\\\",\\\"28464\\\",\\\"static/chunks/28464-1f4a9b148a86c8af.js\\\",\\\"13557\\\",\\\"static/chunks/13557-d8c6f4320672188d.js\\\",\\\"57518\\\",\\\"static/chunks/57518-354d9d9eed155c41.js\\\",\\\"56873\\\",\\\"static/chunks/56873-2d1079b450e7f242.js\\\",\\\"80212\\\",\\\"static/chunks/80212-b72efa8ae64f19b5.js\\\",\\\"3556\\\",\\\"static/chunks/3556-d73559aa65408ef1.js\\\",\\\"5590\\\",\\\"static/chunks/5590-d9fabde5f7ff1a3e.js\\\",\\\"51822\\\",\\\"static/chunks/51822-78ff3a66cbc8c8da.js\\\",\\\"81729\\\",\\\"static/chunks/81729-516046754f560fe3.js\\\",\\\"97045\\\",\\\"static/chunks/97045-3066625d43510da3.js\\\",\\\"7177\\\",\\\"static/chunks/app/layout-e98b45b309fcb7a3.js\\\"],\\\"GoogleAnalytics\\\"]\\n\"])</script><script>self.__next_f.push([1,\"3:I[38519,[\\\"25170\\\",\\\"static/chunks/25170-0e6181b2ccbbb6c4.js\\\",\\\"3888\\\",\\\"static/chunks/3888-1b80ac3e66e8a62f.js\\\",\\\"71106\\\",\\\"static/chunks/71106-b7535260a328d1a8.js\\\",\\\"3144\\\",\\\"static/chunks/3144-31c3de663d43a81f.js\\\",\\\"1734\\\",\\\"static/chunks/1734-d5af36f0b162a573.js\\\",\\\"45079\\\",\\\"static/chunks/45079-024b7107b15d4084.js\\\",\\\"5985\\\",\\\"static/chunks/5985-c1dc926d4d436766.js\\\",\\\"10756\\\",\\\"static/chunks/10756-daa34ab87965281e.js\\\",\\\"65088\\\",\\\"static/chunks/65088-8591857f52c4c13f.js\\\",\\\"6829\\\",\\\"static/chunks/6829-df03642e9cfbc8f4.js\\\",\\\"40331\\\",\\\"static/chunks/40331-459dbea7989a248e.js\\\",\\\"57028\\\",\\\"static/chunks/57028-3214d72e2a7c9de0.js\\\",\\\"28464\\\",\\\"static/chunks/28464-1f4a9b148a86c8af.js\\\",\\\"13557\\\",\\\"static/chunks/13557-d8c6f4320672188d.js\\\",\\\"57518\\\",\\\"static/chunks/57518-354d9d9eed155c41.js\\\",\\\"56873\\\",\\\"static/chunks/56873-2d1079b450e7f242.js\\\",\\\"80212\\\",\\\"static/chunks/80212-b72efa8ae64f19b5.js\\\",\\\"3556\\\",\\\"static/chunks/3556-d73559aa65408ef1.js\\\",\\\"5590\\\",\\\"static/chunks/5590-d9fabde5f7ff1a3e.js\\\",\\\"51822\\\",\\\"static/chunks/51822-78ff3a66cbc8c8da.js\\\",\\\"81729\\\",\\\"static/chunks/81729-516046754f560fe3.js\\\",\\\"97045\\\",\\\"static/chunks/97045-3066625d43510da3.js\\\",\\\"7177\\\",\\\"static/chunks/app/layout-e98b45b309fcb7a3.js\\\"],\\\"DatadogRUM\\\"]\\n\"])</script><script>self.__next_f.push([1,\"4:I[37142,[\\\"25170\\\",\\\"static/chunks/25170-0e6181b2ccbbb6c4.js\\\",\\\"3888\\\",\\\"static/chunks/3888-1b80ac3e66e8a62f.js\\\",\\\"71106\\\",\\\"static/chunks/71106-b7535260a328d1a8.js\\\",\\\"3144\\\",\\\"static/chunks/3144-31c3de663d43a81f.js\\\",\\\"1734\\\",\\\"static/chunks/1734-d5af36f0b162a573.js\\\",\\\"45079\\\",\\\"static/chunks/45079-024b7107b15d4084.js\\\",\\\"5985\\\",\\\"static/chunks/5985-c1dc926d4d436766.js\\\",\\\"10756\\\",\\\"static/chunks/10756-daa34ab87965281e.js\\\",\\\"65088\\\",\\\"static/chunks/65088-8591857f52c4c13f.js\\\",\\\"6829\\\",\\\"static/chunks/6829-df03642e9cfbc8f4.js\\\",\\\"40331\\\",\\\"static/chunks/40331-459dbea7989a248e.js\\\",\\\"57028\\\",\\\"static/chunks/57028-3214d72e2a7c9de0.js\\\",\\\"28464\\\",\\\"static/chunks/28464-1f4a9b148a86c8af.js\\\",\\\"13557\\\",\\\"static/chunks/13557-d8c6f4320672188d.js\\\",\\\"57518\\\",\\\"static/chunks/57518-354d9d9eed155c41.js\\\",\\\"56873\\\",\\\"static/chunks/56873-2d1079b450e7f242.js\\\",\\\"80212\\\",\\\"static/chunks/80212-b72efa8ae64f19b5.js\\\",\\\"3556\\\",\\\"static/chunks/3556-d73559aa65408ef1.js\\\",\\\"5590\\\",\\\"static/chunks/5590-d9fabde5f7ff1a3e.js\\\",\\\"51822\\\",\\\"static/chunks/51822-78ff3a66cbc8c8da.js\\\",\\\"81729\\\",\\\"static/chunks/81729-516046754f560fe3.js\\\",\\\"97045\\\",\\\"static/chunks/97045-3066625d43510da3.js\\\",\\\"7177\\\",\\\"static/chunks/app/layout-e98b45b309fcb7a3.js\\\"],\\\"ConsentManager\\\"]\\n\"])</script><script>self.__next_f.push([1,\"5:I[16783,[\\\"25170\\\",\\\"static/chunks/25170-0e6181b2ccbbb6c4.js\\\",\\\"3888\\\",\\\"static/chunks/3888-1b80ac3e66e8a62f.js\\\",\\\"71106\\\",\\\"static/chunks/71106-b7535260a328d1a8.js\\\",\\\"3144\\\",\\\"static/chunks/3144-31c3de663d43a81f.js\\\",\\\"1734\\\",\\\"static/chunks/1734-d5af36f0b162a573.js\\\",\\\"45079\\\",\\\"static/chunks/45079-024b7107b15d4084.js\\\",\\\"5985\\\",\\\"static/chunks/5985-c1dc926d4d436766.js\\\",\\\"10756\\\",\\\"static/chunks/10756-daa34ab87965281e.js\\\",\\\"65088\\\",\\\"static/chunks/65088-8591857f52c4c13f.js\\\",\\\"6829\\\",\\\"static/chunks/6829-df03642e9cfbc8f4.js\\\",\\\"40331\\\",\\\"static/chunks/40331-459dbea7989a248e.js\\\",\\\"57028\\\",\\\"static/chunks/57028-3214d72e2a7c9de0.js\\\",\\\"28464\\\",\\\"static/chunks/28464-1f4a9b148a86c8af.js\\\",\\\"13557\\\",\\\"static/chunks/13557-d8c6f4320672188d.js\\\",\\\"57518\\\",\\\"static/chunks/57518-354d9d9eed155c41.js\\\",\\\"56873\\\",\\\"static/chunks/56873-2d1079b450e7f242.js\\\",\\\"80212\\\",\\\"static/chunks/80212-b72efa8ae64f19b5.js\\\",\\\"3556\\\",\\\"static/chunks/3556-d73559aa65408ef1.js\\\",\\\"5590\\\",\\\"static/chunks/5590-d9fabde5f7ff1a3e.js\\\",\\\"51822\\\",\\\"static/chunks/51822-78ff3a66cbc8c8da.js\\\",\\\"81729\\\",\\\"static/chunks/81729-516046754f560fe3.js\\\",\\\"97045\\\",\\\"static/chunks/97045-3066625d43510da3.js\\\",\\\"7177\\\",\\\"static/chunks/app/layout-e98b45b309fcb7a3.js\\\"],\\\"ThemeProvider\\\"]\\n\"])</script><script>self.__next_f.push([1,\"6:I[27456,[\\\"25170\\\",\\\"static/chunks/25170-0e6181b2ccbbb6c4.js\\\",\\\"3888\\\",\\\"static/chunks/3888-1b80ac3e66e8a62f.js\\\",\\\"71106\\\",\\\"static/chunks/71106-b7535260a328d1a8.js\\\",\\\"3144\\\",\\\"static/chunks/3144-31c3de663d43a81f.js\\\",\\\"1734\\\",\\\"static/chunks/1734-d5af36f0b162a573.js\\\",\\\"45079\\\",\\\"static/chunks/45079-024b7107b15d4084.js\\\",\\\"5985\\\",\\\"static/chunks/5985-c1dc926d4d436766.js\\\",\\\"10756\\\",\\\"static/chunks/10756-daa34ab87965281e.js\\\",\\\"65088\\\",\\\"static/chunks/65088-8591857f52c4c13f.js\\\",\\\"6829\\\",\\\"static/chunks/6829-df03642e9cfbc8f4.js\\\",\\\"40331\\\",\\\"static/chunks/40331-459dbea7989a248e.js\\\",\\\"57028\\\",\\\"static/chunks/57028-3214d72e2a7c9de0.js\\\",\\\"28464\\\",\\\"static/chunks/28464-1f4a9b148a86c8af.js\\\",\\\"13557\\\",\\\"static/chunks/13557-d8c6f4320672188d.js\\\",\\\"57518\\\",\\\"static/chunks/57518-354d9d9eed155c41.js\\\",\\\"56873\\\",\\\"static/chunks/56873-2d1079b450e7f242.js\\\",\\\"80212\\\",\\\"static/chunks/80212-b72efa8ae64f19b5.js\\\",\\\"3556\\\",\\\"static/chunks/3556-d73559aa65408ef1.js\\\",\\\"5590\\\",\\\"static/chunks/5590-d9fabde5f7ff1a3e.js\\\",\\\"51822\\\",\\\"static/chunks/51822-78ff3a66cbc8c8da.js\\\",\\\"81729\\\",\\\"static/chunks/81729-516046754f560fe3.js\\\",\\\"97045\\\",\\\"static/chunks/97045-3066625d43510da3.js\\\",\\\"7177\\\",\\\"static/chunks/app/layout-e98b45b309fcb7a3.js\\\"],\\\"ExpandedErrorModalProvider\\\"]\\n\"])</script><script>self.__next_f.push([1,\"7:I[58604,[\\\"25170\\\",\\\"static/chunks/25170-0e6181b2ccbbb6c4.js\\\",\\\"3888\\\",\\\"static/chunks/3888-1b80ac3e66e8a62f.js\\\",\\\"71106\\\",\\\"static/chunks/71106-b7535260a328d1a8.js\\\",\\\"3144\\\",\\\"static/chunks/3144-31c3de663d43a81f.js\\\",\\\"1734\\\",\\\"static/chunks/1734-d5af36f0b162a573.js\\\",\\\"45079\\\",\\\"static/chunks/45079-024b7107b15d4084.js\\\",\\\"5985\\\",\\\"static/chunks/5985-c1dc926d4d436766.js\\\",\\\"10756\\\",\\\"static/chunks/10756-daa34ab87965281e.js\\\",\\\"65088\\\",\\\"static/chunks/65088-8591857f52c4c13f.js\\\",\\\"6829\\\",\\\"static/chunks/6829-df03642e9cfbc8f4.js\\\",\\\"40331\\\",\\\"static/chunks/40331-459dbea7989a248e.js\\\",\\\"57028\\\",\\\"static/chunks/57028-3214d72e2a7c9de0.js\\\",\\\"28464\\\",\\\"static/chunks/28464-1f4a9b148a86c8af.js\\\",\\\"13557\\\",\\\"static/chunks/13557-d8c6f4320672188d.js\\\",\\\"57518\\\",\\\"static/chunks/57518-354d9d9eed155c41.js\\\",\\\"56873\\\",\\\"static/chunks/56873-2d1079b450e7f242.js\\\",\\\"80212\\\",\\\"static/chunks/80212-b72efa8ae64f19b5.js\\\",\\\"3556\\\",\\\"static/chunks/3556-d73559aa65408ef1.js\\\",\\\"5590\\\",\\\"static/chunks/5590-d9fabde5f7ff1a3e.js\\\",\\\"51822\\\",\\\"static/chunks/51822-78ff3a66cbc8c8da.js\\\",\\\"81729\\\",\\\"static/chunks/81729-516046754f560fe3.js\\\",\\\"97045\\\",\\\"static/chunks/97045-3066625d43510da3.js\\\",\\\"7177\\\",\\\"static/chunks/app/layout-e98b45b309fcb7a3.js\\\"],\\\"GlobalErrorToastProvider\\\"]\\n\"])</script><script>self.__next_f.push([1,\"8:I[82761,[\\\"25170\\\",\\\"static/chunks/25170-0e6181b2ccbbb6c4.js\\\",\\\"3888\\\",\\\"static/chunks/3888-1b80ac3e66e8a62f.js\\\",\\\"71106\\\",\\\"static/chunks/71106-b7535260a328d1a8.js\\\",\\\"3144\\\",\\\"static/chunks/3144-31c3de663d43a81f.js\\\",\\\"1734\\\",\\\"static/chunks/1734-d5af36f0b162a573.js\\\",\\\"45079\\\",\\\"static/chunks/45079-024b7107b15d4084.js\\\",\\\"5985\\\",\\\"static/chunks/5985-c1dc926d4d436766.js\\\",\\\"10756\\\",\\\"static/chunks/10756-daa34ab87965281e.js\\\",\\\"65088\\\",\\\"static/chunks/65088-8591857f52c4c13f.js\\\",\\\"6829\\\",\\\"static/chunks/6829-df03642e9cfbc8f4.js\\\",\\\"40331\\\",\\\"static/chunks/40331-459dbea7989a248e.js\\\",\\\"57028\\\",\\\"static/chunks/57028-3214d72e2a7c9de0.js\\\",\\\"28464\\\",\\\"static/chunks/28464-1f4a9b148a86c8af.js\\\",\\\"13557\\\",\\\"static/chunks/13557-d8c6f4320672188d.js\\\",\\\"57518\\\",\\\"static/chunks/57518-354d9d9eed155c41.js\\\",\\\"56873\\\",\\\"static/chunks/56873-2d1079b450e7f242.js\\\",\\\"80212\\\",\\\"static/chunks/80212-b72efa8ae64f19b5.js\\\",\\\"3556\\\",\\\"static/chunks/3556-d73559aa65408ef1.js\\\",\\\"5590\\\",\\\"static/chunks/5590-d9fabde5f7ff1a3e.js\\\",\\\"51822\\\",\\\"static/chunks/51822-78ff3a66cbc8c8da.js\\\",\\\"81729\\\",\\\"static/chunks/81729-516046754f560fe3.js\\\",\\\"97045\\\",\\\"static/chunks/97045-3066625d43510da3.js\\\",\\\"7177\\\",\\\"static/chunks/app/layout-e98b45b309fcb7a3.js\\\"],\\\"GlobalProvider\\\"]\\n\"])</script><script>self.__next_f.push([1,\"9:I[88593,[\\\"25170\\\",\\\"static/chunks/25170-0e6181b2ccbbb6c4.js\\\",\\\"3888\\\",\\\"static/chunks/3888-1b80ac3e66e8a62f.js\\\",\\\"71106\\\",\\\"static/chunks/71106-b7535260a328d1a8.js\\\",\\\"3144\\\",\\\"static/chunks/3144-31c3de663d43a81f.js\\\",\\\"1734\\\",\\\"static/chunks/1734-d5af36f0b162a573.js\\\",\\\"45079\\\",\\\"static/chunks/45079-024b7107b15d4084.js\\\",\\\"5985\\\",\\\"static/chunks/5985-c1dc926d4d436766.js\\\",\\\"10756\\\",\\\"static/chunks/10756-daa34ab87965281e.js\\\",\\\"65088\\\",\\\"static/chunks/65088-8591857f52c4c13f.js\\\",\\\"6829\\\",\\\"static/chunks/6829-df03642e9cfbc8f4.js\\\",\\\"40331\\\",\\\"static/chunks/40331-459dbea7989a248e.js\\\",\\\"57028\\\",\\\"static/chunks/57028-3214d72e2a7c9de0.js\\\",\\\"28464\\\",\\\"static/chunks/28464-1f4a9b148a86c8af.js\\\",\\\"13557\\\",\\\"static/chunks/13557-d8c6f4320672188d.js\\\",\\\"57518\\\",\\\"static/chunks/57518-354d9d9eed155c41.js\\\",\\\"56873\\\",\\\"static/chunks/56873-2d1079b450e7f242.js\\\",\\\"80212\\\",\\\"static/chunks/80212-b72efa8ae64f19b5.js\\\",\\\"3556\\\",\\\"static/chunks/3556-d73559aa65408ef1.js\\\",\\\"5590\\\",\\\"static/chunks/5590-d9fabde5f7ff1a3e.js\\\",\\\"51822\\\",\\\"static/chunks/51822-78ff3a66cbc8c8da.js\\\",\\\"81729\\\",\\\"static/chunks/81729-516046754f560fe3.js\\\",\\\"97045\\\",\\\"static/chunks/97045-3066625d43510da3.js\\\",\\\"7177\\\",\\\"static/chunks/app/layout-e98b45b309fcb7a3.js\\\"],\\\"ClerkAuthProvider\\\"]\\n\"])</script><script>self.__next_f.push([1,\"a:I[5737,[\\\"25170\\\",\\\"static/chunks/25170-0e6181b2ccbbb6c4.js\\\",\\\"3888\\\",\\\"static/chunks/3888-1b80ac3e66e8a62f.js\\\",\\\"71106\\\",\\\"static/chunks/71106-b7535260a328d1a8.js\\\",\\\"3144\\\",\\\"static/chunks/3144-31c3de663d43a81f.js\\\",\\\"1734\\\",\\\"static/chunks/1734-d5af36f0b162a573.js\\\",\\\"45079\\\",\\\"static/chunks/45079-024b7107b15d4084.js\\\",\\\"5985\\\",\\\"static/chunks/5985-c1dc926d4d436766.js\\\",\\\"10756\\\",\\\"static/chunks/10756-daa34ab87965281e.js\\\",\\\"65088\\\",\\\"static/chunks/65088-8591857f52c4c13f.js\\\",\\\"6829\\\",\\\"static/chunks/6829-df03642e9cfbc8f4.js\\\",\\\"40331\\\",\\\"static/chunks/40331-459dbea7989a248e.js\\\",\\\"57028\\\",\\\"static/chunks/57028-3214d72e2a7c9de0.js\\\",\\\"28464\\\",\\\"static/chunks/28464-1f4a9b148a86c8af.js\\\",\\\"13557\\\",\\\"static/chunks/13557-d8c6f4320672188d.js\\\",\\\"57518\\\",\\\"static/chunks/57518-354d9d9eed155c41.js\\\",\\\"56873\\\",\\\"static/chunks/56873-2d1079b450e7f242.js\\\",\\\"80212\\\",\\\"static/chunks/80212-b72efa8ae64f19b5.js\\\",\\\"3556\\\",\\\"static/chunks/3556-d73559aa65408ef1.js\\\",\\\"5590\\\",\\\"static/chunks/5590-d9fabde5f7ff1a3e.js\\\",\\\"51822\\\",\\\"static/chunks/51822-78ff3a66cbc8c8da.js\\\",\\\"81729\\\",\\\"static/chunks/81729-516046754f560fe3.js\\\",\\\"97045\\\",\\\"static/chunks/97045-3066625d43510da3.js\\\",\\\"7177\\\",\\\"static/chunks/app/layout-e98b45b309fcb7a3.js\\\"],\\\"PostHogAnalyticsProvider\\\"]\\n\"])</script><script>self.__next_f.push([1,\"b:I[5630,[\\\"25170\\\",\\\"static/chunks/25170-0e6181b2ccbbb6c4.js\\\",\\\"3888\\\",\\\"static/chunks/3888-1b80ac3e66e8a62f.js\\\",\\\"71106\\\",\\\"static/chunks/71106-b7535260a328d1a8.js\\\",\\\"3144\\\",\\\"static/chunks/3144-31c3de663d43a81f.js\\\",\\\"1734\\\",\\\"static/chunks/1734-d5af36f0b162a573.js\\\",\\\"45079\\\",\\\"static/chunks/45079-024b7107b15d4084.js\\\",\\\"5985\\\",\\\"static/chunks/5985-c1dc926d4d436766.js\\\",\\\"10756\\\",\\\"static/chunks/10756-daa34ab87965281e.js\\\",\\\"65088\\\",\\\"static/chunks/65088-8591857f52c4c13f.js\\\",\\\"6829\\\",\\\"static/chunks/6829-df03642e9cfbc8f4.js\\\",\\\"40331\\\",\\\"static/chunks/40331-459dbea7989a248e.js\\\",\\\"57028\\\",\\\"static/chunks/57028-3214d72e2a7c9de0.js\\\",\\\"28464\\\",\\\"static/chunks/28464-1f4a9b148a86c8af.js\\\",\\\"13557\\\",\\\"static/chunks/13557-d8c6f4320672188d.js\\\",\\\"57518\\\",\\\"static/chunks/57518-354d9d9eed155c41.js\\\",\\\"56873\\\",\\\"static/chunks/56873-2d1079b450e7f242.js\\\",\\\"80212\\\",\\\"static/chunks/80212-b72efa8ae64f19b5.js\\\",\\\"3556\\\",\\\"static/chunks/3556-d73559aa65408ef1.js\\\",\\\"5590\\\",\\\"static/chunks/5590-d9fabde5f7ff1a3e.js\\\",\\\"51822\\\",\\\"static/chunks/51822-78ff3a66cbc8c8da.js\\\",\\\"81729\\\",\\\"static/chunks/81729-516046754f560fe3.js\\\",\\\"97045\\\",\\\"static/chunks/97045-3066625d43510da3.js\\\",\\\"7177\\\",\\\"static/chunks/app/layout-e98b45b309fcb7a3.js\\\"],\\\"UserContextProvider\\\"]\\n\"])</script><script>self.__next_f.push([1,\"c:I[54911,[\\\"25170\\\",\\\"static/chunks/25170-0e6181b2ccbbb6c4.js\\\",\\\"3888\\\",\\\"static/chunks/3888-1b80ac3e66e8a62f.js\\\",\\\"71106\\\",\\\"static/chunks/71106-b7535260a328d1a8.js\\\",\\\"3144\\\",\\\"static/chunks/3144-31c3de663d43a81f.js\\\",\\\"1734\\\",\\\"static/chunks/1734-d5af36f0b162a573.js\\\",\\\"45079\\\",\\\"static/chunks/45079-024b7107b15d4084.js\\\",\\\"5985\\\",\\\"static/chunks/5985-c1dc926d4d436766.js\\\",\\\"10756\\\",\\\"static/chunks/10756-daa34ab87965281e.js\\\",\\\"65088\\\",\\\"static/chunks/65088-8591857f52c4c13f.js\\\",\\\"6829\\\",\\\"static/chunks/6829-df03642e9cfbc8f4.js\\\",\\\"40331\\\",\\\"static/chunks/40331-459dbea7989a248e.js\\\",\\\"57028\\\",\\\"static/chunks/57028-3214d72e2a7c9de0.js\\\",\\\"28464\\\",\\\"static/chunks/28464-1f4a9b148a86c8af.js\\\",\\\"13557\\\",\\\"static/chunks/13557-d8c6f4320672188d.js\\\",\\\"57518\\\",\\\"static/chunks/57518-354d9d9eed155c41.js\\\",\\\"56873\\\",\\\"static/chunks/56873-2d1079b450e7f242.js\\\",\\\"80212\\\",\\\"static/chunks/80212-b72efa8ae64f19b5.js\\\",\\\"3556\\\",\\\"static/chunks/3556-d73559aa65408ef1.js\\\",\\\"5590\\\",\\\"static/chunks/5590-d9fabde5f7ff1a3e.js\\\",\\\"51822\\\",\\\"static/chunks/51822-78ff3a66cbc8c8da.js\\\",\\\"81729\\\",\\\"static/chunks/81729-516046754f560fe3.js\\\",\\\"97045\\\",\\\"static/chunks/97045-3066625d43510da3.js\\\",\\\"7177\\\",\\\"static/chunks/app/layout-e98b45b309fcb7a3.js\\\"],\\\"NuqsAdapter\\\"]\\n\"])</script><script>self.__next_f.push([1,\"d:I[79025,[\\\"25170\\\",\\\"static/chunks/25170-0e6181b2ccbbb6c4.js\\\",\\\"3888\\\",\\\"static/chunks/3888-1b80ac3e66e8a62f.js\\\",\\\"71106\\\",\\\"static/chunks/71106-b7535260a328d1a8.js\\\",\\\"3144\\\",\\\"static/chunks/3144-31c3de663d43a81f.js\\\",\\\"1734\\\",\\\"static/chunks/1734-d5af36f0b162a573.js\\\",\\\"45079\\\",\\\"static/chunks/45079-024b7107b15d4084.js\\\",\\\"5985\\\",\\\"static/chunks/5985-c1dc926d4d436766.js\\\",\\\"10756\\\",\\\"static/chunks/10756-daa34ab87965281e.js\\\",\\\"65088\\\",\\\"static/chunks/65088-8591857f52c4c13f.js\\\",\\\"6829\\\",\\\"static/chunks/6829-df03642e9cfbc8f4.js\\\",\\\"40331\\\",\\\"static/chunks/40331-459dbea7989a248e.js\\\",\\\"57028\\\",\\\"static/chunks/57028-3214d72e2a7c9de0.js\\\",\\\"28464\\\",\\\"static/chunks/28464-1f4a9b148a86c8af.js\\\",\\\"13557\\\",\\\"static/chunks/13557-d8c6f4320672188d.js\\\",\\\"57518\\\",\\\"static/chunks/57518-354d9d9eed155c41.js\\\",\\\"56873\\\",\\\"static/chunks/56873-2d1079b450e7f242.js\\\",\\\"80212\\\",\\\"static/chunks/80212-b72efa8ae64f19b5.js\\\",\\\"3556\\\",\\\"static/chunks/3556-d73559aa65408ef1.js\\\",\\\"5590\\\",\\\"static/chunks/5590-d9fabde5f7ff1a3e.js\\\",\\\"51822\\\",\\\"static/chunks/51822-78ff3a66cbc8c8da.js\\\",\\\"81729\\\",\\\"static/chunks/81729-516046754f560fe3.js\\\",\\\"97045\\\",\\\"static/chunks/97045-3066625d43510da3.js\\\",\\\"7177\\\",\\\"static/chunks/app/layout-e98b45b309fcb7a3.js\\\"],\\\"TooltipProvider\\\"]\\n\"])</script><script>self.__next_f.push([1,\"e:\\\"$Sreact.suspense\\\"\\n\"])</script><script>self.__next_f.push([1,\"11:I[90776,[\\\"25170\\\",\\\"static/chunks/25170-0e6181b2ccbbb6c4.js\\\",\\\"3888\\\",\\\"static/chunks/3888-1b80ac3e66e8a62f.js\\\",\\\"71106\\\",\\\"static/chunks/71106-b7535260a328d1a8.js\\\",\\\"3144\\\",\\\"static/chunks/3144-31c3de663d43a81f.js\\\",\\\"1734\\\",\\\"static/chunks/1734-d5af36f0b162a573.js\\\",\\\"45079\\\",\\\"static/chunks/45079-024b7107b15d4084.js\\\",\\\"5985\\\",\\\"static/chunks/5985-c1dc926d4d436766.js\\\",\\\"10756\\\",\\\"static/chunks/10756-daa34ab87965281e.js\\\",\\\"65088\\\",\\\"static/chunks/65088-8591857f52c4c13f.js\\\",\\\"6829\\\",\\\"static/chunks/6829-df03642e9cfbc8f4.js\\\",\\\"40331\\\",\\\"static/chunks/40331-459dbea7989a248e.js\\\",\\\"57028\\\",\\\"static/chunks/57028-3214d72e2a7c9de0.js\\\",\\\"28464\\\",\\\"static/chunks/28464-1f4a9b148a86c8af.js\\\",\\\"13557\\\",\\\"static/chunks/13557-d8c6f4320672188d.js\\\",\\\"57518\\\",\\\"static/chunks/57518-354d9d9eed155c41.js\\\",\\\"56873\\\",\\\"static/chunks/56873-2d1079b450e7f242.js\\\",\\\"80212\\\",\\\"static/chunks/80212-b72efa8ae64f19b5.js\\\",\\\"3556\\\",\\\"static/chunks/3556-d73559aa65408ef1.js\\\",\\\"5590\\\",\\\"static/chunks/5590-d9fabde5f7ff1a3e.js\\\",\\\"51822\\\",\\\"static/chunks/51822-78ff3a66cbc8c8da.js\\\",\\\"81729\\\",\\\"static/chunks/81729-516046754f560fe3.js\\\",\\\"97045\\\",\\\"static/chunks/97045-3066625d43510da3.js\\\",\\\"7177\\\",\\\"static/chunks/app/layout-e98b45b309fcb7a3.js\\\"],\\\"default\\\"]\\n\"])</script><script>self.__next_f.push([1,\"12:I[69707,[\\\"25170\\\",\\\"static/chunks/25170-0e6181b2ccbbb6c4.js\\\",\\\"3888\\\",\\\"static/chunks/3888-1b80ac3e66e8a62f.js\\\",\\\"71106\\\",\\\"static/chunks/71106-b7535260a328d1a8.js\\\",\\\"3144\\\",\\\"static/chunks/3144-31c3de663d43a81f.js\\\",\\\"1734\\\",\\\"static/chunks/1734-d5af36f0b162a573.js\\\",\\\"45079\\\",\\\"static/chunks/45079-024b7107b15d4084.js\\\",\\\"5985\\\",\\\"static/chunks/5985-c1dc926d4d436766.js\\\",\\\"10756\\\",\\\"static/chunks/10756-daa34ab87965281e.js\\\",\\\"65088\\\",\\\"static/chunks/65088-8591857f52c4c13f.js\\\",\\\"6829\\\",\\\"static/chunks/6829-df03642e9cfbc8f4.js\\\",\\\"40331\\\",\\\"static/chunks/40331-459dbea7989a248e.js\\\",\\\"57028\\\",\\\"static/chunks/57028-3214d72e2a7c9de0.js\\\",\\\"28464\\\",\\\"static/chunks/28464-1f4a9b148a86c8af.js\\\",\\\"13557\\\",\\\"static/chunks/13557-d8c6f4320672188d.js\\\",\\\"57518\\\",\\\"static/chunks/57518-354d9d9eed155c41.js\\\",\\\"56873\\\",\\\"static/chunks/56873-2d1079b450e7f242.js\\\",\\\"80212\\\",\\\"static/chunks/80212-b72efa8ae64f19b5.js\\\",\\\"3556\\\",\\\"static/chunks/3556-d73559aa65408ef1.js\\\",\\\"5590\\\",\\\"static/chunks/5590-d9fabde5f7ff1a3e.js\\\",\\\"51822\\\",\\\"static/chunks/51822-78ff3a66cbc8c8da.js\\\",\\\"81729\\\",\\\"static/chunks/81729-516046754f560fe3.js\\\",\\\"97045\\\",\\\"static/chunks/97045-3066625d43510da3.js\\\",\\\"7177\\\",\\\"static/chunks/app/layout-e98b45b309fcb7a3.js\\\"],\\\"OnboardingModal\\\"]\\n\"])</script><script>self.__next_f.push([1,\"13:I[36233,[\\\"25170\\\",\\\"static/chunks/25170-0e6181b2ccbbb6c4.js\\\",\\\"3888\\\",\\\"static/chunks/3888-1b80ac3e66e8a62f.js\\\",\\\"71106\\\",\\\"static/chunks/71106-b7535260a328d1a8.js\\\",\\\"3144\\\",\\\"static/chunks/3144-31c3de663d43a81f.js\\\",\\\"1734\\\",\\\"static/chunks/1734-d5af36f0b162a573.js\\\",\\\"45079\\\",\\\"static/chunks/45079-024b7107b15d4084.js\\\",\\\"5985\\\",\\\"static/chunks/5985-c1dc926d4d436766.js\\\",\\\"10756\\\",\\\"static/chunks/10756-daa34ab87965281e.js\\\",\\\"65088\\\",\\\"static/chunks/65088-8591857f52c4c13f.js\\\",\\\"6829\\\",\\\"static/chunks/6829-df03642e9cfbc8f4.js\\\",\\\"40331\\\",\\\"static/chunks/40331-459dbea7989a248e.js\\\",\\\"57028\\\",\\\"static/chunks/57028-3214d72e2a7c9de0.js\\\",\\\"28464\\\",\\\"static/chunks/28464-1f4a9b148a86c8af.js\\\",\\\"13557\\\",\\\"static/chunks/13557-d8c6f4320672188d.js\\\",\\\"57518\\\",\\\"static/chunks/57518-354d9d9eed155c41.js\\\",\\\"56873\\\",\\\"static/chunks/56873-2d1079b450e7f242.js\\\",\\\"80212\\\",\\\"static/chunks/80212-b72efa8ae64f19b5.js\\\",\\\"3556\\\",\\\"static/chunks/3556-d73559aa65408ef1.js\\\",\\\"5590\\\",\\\"static/chunks/5590-d9fabde5f7ff1a3e.js\\\",\\\"51822\\\",\\\"static/chunks/51822-78ff3a66cbc8c8da.js\\\",\\\"81729\\\",\\\"static/chunks/81729-516046754f560fe3.js\\\",\\\"97045\\\",\\\"static/chunks/97045-3066625d43510da3.js\\\",\\\"7177\\\",\\\"static/chunks/app/layout-e98b45b309fcb7a3.js\\\"],\\\"PageConfetti\\\"]\\n\"])</script><script>self.__next_f.push([1,\"14:I[7755,[],\\\"\\\"]\\n15:I[48919,[],\\\"\\\"]\\n16:I[13157,[\\\"25170\\\",\\\"static/chunks/25170-0e6181b2ccbbb6c4.js\\\",\\\"3888\\\",\\\"static/chunks/3888-1b80ac3e66e8a62f.js\\\",\\\"71106\\\",\\\"static/chunks/71106-b7535260a328d1a8.js\\\",\\\"3144\\\",\\\"static/chunks/3144-31c3de663d43a81f.js\\\",\\\"1734\\\",\\\"static/chunks/1734-d5af36f0b162a573.js\\\",\\\"45079\\\",\\\"static/chunks/45079-024b7107b15d4084.js\\\",\\\"6829\\\",\\\"static/chunks/6829-df03642e9cfbc8f4.js\\\",\\\"28151\\\",\\\"static/chunks/28151-9b975e06dd078d6b.js\\\",\\\"98761\\\",\\\"static/chunks/98761-1f1e4035f9cea0b6.js\\\",\\\"24345\\\",\\\"static/chunks/app/not-found-f7bb3c9b82a096e3.js\\\"],\\\"Separator\\\"]\\n17:I[66414,[\\\"25170\\\",\\\"static/chunks/25170-0e6181b2ccbbb6c4.js\\\",\\\"3888\\\",\\\"static/chunks/3888-1b80ac3e66e8a62f.js\\\",\\\"71106\\\",\\\"static/chunks/71106-b7535260a328d1a8.js\\\",\\\"40331\\\",\\\"static/chunks/40331-459dbea7989a248e.js\\\",\\\"32584\\\",\\\"static/chunks/32584-2052ed6c9ce94184.js\\\",\\\"5630\\\",\\\"static/chunks/5630-2ea83c9c3d616ebc.js\\\",\\\"32304\\\",\\\"static/chunks/32304-a9fecde38fba538e.js\\\",\\\"83318\\\",\\\"static/chunks/app/(user)/layout-3c15428b358026f7.js\\\"],\\\"Link\\\"]\\n18:I[98761,[\\\"25170\\\",\\\"static/chunks/25170-0e6181b2ccbbb6c4.js\\\",\\\"3888\\\",\\\"static/chunks/3888-1b80ac3e66e8a62f.js\\\",\\\"71106\\\",\\\"static/chunks/71106-b7535260a328d1a8.js\\\",\\\"3144\\\",\\\"static/chunks/3144-31c3de663d43a81f.js\\\",\\\"1734\\\",\\\"static/chunks/1734-d5af36f0b162a573.js\\\",\\\"45079\\\",\\\"static/chunks/45079-024b7107b15d4084.js\\\",\\\"6829\\\",\\\"static/chunks/6829-df03642e9cfbc8f4.js\\\",\\\"28151\\\",\\\"static/chunks/28151-9b975e06dd078d6b.js\\\",\\\"98761\\\",\\\"static/chunks/98761-1f1e4035f9cea0b6.js\\\",\\\"71957\\\",\\\"static/chunks/app/(static)/layout-007d563104356e66.js\\\"],\\\"Footer\\\"]\\n\"])</script><script>self.__next_f.push([1,\"19:I[88807,[\\\"25170\\\",\\\"static/chunks/25170-0e6181b2ccbbb6c4.js\\\",\\\"3888\\\",\\\"static/chunks/3888-1b80ac3e66e8a62f.js\\\",\\\"71106\\\",\\\"static/chunks/71106-b7535260a328d1a8.js\\\",\\\"3144\\\",\\\"static/chunks/3144-31c3de663d43a81f.js\\\",\\\"1734\\\",\\\"static/chunks/1734-d5af36f0b162a573.js\\\",\\\"45079\\\",\\\"static/chunks/45079-024b7107b15d4084.js\\\",\\\"5985\\\",\\\"static/chunks/5985-c1dc926d4d436766.js\\\",\\\"10756\\\",\\\"static/chunks/10756-daa34ab87965281e.js\\\",\\\"65088\\\",\\\"static/chunks/65088-8591857f52c4c13f.js\\\",\\\"6829\\\",\\\"static/chunks/6829-df03642e9cfbc8f4.js\\\",\\\"40331\\\",\\\"static/chunks/40331-459dbea7989a248e.js\\\",\\\"57028\\\",\\\"static/chunks/57028-3214d72e2a7c9de0.js\\\",\\\"28464\\\",\\\"static/chunks/28464-1f4a9b148a86c8af.js\\\",\\\"13557\\\",\\\"static/chunks/13557-d8c6f4320672188d.js\\\",\\\"57518\\\",\\\"static/chunks/57518-354d9d9eed155c41.js\\\",\\\"56873\\\",\\\"static/chunks/56873-2d1079b450e7f242.js\\\",\\\"80212\\\",\\\"static/chunks/80212-b72efa8ae64f19b5.js\\\",\\\"3556\\\",\\\"static/chunks/3556-d73559aa65408ef1.js\\\",\\\"5590\\\",\\\"static/chunks/5590-d9fabde5f7ff1a3e.js\\\",\\\"51822\\\",\\\"static/chunks/51822-78ff3a66cbc8c8da.js\\\",\\\"81729\\\",\\\"static/chunks/81729-516046754f560fe3.js\\\",\\\"97045\\\",\\\"static/chunks/97045-3066625d43510da3.js\\\",\\\"7177\\\",\\\"static/chunks/app/layout-e98b45b309fcb7a3.js\\\"],\\\"Toaster\\\"]\\n\"])</script><script>self.__next_f.push([1,\"1a:I[5115,[\\\"25170\\\",\\\"static/chunks/25170-0e6181b2ccbbb6c4.js\\\",\\\"3888\\\",\\\"static/chunks/3888-1b80ac3e66e8a62f.js\\\",\\\"71106\\\",\\\"static/chunks/71106-b7535260a328d1a8.js\\\",\\\"3144\\\",\\\"static/chunks/3144-31c3de663d43a81f.js\\\",\\\"1734\\\",\\\"static/chunks/1734-d5af36f0b162a573.js\\\",\\\"45079\\\",\\\"static/chunks/45079-024b7107b15d4084.js\\\",\\\"5985\\\",\\\"static/chunks/5985-c1dc926d4d436766.js\\\",\\\"10756\\\",\\\"static/chunks/10756-daa34ab87965281e.js\\\",\\\"65088\\\",\\\"static/chunks/65088-8591857f52c4c13f.js\\\",\\\"6829\\\",\\\"static/chunks/6829-df03642e9cfbc8f4.js\\\",\\\"40331\\\",\\\"static/chunks/40331-459dbea7989a248e.js\\\",\\\"57028\\\",\\\"static/chunks/57028-3214d72e2a7c9de0.js\\\",\\\"28464\\\",\\\"static/chunks/28464-1f4a9b148a86c8af.js\\\",\\\"13557\\\",\\\"static/chunks/13557-d8c6f4320672188d.js\\\",\\\"57518\\\",\\\"static/chunks/57518-354d9d9eed155c41.js\\\",\\\"56873\\\",\\\"static/chunks/56873-2d1079b450e7f242.js\\\",\\\"80212\\\",\\\"static/chunks/80212-b72efa8ae64f19b5.js\\\",\\\"3556\\\",\\\"static/chunks/3556-d73559aa65408ef1.js\\\",\\\"5590\\\",\\\"static/chunks/5590-d9fabde5f7ff1a3e.js\\\",\\\"51822\\\",\\\"static/chunks/51822-78ff3a66cbc8c8da.js\\\",\\\"81729\\\",\\\"static/chunks/81729-516046754f560fe3.js\\\",\\\"97045\\\",\\\"static/chunks/97045-3066625d43510da3.js\\\",\\\"7177\\\",\\\"static/chunks/app/layout-e98b45b309fcb7a3.js\\\"],\\\"CookieConsent\\\"]\\n\"])</script><script>self.__next_f.push([1,\"1f:I[98274,[\\\"3556\\\",\\\"static/chunks/3556-d73559aa65408ef1.js\\\",\\\"34219\\\",\\\"static/chunks/app/global-error-f927dfe9743bca16.js\\\"],\\\"default\\\"]\\n20:I[34594,[],\\\"OutletBoundary\\\"]\\n23:I[34594,[],\\\"ViewportBoundary\\\"]\\n25:I[34594,[],\\\"MetadataBoundary\\\"]\\n\"])</script><script>self.__next_f.push([1,\"27:I[43118,[\\\"25170\\\",\\\"static/chunks/25170-0e6181b2ccbbb6c4.js\\\",\\\"3888\\\",\\\"static/chunks/3888-1b80ac3e66e8a62f.js\\\",\\\"71106\\\",\\\"static/chunks/71106-b7535260a328d1a8.js\\\",\\\"3144\\\",\\\"static/chunks/3144-31c3de663d43a81f.js\\\",\\\"1734\\\",\\\"static/chunks/1734-d5af36f0b162a573.js\\\",\\\"45079\\\",\\\"static/chunks/45079-024b7107b15d4084.js\\\",\\\"5985\\\",\\\"static/chunks/5985-c1dc926d4d436766.js\\\",\\\"10756\\\",\\\"static/chunks/10756-daa34ab87965281e.js\\\",\\\"65088\\\",\\\"static/chunks/65088-8591857f52c4c13f.js\\\",\\\"6829\\\",\\\"static/chunks/6829-df03642e9cfbc8f4.js\\\",\\\"40331\\\",\\\"static/chunks/40331-459dbea7989a248e.js\\\",\\\"57028\\\",\\\"static/chunks/57028-3214d72e2a7c9de0.js\\\",\\\"28464\\\",\\\"static/chunks/28464-1f4a9b148a86c8af.js\\\",\\\"13557\\\",\\\"static/chunks/13557-d8c6f4320672188d.js\\\",\\\"57518\\\",\\\"static/chunks/57518-354d9d9eed155c41.js\\\",\\\"56873\\\",\\\"static/chunks/56873-2d1079b450e7f242.js\\\",\\\"80212\\\",\\\"static/chunks/80212-b72efa8ae64f19b5.js\\\",\\\"3556\\\",\\\"static/chunks/3556-d73559aa65408ef1.js\\\",\\\"5590\\\",\\\"static/chunks/5590-d9fabde5f7ff1a3e.js\\\",\\\"51822\\\",\\\"static/chunks/51822-78ff3a66cbc8c8da.js\\\",\\\"81729\\\",\\\"static/chunks/81729-516046754f560fe3.js\\\",\\\"97045\\\",\\\"static/chunks/97045-3066625d43510da3.js\\\",\\\"7177\\\",\\\"static/chunks/app/layout-e98b45b309fcb7a3.js\\\"],\\\"NavLink\\\"]\\n\"])</script><script>self.__next_f.push([1,\"28:I[89750,[\\\"25170\\\",\\\"static/chunks/25170-0e6181b2ccbbb6c4.js\\\",\\\"3888\\\",\\\"static/chunks/3888-1b80ac3e66e8a62f.js\\\",\\\"71106\\\",\\\"static/chunks/71106-b7535260a328d1a8.js\\\",\\\"3144\\\",\\\"static/chunks/3144-31c3de663d43a81f.js\\\",\\\"1734\\\",\\\"static/chunks/1734-d5af36f0b162a573.js\\\",\\\"45079\\\",\\\"static/chunks/45079-024b7107b15d4084.js\\\",\\\"5985\\\",\\\"static/chunks/5985-c1dc926d4d436766.js\\\",\\\"10756\\\",\\\"static/chunks/10756-daa34ab87965281e.js\\\",\\\"65088\\\",\\\"static/chunks/65088-8591857f52c4c13f.js\\\",\\\"6829\\\",\\\"static/chunks/6829-df03642e9cfbc8f4.js\\\",\\\"40331\\\",\\\"static/chunks/40331-459dbea7989a248e.js\\\",\\\"57028\\\",\\\"static/chunks/57028-3214d72e2a7c9de0.js\\\",\\\"28464\\\",\\\"static/chunks/28464-1f4a9b148a86c8af.js\\\",\\\"13557\\\",\\\"static/chunks/13557-d8c6f4320672188d.js\\\",\\\"57518\\\",\\\"static/chunks/57518-354d9d9eed155c41.js\\\",\\\"56873\\\",\\\"static/chunks/56873-2d1079b450e7f242.js\\\",\\\"80212\\\",\\\"static/chunks/80212-b72efa8ae64f19b5.js\\\",\\\"3556\\\",\\\"static/chunks/3556-d73559aa65408ef1.js\\\",\\\"5590\\\",\\\"static/chunks/5590-d9fabde5f7ff1a3e.js\\\",\\\"51822\\\",\\\"static/chunks/51822-78ff3a66cbc8c8da.js\\\",\\\"81729\\\",\\\"static/chunks/81729-516046754f560fe3.js\\\",\\\"97045\\\",\\\"static/chunks/97045-3066625d43510da3.js\\\",\\\"7177\\\",\\\"static/chunks/app/layout-e98b45b309fcb7a3.js\\\"],\\\"Navbar\\\"]\\n\"])</script><script>self.__next_f.push([1,\"29:I[49255,[],\\\"IconMark\\\"]\\n:HL[\\\"/_next/static/media/5b01f339abf2f1a5.p.woff2\\\",\\\"font\\\",{\\\"crossOrigin\\\":\\\"\\\",\\\"type\\\":\\\"font/woff2\\\"}]\\n:HL[\\\"/_next/static/media/e4af272ccee01ff0-s.p.woff2\\\",\\\"font\\\",{\\\"crossOrigin\\\":\\\"\\\",\\\"type\\\":\\\"font/woff2\\\"}]\\n:HL[\\\"/_next/static/css/cda3af16020f96ba.css\\\",\\\"style\\\"]\\n:HL[\\\"/_next/static/css/23565049b3597e0b.css\\\",\\\"style\\\"]\\n:HL[\\\"/_next/static/css/7f803c4ba0b62a29.css\\\",\\\"style\\\"]\\n\"])</script><script>self.__next_f.push([1,\"0:{\\\"P\\\":null,\\\"b\\\":\\\"033yALtZb2bus48NIwP0A\\\",\\\"p\\\":\\\"\\\",\\\"c\\\":[\\\"\\\",\\\"api\\\",\\\"v1\\\",\\\"v1\\\",\\\"messages\\\"],\\\"i\\\":false,\\\"f\\\":[[[\\\"\\\",{\\\"children\\\":[\\\"/_not-found\\\",{\\\"children\\\":[\\\"__PAGE__\\\",{}]}]},\\\"$undefined\\\",\\\"$undefined\\\",true],[\\\"\\\",[\\\"$\\\",\\\"$1\\\",\\\"c\\\",{\\\"children\\\":[[[\\\"$\\\",\\\"link\\\",\\\"0\\\",{\\\"rel\\\":\\\"stylesheet\\\",\\\"href\\\":\\\"/_next/static/css/cda3af16020f96ba.css\\\",\\\"precedence\\\":\\\"next\\\",\\\"crossOrigin\\\":\\\"$undefined\\\",\\\"nonce\\\":\\\"$undefined\\\"}],[\\\"$\\\",\\\"link\\\",\\\"1\\\",{\\\"rel\\\":\\\"stylesheet\\\",\\\"href\\\":\\\"/_next/static/css/23565049b3597e0b.css\\\",\\\"precedence\\\":\\\"next\\\",\\\"crossOrigin\\\":\\\"$undefined\\\",\\\"nonce\\\":\\\"$undefined\\\"}],[\\\"$\\\",\\\"link\\\",\\\"2\\\",{\\\"rel\\\":\\\"stylesheet\\\",\\\"href\\\":\\\"/_next/static/css/7f803c4ba0b62a29.css\\\",\\\"precedence\\\":\\\"next\\\",\\\"crossOrigin\\\":\\\"$undefined\\\",\\\"nonce\\\":\\\"$undefined\\\"}]],[\\\"$\\\",\\\"html\\\",null,{\\\"lang\\\":\\\"en\\\",\\\"suppressHydrationWarning\\\":true,\\\"children\\\":[\\\"$\\\",\\\"body\\\",null,{\\\"className\\\":\\\"__variable_f367f3 __variable_f910ec font-sans\\\",\\\"children\\\":[[\\\"$\\\",\\\"$L2\\\",null,{}],[\\\"$\\\",\\\"$L3\\\",null,{}],[\\\"$\\\",\\\"$L4\\\",null,{}],[\\\"$\\\",\\\"$L5\\\",null,{\\\"attribute\\\":\\\"class\\\",\\\"defaultTheme\\\":\\\"light\\\",\\\"disableTransitionOnChange\\\":true,\\\"children\\\":[\\\"$\\\",\\\"$L6\\\",null,{\\\"children\\\":[\\\"$\\\",\\\"$L7\\\",null,{\\\"children\\\":[\\\"$\\\",\\\"$L8\\\",null,{\\\"children\\\":[\\\"$\\\",\\\"$L9\\\",null,{\\\"children\\\":[\\\"$\\\",\\\"$La\\\",null,{\\\"children\\\":[\\\"$\\\",\\\"$Lb\\\",null,{\\\"children\\\":[\\\"$\\\",\\\"$Lc\\\",null,{\\\"children\\\":[\\\"$\\\",\\\"$Ld\\\",null,{\\\"children\\\":[[\\\"$\\\",\\\"main\\\",null,{\\\"className\\\":\\\"tabular-nums\\\",\\\"children\\\":[[\\\"$\\\",\\\"$e\\\",null,{\\\"fallback\\\":\\\"$Lf\\\",\\\"children\\\":\\\"$L10\\\"}],[\\\"$\\\",\\\"$e\\\",null,{\\\"children\\\":[[\\\"$\\\",\\\"$L11\\\",null,{}],[\\\"$\\\",\\\"$L12\\\",null,{}],[\\\"$\\\",\\\"$L13\\\",null,{}]]}],[\\\"$\\\",\\\"$L14\\\",null,{\\\"parallelRouterKey\\\":\\\"children\\\",\\\"error\\\":\\\"$undefined\\\",\\\"errorStyles\\\":\\\"$undefined\\\",\\\"errorScripts\\\":\\\"$undefined\\\",\\\"template\\\":[\\\"$\\\",\\\"$L15\\\",null,{}],\\\"templateStyles\\\":\\\"$undefined\\\",\\\"templateScripts\\\":\\\"$undefined\\\",\\\"notFound\\\":[[\\\"$\\\",\\\"div\\\",null,{\\\"className\\\":\\\"flex flex-col items-center justify-center bg-background text-foreground\\\",\\\"children\\\":[[\\\"$\\\",\\\"div\\\",null,{\\\"className\\\":\\\"relative z-0 transition-all border-border/50 md:border-r h-[calc(100dvh-4rem)] md:h-[calc(100dvh-5.25rem)] main-content-container items-center justify-center flex flex-col gap-4\\\",\\\"ref\\\":\\\"$undefined\\\",\\\"children\\\":[[\\\"$\\\",\\\"h2\\\",null,{\\\"className\\\":\\\"flex w-96 items-center justify-between gap-2\\\",\\\"children\\\":[[\\\"$\\\",\\\"$L16\\\",null,{\\\"className\\\":\\\"flex-1 bg-gradient-to-r from-background via-background to-border\\\"}],[\\\"$\\\",\\\"span\\\",null,{\\\"children\\\":\\\"404: Not Found\\\"}],[\\\"$\\\",\\\"$L16\\\",null,{\\\"className\\\":\\\"flex-1 bg-gradient-to-l from-background via-background to-border\\\"}]]}],[\\\"$\\\",\\\"div\\\",null,{\\\"className\\\":\\\"flex flex-col gap-8 md:flex-row\\\",\\\"children\\\":[[\\\"$\\\",\\\"$L17\\\",null,{\\\"href\\\":\\\"/\\\",\\\"className\\\":\\\"self-start\\\",\\\"children\\\":[\\\"$\\\",\\\"button\\\",null,{\\\"className\\\":\\\"items-center justify-center whitespace-nowrap font-medium transition-colors focus-visible:outline-none disabled:pointer-events-none disabled:opacity-50 focus-visible:ring-1 focus-visible:ring-ring bg-secondary text-secondary-foreground shadow-sm hover:bg-secondary/80 hover:text-secondary-foreground h-8 rounded-md px-3 text-xs group flex gap-2\\\",\\\"ref\\\":\\\"$undefined\\\",\\\"disabled\\\":\\\"$undefined\\\",\\\"children\\\":[[\\\"$\\\",\\\"svg\\\",null,{\\\"xmlns\\\":\\\"http://www.w3.org/2000/svg\\\",\\\"fill\\\":\\\"none\\\",\\\"viewBox\\\":\\\"0 0 24 24\\\",\\\"strokeWidth\\\":1.5,\\\"stroke\\\":\\\"currentColor\\\",\\\"aria-hidden\\\":\\\"true\\\",\\\"data-slot\\\":\\\"icon\\\",\\\"ref\\\":\\\"$undefined\\\",\\\"aria-labelledby\\\":\\\"$undefined\\\",\\\"className\\\":\\\"size-4 transition-transform group-hover:-translate-x-1\\\",\\\"children\\\":[null,[\\\"$\\\",\\\"path\\\",null,{\\\"strokeLinecap\\\":\\\"round\\\",\\\"strokeLinejoin\\\":\\\"round\\\",\\\"d\\\":\\\"M10.5 19.5 3 12m0 0 7.5-7.5M3 12h18\\\"}]]}],\\\"Go Home\\\"]}]}],[\\\"$\\\",\\\"$L17\\\",null,{\\\"href\\\":\\\"/models\\\",\\\"className\\\":\\\"self-end\\\",\\\"children\\\":[\\\"$\\\",\\\"button\\\",null,{\\\"className\\\":\\\"items-center justify-center whitespace-nowrap font-medium transition-colors focus-visible:outline-none disabled:pointer-events-none disabled:opacity-50 focus-visible:ring-1 focus-visible:ring-ring bg-secondary text-secondary-foreground shadow-sm hover:bg-secondary/80 hover:text-secondary-foreground h-8 rounded-md px-3 text-xs group flex gap-2\\\",\\\"ref\\\":\\\"$undefined\\\",\\\"disabled\\\":\\\"$undefined\\\",\\\"children\\\":[\\\"Browse Models\\\",[\\\"$\\\",\\\"svg\\\",null,{\\\"xmlns\\\":\\\"http://www.w3.org/2000/svg\\\",\\\"fill\\\":\\\"none\\\",\\\"viewBox\\\":\\\"0 0 24 24\\\",\\\"strokeWidth\\\":1.5,\\\"stroke\\\":\\\"currentColor\\\",\\\"aria-hidden\\\":\\\"true\\\",\\\"data-slot\\\":\\\"icon\\\",\\\"ref\\\":\\\"$undefined\\\",\\\"aria-labelledby\\\":\\\"$undefined\\\",\\\"className\\\":\\\"size-4 transition-transform group-hover:translate-x-1\\\",\\\"children\\\":[null,[\\\"$\\\",\\\"path\\\",null,{\\\"strokeLinecap\\\":\\\"round\\\",\\\"strokeLinejoin\\\":\\\"round\\\",\\\"d\\\":\\\"M13.5 4.5 21 12m0 0-7.5 7.5M21 12H3\\\"}]]}]]}]}]]}]]}],[\\\"$\\\",\\\"$L18\\\",null,{}]]}],[]],\\\"forbidden\\\":\\\"$undefined\\\",\\\"unauthorized\\\":\\\"$undefined\\\"}]]}],[\\\"$\\\",\\\"div\\\",null,{\\\"id\\\":\\\"portal-container\\\"}],[\\\"$\\\",\\\"$L19\\\",null,{}],[\\\"$\\\",\\\"$L1a\\\",null,{}]]}]}]}]}]}]}]}]}]}]]}]}]]}],{\\\"children\\\":[\\\"/_not-found\\\",[\\\"$\\\",\\\"$1\\\",\\\"c\\\",{\\\"children\\\":[null,[\\\"$\\\",\\\"$L14\\\",null,{\\\"parallelRouterKey\\\":\\\"children\\\",\\\"error\\\":\\\"$undefined\\\",\\\"errorStyles\\\":\\\"$undefined\\\",\\\"errorScripts\\\":\\\"$undefined\\\",\\\"template\\\":[\\\"$\\\",\\\"$L15\\\",null,{}],\\\"templateStyles\\\":\\\"$undefined\\\",\\\"templateScripts\\\":\\\"$undefined\\\",\\\"notFound\\\":\\\"$undefined\\\",\\\"forbidden\\\":\\\"$undefined\\\",\\\"unauthorized\\\":\\\"$undefined\\\"}]]}],{\\\"children\\\":[\\\"__PAGE__\\\",[\\\"$\\\",\\\"$1\\\",\\\"c\\\",{\\\"children\\\":[\\\"$L1b\\\",null,\\\"$L1c\\\"]}],{},null,false]},null,false]},[\\\"$L1d\\\",[],[]],false],\\\"$L1e\\\",false]],\\\"m\\\":\\\"$undefined\\\",\\\"G\\\":[\\\"$1f\\\",[]],\\\"s\\\":false,\\\"S\\\":false}\\n\"])</script><script>self.__next_f.push([1,\"1b:[\\\"$\\\",\\\"div\\\",null,{\\\"className\\\":\\\"flex flex-col items-center justify-center bg-background text-foreground\\\",\\\"children\\\":[[\\\"$\\\",\\\"div\\\",null,{\\\"className\\\":\\\"relative z-0 transition-all border-border/50 md:border-r h-[calc(100dvh-4rem)] md:h-[calc(100dvh-5.25rem)] main-content-container items-center justify-center flex flex-col gap-4\\\",\\\"ref\\\":\\\"$undefined\\\",\\\"children\\\":[[\\\"$\\\",\\\"h2\\\",null,{\\\"className\\\":\\\"flex w-96 items-center justify-between gap-2\\\",\\\"children\\\":[[\\\"$\\\",\\\"$L16\\\",null,{\\\"className\\\":\\\"flex-1 bg-gradient-to-r from-background via-background to-border\\\"}],[\\\"$\\\",\\\"span\\\",null,{\\\"children\\\":\\\"404: Not Found\\\"}],[\\\"$\\\",\\\"$L16\\\",null,{\\\"className\\\":\\\"flex-1 bg-gradient-to-l from-background via-background to-border\\\"}]]}],[\\\"$\\\",\\\"div\\\",null,{\\\"className\\\":\\\"flex flex-col gap-8 md:flex-row\\\",\\\"children\\\":[[\\\"$\\\",\\\"$L17\\\",null,{\\\"href\\\":\\\"/\\\",\\\"className\\\":\\\"self-start\\\",\\\"children\\\":[\\\"$\\\",\\\"button\\\",null,{\\\"className\\\":\\\"items-center justify-center whitespace-nowrap font-medium transition-colors focus-visible:outline-none disabled:pointer-events-none disabled:opacity-50 focus-visible:ring-1 focus-visible:ring-ring bg-secondary text-secondary-foreground shadow-sm hover:bg-secondary/80 hover:text-secondary-foreground h-8 rounded-md px-3 text-xs group flex gap-2\\\",\\\"ref\\\":\\\"$undefined\\\",\\\"disabled\\\":\\\"$undefined\\\",\\\"children\\\":[[\\\"$\\\",\\\"svg\\\",null,{\\\"xmlns\\\":\\\"http://www.w3.org/2000/svg\\\",\\\"fill\\\":\\\"none\\\",\\\"viewBox\\\":\\\"0 0 24 24\\\",\\\"strokeWidth\\\":1.5,\\\"stroke\\\":\\\"currentColor\\\",\\\"aria-hidden\\\":\\\"true\\\",\\\"data-slot\\\":\\\"icon\\\",\\\"ref\\\":\\\"$undefined\\\",\\\"aria-labelledby\\\":\\\"$undefined\\\",\\\"className\\\":\\\"size-4 transition-transform group-hover:-translate-x-1\\\",\\\"children\\\":[null,[\\\"$\\\",\\\"path\\\",null,{\\\"strokeLinecap\\\":\\\"round\\\",\\\"strokeLinejoin\\\":\\\"round\\\",\\\"d\\\":\\\"M10.5 19.5 3 12m0 0 7.5-7.5M3 12h18\\\"}]]}],\\\"Go Home\\\"]}]}],[\\\"$\\\",\\\"$L17\\\",null,{\\\"href\\\":\\\"/models\\\",\\\"className\\\":\\\"self-end\\\",\\\"children\\\":[\\\"$\\\",\\\"button\\\",null,{\\\"className\\\":\\\"items-center justify-center whitespace-nowrap font-medium transition-colors focus-visible:outline-none disabled:pointer-events-none disabled:opacity-50 focus-visible:ring-1 focus-visible:ring-ring bg-secondary text-secondary-foreground shadow-sm hover:bg-secondary/80 hover:text-secondary-foreground h-8 rounded-md px-3 text-xs group flex gap-2\\\",\\\"ref\\\":\\\"$undefined\\\",\\\"disabled\\\":\\\"$undefined\\\",\\\"children\\\":[\\\"Browse Models\\\",[\\\"$\\\",\\\"svg\\\",null,{\\\"xmlns\\\":\\\"http://www.w3.org/2000/svg\\\",\\\"fill\\\":\\\"none\\\",\\\"viewBox\\\":\\\"0 0 24 24\\\",\\\"strokeWidth\\\":1.5,\\\"stroke\\\":\\\"currentColor\\\",\\\"aria-hidden\\\":\\\"true\\\",\\\"data-slot\\\":\\\"icon\\\",\\\"ref\\\":\\\"$undefined\\\",\\\"aria-labelledby\\\":\\\"$undefined\\\",\\\"className\\\":\\\"size-4 transition-transform group-hover:translate-x-1\\\",\\\"children\\\":[null,[\\\"$\\\",\\\"path\\\",null,{\\\"strokeLinecap\\\":\\\"round\\\",\\\"strokeLinejoin\\\":\\\"round\\\",\\\"d\\\":\\\"M13.5 4.5 21 12m0 0-7.5 7.5M21 12H3\\\"}]]}]]}]}]]}]]}],[\\\"$\\\",\\\"$L18\\\",null,{}]]}]\\n\"])</script><script>self.__next_f.push([1,\"1c:[\\\"$\\\",\\\"$L20\\\",null,{\\\"children\\\":[\\\"$L21\\\",\\\"$L22\\\"]}]\\n1d:[\\\"$\\\",\\\"div\\\",\\\"l\\\",{\\\"className\\\":\\\"flex flex-col items-center min-h-[calc(100vh-80px)] w-full md:min-h-screen\\\"}]\\n1e:[\\\"$\\\",\\\"$1\\\",\\\"h\\\",{\\\"children\\\":[[\\\"$\\\",\\\"meta\\\",null,{\\\"name\\\":\\\"robots\\\",\\\"content\\\":\\\"noindex\\\"}],[[\\\"$\\\",\\\"$L23\\\",null,{\\\"children\\\":\\\"$L24\\\"}],[\\\"$\\\",\\\"meta\\\",null,{\\\"name\\\":\\\"next-size-adjust\\\",\\\"content\\\":\\\"\\\"}]],[\\\"$\\\",\\\"$L25\\\",null,{\\\"children\\\":\\\"$L26\\\"}]]}]\\n\"])</script><script>self.__next_f.push([1,\"f:[\\\"$\\\",\\\"nav\\\",null,{\\\"id\\\":\\\"main-nav\\\",\\\"className\\\":\\\"sticky top-0 z-40 bg-background w-full\\\",\\\"children\\\":[\\\"$\\\",\\\"div\\\",null,{\\\"className\\\":\\\"mx-auto w-full px-6 py-3.5 lg:py-6 max-w-screen-4xl\\\",\\\"children\\\":[\\\"$\\\",\\\"div\\\",null,{\\\"className\\\":\\\"align-center relative flex flex-row justify-between text-sm md:text-base\\\",\\\"children\\\":[[\\\"$\\\",\\\"div\\\",null,{\\\"className\\\":\\\"flex flex-1 items-center gap-4\\\",\\\"children\\\":[[\\\"$\\\",\\\"$L27\\\",null,{\\\"href\\\":\\\"/\\\",\\\"children\\\":[\\\"$\\\",\\\"span\\\",null,{\\\"className\\\":\\\"flex items-center gap-2 text-base transform cursor-pointer font-medium duration-100 ease-in-out fill-current stroke-current\\\",\\\"children\\\":[[\\\"$\\\",\\\"svg\\\",null,{\\\"width\\\":\\\"100%\\\",\\\"height\\\":\\\"100%\\\",\\\"viewBox\\\":\\\"0 0 512 512\\\",\\\"xmlns\\\":\\\"http://www.w3.org/2000/svg\\\",\\\"className\\\":\\\"size-4\\\",\\\"fill\\\":\\\"currentColor\\\",\\\"stroke\\\":\\\"currentColor\\\",\\\"role\\\":\\\"img\\\",\\\"aria-label\\\":\\\"Logo\\\",\\\"children\\\":[[\\\"$\\\",\\\"path\\\",null,{\\\"d\\\":\\\"M3 248.945C18 248.945 76 236 106 219C136 202 136 202 198 158C276.497 102.293 332 120.945 423 120.945\\\",\\\"strokeWidth\\\":\\\"90\\\"}],[\\\"$\\\",\\\"path\\\",null,{\\\"d\\\":\\\"M511 121.5L357.25 210.268L357.25 32.7324L511 121.5Z\\\"}],[\\\"$\\\",\\\"path\\\",null,{\\\"d\\\":\\\"M0 249C15 249 73 261.945 103 278.945C133 295.945 133 295.945 195 339.945C273.497 395.652 329 377 420 377\\\",\\\"strokeWidth\\\":\\\"90\\\"}],[\\\"$\\\",\\\"path\\\",null,{\\\"d\\\":\\\"M508 376.445L354.25 287.678L354.25 465.213L508 376.445Z\\\"}]]}],\\\"OpenRouter\\\"]}]}],[[\\\"$\\\",\\\"div\\\",null,{\\\"className\\\":\\\"hidden md:flex h-9 w-[386px] items-center gap-2 rounded-md bg-slate-3 text-slate-11 opacity-60\\\",\\\"children\\\":[[\\\"$\\\",\\\"svg\\\",null,{\\\"xmlns\\\":\\\"http://www.w3.org/2000/svg\\\",\\\"viewBox\\\":\\\"0 0 24 24\\\",\\\"fill\\\":\\\"currentColor\\\",\\\"aria-hidden\\\":\\\"true\\\",\\\"data-slot\\\":\\\"icon\\\",\\\"ref\\\":\\\"$undefined\\\",\\\"aria-labelledby\\\":\\\"$undefined\\\",\\\"className\\\":\\\"ml-3 size-4 shrink-0 text-muted-foreground\\\",\\\"children\\\":[null,[\\\"$\\\",\\\"path\\\",null,{\\\"fillRule\\\":\\\"evenodd\\\",\\\"d\\\":\\\"M10.5 3.75a6.75 6.75 0 1 0 0 13.5 6.75 6.75 0 0 0 0-13.5ZM2.25 10.5a8.25 8.25 0 1 1 14.59 5.28l4.69 4.69a.75.75 0 1 1-1.06 1.06l-4.69-4.69A8.25 8.25 0 0 1 2.25 10.5Z\\\",\\\"clipRule\\\":\\\"evenodd\\\"}]]}],[\\\"$\\\",\\\"span\\\",null,{\\\"className\\\":\\\"flex-1 text-sm text-muted-foreground\\\",\\\"children\\\":\\\"Search\\\"}],[\\\"$\\\",\\\"kbd\\\",null,{\\\"className\\\":\\\"flex items-center justify-center aspect-square h-4 w-4 p-1 pointer-events-none rounded-sm bg-border text-xs text-muted-foreground mr-3.5\\\",\\\"children\\\":\\\"/\\\"}]]}],[\\\"$\\\",\\\"div\\\",null,{\\\"className\\\":\\\"md:hidden flex size-9 items-center justify-center opacity-60\\\",\\\"children\\\":[\\\"$\\\",\\\"svg\\\",null,{\\\"xmlns\\\":\\\"http://www.w3.org/2000/svg\\\",\\\"viewBox\\\":\\\"0 0 24 24\\\",\\\"fill\\\":\\\"currentColor\\\",\\\"aria-hidden\\\":\\\"true\\\",\\\"data-slot\\\":\\\"icon\\\",\\\"ref\\\":\\\"$undefined\\\",\\\"aria-labelledby\\\":\\\"$undefined\\\",\\\"className\\\":\\\"size-4 text-muted-foreground\\\",\\\"children\\\":[null,[\\\"$\\\",\\\"path\\\",null,{\\\"fillRule\\\":\\\"evenodd\\\",\\\"d\\\":\\\"M10.5 3.75a6.75 6.75 0 1 0 0 13.5 6.75 6.75 0 0 0 0-13.5ZM2.25 10.5a8.25 8.25 0 1 1 14.59 5.28l4.69 4.69a.75.75 0 1 1-1.06 1.06l-4.69-4.69A8.25 8.25 0 0 1 2.25 10.5Z\\\",\\\"clipRule\\\":\\\"evenodd\\\"}]]}]}]]]}],[\\\"$\\\",\\\"div\\\",null,{\\\"className\\\":\\\"hidden lg:flex lg:gap-1 text-sm items-center\\\",\\\"children\\\":[[\\\"$\\\",\\\"$L27\\\",null,{\\\"href\\\":\\\"/models\\\",\\\"children\\\":\\\"Models\\\"}],[\\\"$\\\",\\\"$L27\\\",null,{\\\"href\\\":\\\"/chat\\\",\\\"children\\\":\\\"Chat\\\"}],[\\\"$\\\",\\\"$L27\\\",null,{\\\"href\\\":\\\"/rankings\\\",\\\"children\\\":\\\"Rankings\\\"}],[\\\"$\\\",\\\"$L27\\\",null,{\\\"href\\\":\\\"/apps\\\",\\\"children\\\":\\\"Apps\\\"}],[[\\\"$\\\",\\\"$L27\\\",null,{\\\"href\\\":\\\"/enterprise\\\",\\\"children\\\":\\\"Enterprise\\\"}],[\\\"$\\\",\\\"$L27\\\",null,{\\\"href\\\":\\\"/pricing\\\",\\\"children\\\":\\\"Pricing\\\"}]],[\\\"$\\\",\\\"$L27\\\",null,{\\\"href\\\":\\\"/docs/quickstart\\\",\\\"children\\\":\\\"Docs\\\"}],[\\\"$\\\",\\\"div\\\",null,{\\\"className\\\":\\\"flex w-24 justify-end\\\",\\\"children\\\":[\\\"$\\\",\\\"div\\\",null,{\\\"className\\\":\\\"animate-pulse bg-muted h-9 w-full rounded-full\\\"}]}]]}],[\\\"$\\\",\\\"div\\\",null,{\\\"className\\\":\\\"lg:hidden flex flex-1 justify-end gap-1\\\",\\\"children\\\":[\\\"$\\\",\\\"div\\\",null,{\\\"className\\\":\\\"flex w-24 justify-end\\\",\\\"children\\\":[[\\\"$\\\",\\\"div\\\",null,{\\\"className\\\":\\\"animate-pulse rounded-md bg-muted h-9 flex-1 rounded-l-full\\\"}],[\\\"$\\\",\\\"div\\\",null,{\\\"className\\\":\\\"animate-pulse rounded-md bg-muted h-9 w-10 rounded-r-full\\\"}]]}]}]]}]}]}]\\n\"])</script><script>self.__next_f.push([1,\"10:[\\\"$\\\",\\\"$L28\\\",null,{\\\"initialIsSignedIn\\\":false,\\\"initialIsAdmin\\\":false,\\\"initialUserImageUrl\\\":\\\"$undefined\\\",\\\"initialUserName\\\":\\\"$undefined\\\"}]\\n24:[[\\\"$\\\",\\\"meta\\\",\\\"0\\\",{\\\"charSet\\\":\\\"utf-8\\\"}],[\\\"$\\\",\\\"meta\\\",\\\"1\\\",{\\\"name\\\":\\\"viewport\\\",\\\"content\\\":\\\"width=device-width, initial-scale=1, minimum-scale=1\\\"}],[\\\"$\\\",\\\"meta\\\",\\\"2\\\",{\\\"name\\\":\\\"theme-color\\\",\\\"media\\\":\\\"(prefers-color-scheme: light)\\\",\\\"content\\\":\\\"rgb(255, 255, 255)\\\"}],[\\\"$\\\",\\\"meta\\\",\\\"3\\\",{\\\"name\\\":\\\"theme-color\\\",\\\"media\\\":\\\"(prefers-color-scheme: dark)\\\",\\\"content\\\":\\\"rgb(9, 10, 11)\\\"}]]\\n21:null\\n22:null\\n\"])</script><script>self.__next_f.push([1,\"26:[[\\\"$\\\",\\\"title\\\",\\\"0\\\",{\\\"children\\\":\\\"Not Found | OpenRouter\\\"}],[\\\"$\\\",\\\"meta\\\",\\\"1\\\",{\\\"name\\\":\\\"description\\\",\\\"content\\\":\\\"The page you are looking for does not exist\\\"}],[\\\"$\\\",\\\"link\\\",\\\"2\\\",{\\\"rel\\\":\\\"manifest\\\",\\\"href\\\":\\\"/manifest.webmanifest\\\",\\\"crossOrigin\\\":\\\"$undefined\\\"}],[\\\"$\\\",\\\"meta\\\",\\\"3\\\",{\\\"name\\\":\\\"openrouter:commit-sha\\\",\\\"content\\\":\\\"20b0d44554f8066370e22e60c99dd6436acd860c\\\"}],[\\\"$\\\",\\\"meta\\\",\\\"4\\\",{\\\"property\\\":\\\"og:title\\\",\\\"content\\\":\\\"Not Found | OpenRouter\\\"}],[\\\"$\\\",\\\"meta\\\",\\\"5\\\",{\\\"property\\\":\\\"og:description\\\",\\\"content\\\":\\\"The page you are looking for does not exist\\\"}],[\\\"$\\\",\\\"meta\\\",\\\"6\\\",{\\\"property\\\":\\\"og:url\\\",\\\"content\\\":\\\"https://openrouter.ai\\\"}],[\\\"$\\\",\\\"meta\\\",\\\"7\\\",{\\\"property\\\":\\\"og:site_name\\\",\\\"content\\\":\\\"OpenRouter\\\"}],[\\\"$\\\",\\\"meta\\\",\\\"8\\\",{\\\"property\\\":\\\"og:image\\\",\\\"content\\\":\\\"https://openrouter.ai/dynamic-og?pathname=not-found\\u0026title=Not+Found\\u0026description=The+page+you+are+looking+for+does+not+exist\\\"}],[\\\"$\\\",\\\"meta\\\",\\\"9\\\",{\\\"name\\\":\\\"twitter:card\\\",\\\"content\\\":\\\"summary_large_image\\\"}],[\\\"$\\\",\\\"meta\\\",\\\"10\\\",{\\\"name\\\":\\\"twitter:site\\\",\\\"content\\\":\\\"@openrouter\\\"}],[\\\"$\\\",\\\"meta\\\",\\\"11\\\",{\\\"name\\\":\\\"twitter:title\\\",\\\"content\\\":\\\"Not Found | OpenRouter\\\"}],[\\\"$\\\",\\\"meta\\\",\\\"12\\\",{\\\"name\\\":\\\"twitter:description\\\",\\\"content\\\":\\\"The page you are looking for does not exist\\\"}],[\\\"$\\\",\\\"meta\\\",\\\"13\\\",{\\\"name\\\":\\\"twitter:image\\\",\\\"content\\\":\\\"https://openrouter.ai/dynamic-og?pathname=not-found\\u0026title=Not+Found\\u0026description=The+page+you+are+looking+for+does+not+exist\\\"}],[\\\"$\\\",\\\"link\\\",\\\"14\\\",{\\\"rel\\\":\\\"icon\\\",\\\"href\\\":\\\"/favicon.ico\\\",\\\"type\\\":\\\"image/x-icon\\\",\\\"sizes\\\":\\\"16x16\\\"}],[\\\"$\\\",\\\"link\\\",\\\"15\\\",{\\\"rel\\\":\\\"icon\\\",\\\"href\\\":\\\"/favicon.ico\\\"}],[\\\"$\\\",\\\"$L29\\\",\\\"16\\\",{}]]\\n\"])</script></body></html>","timestamp":"2026-03-07T11:01:51.438Z"}
{"context":"StrategyClassifier","level":"info","message":"Classification complete: 0/2 succeeded","timestamp":"2026-03-07T11:01:51.440Z"}
{"context":"AnalysisService","level":"info","message":"  Classified 0 strategies","timestamp":"2026-03-07T11:01:51.440Z"}
{"context":"AnalysisService","level":"info","message":"=== Stage: Pricing Extraction ===","timestamp":"2026-03-07T11:01:51.440Z"}
{"context":"queries","level":"debug","message":"Upserted analysis id=1 for competitor=11","timestamp":"2026-03-07T11:01:51.481Z"}
{"context":"queries","level":"debug","message":"Upserted analysis id=2 for competitor=4","timestamp":"2026-03-07T11:01:51.482Z"}
{"context":"AnalysisService","level":"info","message":"=== Stage: Alert Detection ===","timestamp":"2026-03-07T11:01:51.483Z"}
{"context":"AlertDetector","level":"info","message":"Detecting alerts for 2 competitors...","timestamp":"2026-03-07T11:01:51.487Z"}
{"context":"AlertDetector","level":"info","message":"Detected 0 alerts: 0 critical, 0 warning, 0 info","timestamp":"2026-03-07T11:01:51.488Z"}
{"context":"AnalysisService","level":"info","message":"  Generated 0 alerts","timestamp":"2026-03-07T11:01:51.488Z"}
{"context":"AnalysisService","level":"info","message":"=== Stage: Recommendations ===","timestamp":"2026-03-07T11:01:51.489Z"}
{"context":"AnalysisService","level":"info","message":"  No customer competitor configured, skipping recommendations","timestamp":"2026-03-07T11:01:51.490Z"}
{"alertsGenerated":0,"competitorsAnalyzed":2,"context":"AnalysisService","errors":[],"healthScoresCalculated":2,"level":"info","message":"AnalysisService.run complete","recommendationsGenerated":0,"strategiesClassified":0,"timestamp":"2026-03-07T11:01:51.490Z"}
{"context":"PipelineAPI","level":"info","message":"Pipeline run_1772881292782: completed","timestamp":"2026-03-07T11:01:51.493Z"}
{"context":"API","level":"info","message":"GET /api/pipeline/runs","timestamp":"2026-03-07T11:01:53.118Z"}
{"context":"API","level":"info","message":"GET /api/pipeline/status/run_1772881292782","timestamp":"2026-03-07T11:01:54.132Z"}
{"context":"API","level":"info","message":"GET /api/pipeline/runs","timestamp":"2026-03-07T11:01:54.149Z"}
{"context":"API","level":"info","message":"GET /api/pipeline/runs","timestamp":"2026-03-07T11:01:58.122Z"}
{"context":"API","level":"info","message":"GET /api/pipeline/runs","timestamp":"2026-03-07T11:02:03.126Z"}
{"context":"API","level":"info","message":"GET /api/pipeline/runs","timestamp":"2026-03-07T11:02:08.123Z"}
{"context":"API","level":"info","message":"GET /api/pipeline/runs","timestamp":"2026-03-07T11:02:13.125Z"}
{"context":"API","level":"info","message":"GET /api/pipeline/runs","timestamp":"2026-03-07T11:02:18.136Z"}
{"context":"API","level":"info","message":"GET /api/pipeline/runs","timestamp":"2026-03-07T11:02:23.125Z"}
{"context":"API","level":"info","message":"GET /api/pipeline/runs","timestamp":"2026-03-07T11:02:28.126Z"}
{"context":"API","level":"info","message":"GET /api/pipeline/runs","timestamp":"2026-03-07T11:02:33.120Z"}
{"context":"API","level":"info","message":"GET /api/pipeline/runs","timestamp":"2026-03-07T11:03:06.124Z"}
{"context":"db","level":"debug","message":"New pool client connected","timestamp":"2026-03-07T11:03:06.224Z"}
{"context":"API","level":"info","message":"GET /api/pipeline/runs","timestamp":"2026-03-07T11:04:06.122Z"}
{"context":"db","level":"debug","message":"New pool client connected","timestamp":"2026-03-07T11:04:06.158Z"}
{"context":"API","level":"info","message":"GET /api/pipeline/runs","timestamp":"2026-03-07T11:05:06.137Z"}
{"context":"db","level":"debug","message":"New pool client connected","timestamp":"2026-03-07T11:05:06.176Z"}
{"context":"API","level":"info","message":"GET /api/pipeline/runs","timestamp":"2026-03-07T11:05:45.089Z"}
{"context":"db","level":"debug","message":"New pool client connected","timestamp":"2026-03-07T11:05:45.140Z"}
{"context":"API","level":"info","message":"POST /api/pipeline/run","timestamp":"2026-03-07T11:05:46.335Z"}
{"context":"PipelineAPI","level":"info","message":"Pipeline run_1772881546335: starting generate","timestamp":"2026-03-07T11:05:46.339Z"}
{"context":"API","level":"info","message":"GET /api/pipeline/runs","timestamp":"2026-03-07T11:05:46.340Z"}
{"context":"ChartGenerator","height":400,"level":"info","message":"ChartGenerator initialised","timestamp":"2026-03-07T11:05:47.303Z","width":700}
{"context":"ReportService","dryRun":false,"level":"info","message":"ReportService.run starting","timestamp":"2026-03-07T11:05:47.305Z"}
{"context":"queries","level":"debug","message":"Fetching all active competitors","timestamp":"2026-03-07T11:05:47.305Z"}
{"context":"db","level":"debug","message":"New pool client connected","timestamp":"2026-03-07T11:05:47.397Z"}
{"context":"db","level":"debug","message":"New pool client connected","timestamp":"2026-03-07T11:05:47.403Z"}
{"context":"db","level":"debug","message":"New pool client connected","timestamp":"2026-03-07T11:05:47.409Z"}
{"context":"ReportService","count":2,"level":"info","message":"Running Apify aggregation for social media intel","timestamp":"2026-03-07T11:05:47.415Z"}
{"context":"CompetitorAggregator","level":"info","message":"Aggregating data for 2 competitor(s)…","timestamp":"2026-03-07T11:05:47.416Z"}
{"context":"FacebookPostsScraper","level":"info","message":"Starting Facebook posts scrape for 2 competitor(s)","timestamp":"2026-03-07T11:05:47.416Z"}
{"context":"FacebookPostsScraper","level":"info","message":"Scraping Facebook posts for \"Kaldan Samudhra Palace \"","timestamp":"2026-03-07T11:05:47.416Z","url":"https://www.facebook.com/kaldansamudhra/"}
{"context":"ApifyService","inputKeys":["startUrls","maxPosts","maxPostComments","maxReviews","scrapeAbout","scrapeReviews","scrapeServices"],"level":"info","message":"Running actor \"apify~facebook-posts-scraper\"","timeout":300,"timestamp":"2026-03-07T11:05:47.417Z"}
{"context":"FacebookPostsScraper","level":"info","message":"Scraping Facebook posts for \"Oberoi Hotels\"","timestamp":"2026-03-07T11:05:47.418Z","url":"https://www.facebook.com/OberoiHotels/"}
{"context":"ApifyService","inputKeys":["startUrls","maxPosts","maxPostComments","maxReviews","scrapeAbout","scrapeReviews","scrapeServices"],"level":"info","message":"Running actor \"apify~facebook-posts-scraper\"","timeout":300,"timestamp":"2026-03-07T11:05:47.419Z"}
{"context":"MetaAdsScraper","level":"info","message":"Starting Meta Ads scrape for 2 competitor(s)","timestamp":"2026-03-07T11:05:47.419Z"}
{"context":"MetaAdsScraper","level":"info","message":"Scraping Meta Ads for \"Kaldan Samudhra Palace \"","timestamp":"2026-03-07T11:05:47.420Z","url":"https://www.facebook.com/kaldansamudhra/"}
{"context":"ApifyService","inputKeys":["startUrls","country","adType","includeInactive"],"level":"info","message":"Running actor \"leadsbrary~meta-ads-library-scraper\"","timeout":300,"timestamp":"2026-03-07T11:05:47.420Z"}
{"context":"MetaAdsScraper","level":"info","message":"Scraping Meta Ads for \"Oberoi Hotels\"","timestamp":"2026-03-07T11:05:47.423Z","url":"https://www.facebook.com/OberoiHotels/"}
{"context":"ApifyService","inputKeys":["startUrls","country","adType","includeInactive"],"level":"info","message":"Running actor \"leadsbrary~meta-ads-library-scraper\"","timeout":300,"timestamp":"2026-03-07T11:05:47.423Z"}
{"context":"API","level":"info","message":"GET /api/pipeline/runs","timestamp":"2026-03-07T11:05:48.022Z"}
{"context":"FacebookPostsScraper","error":"[ApifyService] Actor \"apify~facebook-posts-scraper\" returned HTTP 402: By launching this job you will exceed the memory limit of 8192MB for all your Actor runs and builds (currently used: 8192MB, requested: 4096MB). Please consider an upgrade to a paid plan at https://console.apify.com/billing/subscription to increase your Actor memory limit.","level":"error","message":"Failed to scrape Facebook posts for \"Oberoi Hotels\"","timestamp":"2026-03-07T11:05:48.428Z"}
{"context":"FacebookPostsScraper","error":"[ApifyService] Actor \"apify~facebook-posts-scraper\" returned HTTP 402: By launching this job you will exceed the memory limit of 8192MB for all your Actor runs and builds (currently used: 8192MB, requested: 4096MB). Please consider an upgrade to a paid plan at https://console.apify.com/billing/subscription to increase your Actor memory limit.","level":"error","message":"Failed to scrape Facebook posts for \"Kaldan Samudhra Palace \"","timestamp":"2026-03-07T11:05:48.430Z"}
{"context":"API","level":"info","message":"GET /api/pipeline/status/run_1772881546335","timestamp":"2026-03-07T11:05:49.362Z"}
{"context":"ApifyService","itemCount":0,"level":"info","message":"Actor \"leadsbrary~meta-ads-library-scraper\" completed","timestamp":"2026-03-07T11:05:51.816Z"}
{"context":"MetaAdsScraper","level":"info","message":"✓ Kaldan Samudhra Palace : fetched 0 ad(s)","timestamp":"2026-03-07T11:05:51.817Z"}
{"context":"ApifyService","itemCount":10,"level":"info","message":"Actor \"leadsbrary~meta-ads-library-scraper\" completed","timestamp":"2026-03-07T11:05:52.331Z"}
{"context":"MetaAdsScraper","level":"info","message":"✓ Oberoi Hotels: fetched 10 ad(s)","timestamp":"2026-03-07T11:05:52.332Z"}
{"context":"MetaAdsScraper","level":"info","message":"Meta Ads scrape complete: 2/2 succeeded, 10 total ads collected","timestamp":"2026-03-07T11:05:52.334Z"}
{"context":"CompetitorAggregator","level":"info","message":"Aggregation complete in 4.9s for 2 competitor(s)","timestamp":"2026-03-07T11:05:52.336Z"}
{"context":"ReportService","level":"info","message":"Apify social media intel attached to report data","timestamp":"2026-03-07T11:05:52.338Z"}
{"context":"ChartGenerator","height":400,"level":"info","message":"ChartGenerator initialised","timestamp":"2026-03-07T11:05:52.339Z","width":700}
{"context":"PDFGenerator","level":"info","message":"Starting PDF generation","timestamp":"2026-03-07T11:05:52.339Z"}
{"context":"PDFGenerator","level":"info","message":"Building HTML report","timestamp":"2026-03-07T11:05:52.340Z"}
{"context":"PDFGenerator","dir":"C:\\dev-autonoetic edge\\Competitor analysis\\.claude\\worktrees\\wonderful-maxwell\\src\\reports\\templates","level":"info","message":"Loading Handlebars templates from","timestamp":"2026-03-07T11:05:52.341Z"}
{"context":"ChartGenerator","level":"info","message":"Generating all charts","timestamp":"2026-03-07T11:05:52.359Z"}
{"context":"ChartGenerator","entries":2,"level":"info","message":"Generating Share of Voice pie chart","timestamp":"2026-03-07T11:05:52.360Z"}
{"context":"API","level":"info","message":"GET /api/pipeline/status/run_1772881546335","timestamp":"2026-03-07T11:05:54.532Z"}
{"context":"API","level":"info","message":"GET /api/pipeline/runs","timestamp":"2026-03-07T11:05:54.534Z"}
{"context":"ChartGenerator","level":"info","message":"Chart generated: shareOfVoicePie","timestamp":"2026-03-07T11:05:54.545Z"}
{"context":"ChartGenerator","entries":2,"level":"info","message":"Generating Health Score bar chart","timestamp":"2026-03-07T11:05:54.545Z"}
{"context":"ChartGenerator","level":"info","message":"Chart generated: healthScoreBars","timestamp":"2026-03-07T11:05:55.117Z"}
{"context":"ChartGenerator","entries":2,"level":"info","message":"Generating posting frequency chart","timestamp":"2026-03-07T11:05:55.118Z"}
{"context":"ChartGenerator","level":"info","message":"Chart generated: postingFrequency","timestamp":"2026-03-07T11:05:55.146Z"}
{"context":"ChartGenerator","level":"info","message":"All charts generated: 3 total","timestamp":"2026-03-07T11:05:55.146Z"}
{"context":"PDFGenerator","length":89779,"level":"info","message":"HTML report assembled","timestamp":"2026-03-07T11:05:55.285Z"}
{"context":"PDFGenerator","htmlPath":"C:\\dev-autonoetic edge\\Competitor analysis\\.claude\\worktrees\\wonderful-maxwell\\data\\exports\\competitor-intel-2026-03-07.html","level":"info","message":"HTML dashboard saved","timestamp":"2026-03-07T11:05:55.287Z"}
{"context":"API","level":"info","message":"GET /api/pipeline/status/run_1772881546335","timestamp":"2026-03-07T11:05:56.121Z"}
{"context":"API","level":"info","message":"GET /api/pipeline/runs","timestamp":"2026-03-07T11:05:58.119Z"}
{"context":"API","level":"info","message":"GET /api/pipeline/status/run_1772881546335","timestamp":"2026-03-07T11:05:59.120Z"}
{"context":"PDFGenerator","level":"info","message":"PDF generated successfully","pages":"auto","pdfPath":"C:\\dev-autonoetic edge\\Competitor analysis\\.claude\\worktrees\\wonderful-maxwell\\data\\exports\\competitor-intel-2026-03-07.pdf","timestamp":"2026-03-07T11:05:59.876Z"}
{"context":"queries","level":"info","message":"Inserted report id=1 title=Competitor Intelligence Report — 2026-03-07","timestamp":"2026-03-07T11:06:00.360Z"}
{"context":"ReportService","level":"info","message":"ReportService.run complete","pdfPath":"C:\\dev-autonoetic edge\\Competitor analysis\\.claude\\worktrees\\wonderful-maxwell\\data\\exports\\competitor-intel-2026-03-07.pdf","timestamp":"2026-03-07T11:06:00.361Z"}
{"context":"PipelineAPI","level":"info","message":"Pipeline run_1772881546335: completed","timestamp":"2026-03-07T11:06:00.390Z"}
{"context":"API","level":"info","message":"GET /api/pipeline/status/run_1772881546335","timestamp":"2026-03-07T11:06:02.124Z"}
{"context":"API","level":"info","message":"GET /api/pipeline/runs","timestamp":"2026-03-07T11:06:02.136Z"}
{"context":"API","level":"info","message":"GET /api/pipeline/runs","timestamp":"2026-03-07T11:06:03.120Z"}
{"context":"API","level":"info","message":"GET /api/pipeline/runs","timestamp":"2026-03-07T11:06:08.127Z"}
{"context":"API","level":"info","message":"GET /api/pipeline/runs","timestamp":"2026-03-07T11:06:13.116Z"}
{"context":"API","level":"info","message":"GET /api/pipeline/runs","timestamp":"2026-03-07T11:06:18.124Z"}
{"context":"API","level":"info","message":"GET /api/pipeline/runs","timestamp":"2026-03-07T11:06:23.019Z"}
{"context":"API","level":"info","message":"GET /api/pipeline/runs","timestamp":"2026-03-07T11:06:28.021Z"}
{"context":"API","level":"info","message":"GET /api/pipeline/runs","timestamp":"2026-03-07T11:06:33.017Z"}
{"context":"API","level":"info","message":"GET /api/reports","timestamp":"2026-03-07T11:06:33.235Z"}
{"context":"API","level":"info","message":"GET /api/reports","timestamp":"2026-03-07T11:06:33.288Z"}
{"context":"API","level":"info","message":"GET /api/reports","timestamp":"2026-03-07T11:07:32.013Z"}
{"context":"db","level":"debug","message":"New pool client connected","timestamp":"2026-03-07T11:07:32.061Z"}
{"context":"API","level":"info","message":"GET /api/reports/d3e286ba-1559-40e2-aa56-722bbdcb65c6/view","timestamp":"2026-03-07T11:13:03.550Z"}
{"context":"db","level":"debug","message":"New pool client connected","timestamp":"2026-03-07T11:13:05.848Z"}
{"context":"API","level":"info","message":"GET /api/reports/d3e286ba-1559-40e2-aa56-722bbdcb65c6/pdf","timestamp":"2026-03-07T11:13:13.177Z"}
{"context":"routes:reports","level":"info","message":"Rendering PDF: \"Competitor Intelligence Report — 2026-03-07\"...","timestamp":"2026-03-07T11:13:17.836Z"}
{"context":"API","level":"info","message":"GET /api/reports/d3e286ba-1559-40e2-aa56-722bbdcb65c6/view","timestamp":"2026-03-07T11:14:08.057Z"}
{"context":"error-handler","level":"error","message":"GET /api/reports/d3e286ba-1559-40e2-aa56-722bbdcb65c6/pdf — Navigation timeout of 45000 ms exceeded","stack":"TimeoutError: Navigation timeout of 45000 ms exceeded\n    at new Deferred (C:\\dev-autonoetic edge\\Competitor analysis\\.claude\\worktrees\\wonderful-maxwell\\node_modules\\puppeteer-core\\src\\util\\Deferred.ts:74:28)\n    at Function.create (C:\\dev-autonoetic edge\\Competitor analysis\\.claude\\worktrees\\wonderful-maxwell\\node_modules\\puppeteer-core\\src\\util\\Deferred.ts:29:12)\n    at new LifecycleWatcher (C:\\dev-autonoetic edge\\Competitor analysis\\.claude\\worktrees\\wonderful-maxwell\\node_modules\\puppeteer-core\\src\\cdp\\LifecycleWatcher.ts:152:42)\n    at CdpFrame.setContent (C:\\dev-autonoetic edge\\Competitor analysis\\.claude\\worktrees\\wonderful-maxwell\\node_modules\\puppeteer-core\\src\\cdp\\Frame.ts:290:21)\n    at async CdpPage.setContent (C:\\dev-autonoetic edge\\Competitor analysis\\.claude\\worktrees\\wonderful-maxwell\\node_modules\\puppeteer-core\\src\\api\\Page.ts:1766:5)\n    at async htmlToPdfBuffer (C:\\dev-autonoetic edge\\Competitor analysis\\.claude\\worktrees\\wonderful-maxwell\\src\\services\\pdfService.ts:56:9)\n    at async <anonymous> (C:\\dev-autonoetic edge\\Competitor analysis\\.claude\\worktrees\\wonderful-maxwell\\src\\api\\routes\\reports.ts:90:21)","timestamp":"2026-03-07T11:14:10.417Z"}
{"context":"error-handler","level":"error","message":"GET /api/reports/d3e286ba-1559-40e2-aa56-722bbdcb65c6/view — Navigation timeout of 45000 ms exceeded","stack":"TimeoutError: Navigation timeout of 45000 ms exceeded\n    at new Deferred (C:\\dev-autonoetic edge\\Competitor analysis\\.claude\\worktrees\\wonderful-maxwell\\node_modules\\puppeteer-core\\src\\util\\Deferred.ts:74:28)\n    at Function.create (C:\\dev-autonoetic edge\\Competitor analysis\\.claude\\worktrees\\wonderful-maxwell\\node_modules\\puppeteer-core\\src\\util\\Deferred.ts:29:12)\n    at new LifecycleWatcher (C:\\dev-autonoetic edge\\Competitor analysis\\.claude\\worktrees\\wonderful-maxwell\\node_modules\\puppeteer-core\\src\\cdp\\LifecycleWatcher.ts:152:42)\n    at CdpFrame.setContent (C:\\dev-autonoetic edge\\Competitor analysis\\.claude\\worktrees\\wonderful-maxwell\\node_modules\\puppeteer-core\\src\\cdp\\Frame.ts:290:21)\n    at async CdpPage.setContent (C:\\dev-autonoetic edge\\Competitor analysis\\.claude\\worktrees\\wonderful-maxwell\\node_modules\\puppeteer-core\\src\\api\\Page.ts:1766:5)\n    at async htmlToPdfBuffer (C:\\dev-autonoetic edge\\Competitor analysis\\.claude\\worktrees\\wonderful-maxwell\\src\\services\\pdfService.ts:56:9)\n    at async <anonymous> (C:\\dev-autonoetic edge\\Competitor analysis\\.claude\\worktrees\\wonderful-maxwell\\src\\api\\routes\\reports.ts:118:21)","timestamp":"2026-03-07T11:14:10.752Z"}
{"context":"db","level":"debug","message":"New pool client connected","timestamp":"2026-03-07T11:14:11.011Z"}
{"context":"API","level":"info","message":"GET /.well-known/appspecific/com.chrome.devtools.json","timestamp":"2026-03-07T11:14:11.032Z"}
{"context":"API","level":"info","message":"GET /favicon.ico","timestamp":"2026-03-07T11:14:16.264Z"}
{"context":"error-handler","level":"error","message":"GET /api/reports/d3e286ba-1559-40e2-aa56-722bbdcb65c6/view — Navigation timeout of 45000 ms exceeded","stack":"TimeoutError: Navigation timeout of 45000 ms exceeded\n    at new Deferred (C:\\dev-autonoetic edge\\Competitor analysis\\.claude\\worktrees\\wonderful-maxwell\\node_modules\\puppeteer-core\\src\\util\\Deferred.ts:74:28)\n    at Function.create (C:\\dev-autonoetic edge\\Competitor analysis\\.claude\\worktrees\\wonderful-maxwell\\node_modules\\puppeteer-core\\src\\util\\Deferred.ts:29:12)\n    at new LifecycleWatcher (C:\\dev-autonoetic edge\\Competitor analysis\\.claude\\worktrees\\wonderful-maxwell\\node_modules\\puppeteer-core\\src\\cdp\\LifecycleWatcher.ts:152:42)\n    at CdpFrame.setContent (C:\\dev-autonoetic edge\\Competitor analysis\\.claude\\worktrees\\wonderful-maxwell\\node_modules\\puppeteer-core\\src\\cdp\\Frame.ts:290:21)\n    at async CdpPage.setContent (C:\\dev-autonoetic edge\\Competitor analysis\\.claude\\worktrees\\wonderful-maxwell\\node_modules\\puppeteer-core\\src\\api\\Page.ts:1766:5)\n    at async htmlToPdfBuffer (C:\\dev-autonoetic edge\\Competitor analysis\\.claude\\worktrees\\wonderful-maxwell\\src\\services\\pdfService.ts:56:9)\n    at async <anonymous> (C:\\dev-autonoetic edge\\Competitor analysis\\.claude\\worktrees\\wonderful-maxwell\\src\\api\\routes\\reports.ts:118:21)","timestamp":"2026-03-07T11:14:56.867Z"}
{"context":"API","level":"info","message":"GET /api/reports","timestamp":"2026-03-07T11:16:48.747Z"}
{"context":"db","level":"debug","message":"New pool client connected","timestamp":"2026-03-07T11:16:48.834Z"}
{"context":"API","level":"info","message":"GET /api/reports/d3e286ba-1559-40e2-aa56-722bbdcb65c6/pdf","timestamp":"2026-03-07T11:16:52.016Z"}
{"context":"routes:reports","level":"info","message":"Rendering PDF: \"Competitor Intelligence Report — 2026-03-07\"...","timestamp":"2026-03-07T11:16:52.018Z"}
{"context":"routes:reports","level":"info","message":"  ✓ 2.6s | 29KB","timestamp":"2026-03-07T11:16:54.575Z"}
{"context":"API","level":"info","message":"GET /api/reports/d3e286ba-1559-40e2-aa56-722bbdcb65c6/view","timestamp":"2026-03-07T11:17:08.412Z"}
